dataset_filter,feature_set,model_type,hyperparameters,feature_count,train_accuracy,validation_accuracy,validation_roc_auc,validation_log_loss,validation_brier_score,test_accuracy,test_roc_auc,test_log_loss,test_brier_score
regular_season_only,regular_all_home_away_diff,LogisticRegression,"{'penalty': 'l1', 'C': 0.1, 'solver': 'liblinear', 'class_weight': 'None'}",196,0.6701,0.6343,0.6872,0.632,0.2208,0.6127,0.6509,0.6632,0.2336
regular_season_only,regular_all_home_away_diff,LogisticRegression,"{'penalty': 'l2', 'C': 0.001, 'solver': 'lbfgs', 'class_weight': 'None'}",196,0.6687,0.6397,0.6861,0.6323,0.2209,0.6516,0.6965,0.6265,0.2184
regular_season_only,regular_all_home_away_diff,LogisticRegression,"{'penalty': 'l2', 'C': 0.01, 'solver': 'lbfgs', 'class_weight': 'None'}",196,0.6703,0.6379,0.6864,0.6324,0.221,0.6139,0.6608,0.6515,0.2295
regular_season_only,regular_plus_playoff_context,RandomForest,"{'n_estimators': 300, 'max_depth': 8}",70,0.7212,0.642,0.6849,0.6325,0.2211,0.6463,0.695,0.6327,0.2211
regular_season_only,regular_core_home_away_diff,RandomForest,"{'n_estimators': 300, 'max_depth': 8}",49,0.7213,0.6429,0.6837,0.6329,0.2212,0.6479,0.6941,0.6315,0.2206
regular_season_only,regular_all_home_away_diff,RandomForest,"{'n_estimators': 300, 'max_depth': 8}",196,0.7283,0.6373,0.6842,0.633,0.2213,0.6512,0.6987,0.6282,0.2191
all_games,regular_all_home_away_diff,LogisticRegression,"{'penalty': 'l1', 'C': 0.1, 'solver': 'liblinear', 'class_weight': 'None'}",196,0.6703,0.6382,0.686,0.6334,0.2213,0.6137,0.6492,0.6636,0.2337
all_games,regular_plus_playoff_context,RandomForest,"{'n_estimators': 300, 'max_depth': 8}",70,0.7173,0.6431,0.6846,0.6334,0.2215,0.649,0.6915,0.6321,0.2208
all_games,regular_all_home_away_diff,LogisticRegression,"{'penalty': 'l2', 'C': 0.01, 'solver': 'lbfgs', 'class_weight': 'None'}",196,0.6708,0.6395,0.6852,0.6336,0.2215,0.6121,0.6566,0.6536,0.2304
all_games,regular_core_home_away_diff,RandomForest,"{'n_estimators': 300, 'max_depth': 8}",49,0.7181,0.6379,0.6836,0.6338,0.2217,0.6465,0.691,0.6326,0.2211
all_games,regular_all_home_away_diff,LogisticRegression,"{'penalty': 'l2', 'C': 0.001, 'solver': 'lbfgs', 'class_weight': 'None'}",196,0.6687,0.6393,0.6843,0.634,0.2216,0.6484,0.6925,0.6287,0.2194
regular_season_only,regular_all_home_away_diff,LogisticRegression,"{'penalty': 'l2', 'C': 0.1, 'solver': 'lbfgs', 'class_weight': 'None'}",196,0.6703,0.6334,0.6843,0.6344,0.2218,0.5906,0.6232,0.7233,0.2526
regular_season_only,percentile_core,LogisticRegression,"{'penalty': 'l1', 'C': 0.01, 'solver': 'liblinear', 'class_weight': 'None'}",51,0.6586,0.6352,0.6849,0.6345,0.2219,0.6446,0.6954,0.6314,0.2206
all_games,regular_all_home_away_diff,RandomForest,"{'n_estimators': 300, 'max_depth': 8}",196,0.7248,0.6412,0.6829,0.6346,0.222,0.6482,0.6929,0.6301,0.22
regular_season_only,percentile_core,LogisticRegression,"{'penalty': 'l2', 'C': 0.001, 'solver': 'lbfgs', 'class_weight': 'None'}",51,0.6594,0.6367,0.6858,0.6349,0.222,0.6489,0.6977,0.6309,0.2204
regular_season_only,regular_all_home_away_diff,LogisticRegression,"{'penalty': 'l1', 'C': 0.01, 'solver': 'liblinear', 'class_weight': 'None'}",196,0.6662,0.6402,0.684,0.635,0.2219,0.6531,0.6988,0.627,0.2184
regular_season_only,regular_all_home_away_diff,LogisticRegression,"{'penalty': 'l1', 'C': 1, 'solver': 'liblinear', 'class_weight': 'None'}",196,0.6709,0.6343,0.6835,0.635,0.222,0.589,0.6219,0.729,0.254
all_games,regular_all_home_away_diff,LogisticRegression,"{'penalty': 'l2', 'C': 0.1, 'solver': 'lbfgs', 'class_weight': 'None'}",196,0.6706,0.6365,0.6837,0.6351,0.222,0.5908,0.6225,0.7221,0.2522
regular_season_only,percentile_core,RandomForest,"{'n_estimators': 300, 'max_depth': 8}",51,0.7167,0.6405,0.684,0.6353,0.2223,0.6366,0.6949,0.6311,0.2206
regular_season_only,percentile_core,LogisticRegression,"{'penalty': 'l1', 'C': 0.1, 'solver': 'liblinear', 'class_weight': 'None'}",51,0.6591,0.6379,0.6856,0.6353,0.2221,0.6467,0.6965,0.6321,0.2209
regular_season_only,percentile_core,LogisticRegression,"{'penalty': 'l2', 'C': 0.01, 'solver': 'lbfgs', 'class_weight': 'None'}",51,0.6591,0.6385,0.6857,0.6354,0.2221,0.6465,0.6969,0.6319,0.2208
regular_season_only,percentile_core,LogisticRegression,"{'penalty': 'l2', 'C': 0.1, 'solver': 'lbfgs', 'class_weight': 'None'}",51,0.6598,0.6397,0.6858,0.6354,0.2221,0.6471,0.6966,0.6322,0.2209
regular_season_only,percentile_core,LogisticRegression,"{'penalty': 'l2', 'C': 100, 'solver': 'lbfgs', 'class_weight': 'None'}",51,0.6597,0.6397,0.6856,0.6355,0.2222,0.6473,0.6966,0.6322,0.2209
regular_season_only,percentile_core,LogisticRegression,"{'penalty': 'l1', 'C': 1, 'solver': 'liblinear', 'class_weight': 'None'}",51,0.6595,0.6397,0.6856,0.6355,0.2222,0.6469,0.6965,0.6322,0.2209
regular_season_only,percentile_core,LogisticRegression,"{'penalty': 'l2', 'C': 1, 'solver': 'lbfgs', 'class_weight': 'None'}",51,0.6598,0.6391,0.6857,0.6355,0.2222,0.6471,0.6964,0.6322,0.2209
regular_season_only,percentile_core,LogisticRegression,"{'penalty': 'l2', 'C': 10, 'solver': 'lbfgs', 'class_weight': 'None'}",51,0.6598,0.6397,0.6856,0.6356,0.2222,0.6469,0.6965,0.6323,0.2209
all_games,regular_all_home_away_diff,LogisticRegression,"{'penalty': 'l1', 'C': 1, 'solver': 'liblinear', 'class_weight': 'None'}",196,0.6708,0.6362,0.6831,0.6356,0.2222,0.5889,0.6203,0.7303,0.2542
regular_season_only,percentile_core,LogisticRegression,"{'penalty': 'l1', 'C': 10, 'solver': 'liblinear', 'class_weight': 'None'}",51,0.6596,0.6397,0.6856,0.6356,0.2222,0.6467,0.6963,0.6323,0.2209
regular_season_only,era_adjusted_core,RandomForest,"{'n_estimators': 300, 'max_depth': 8}",66,0.7206,0.6432,0.684,0.6358,0.2224,0.6469,0.6984,0.6285,0.2193
regular_season_only,regular_all_home_away_diff,LogisticRegression,"{'penalty': 'l2', 'C': 1, 'solver': 'lbfgs', 'class_weight': 'None'}",196,0.6711,0.6328,0.6828,0.6362,0.2223,0.5876,0.615,0.7577,0.2605
all_games,regular_all_home_away_diff,HistGradientBoosting,"{'max_iter': 300, 'learning_rate': 0.05}",196,0.7058,0.6401,0.6792,0.6363,0.2227,0.6449,0.6899,0.6308,0.2203
all_games,percentile_core,LogisticRegression,"{'penalty': 'l1', 'C': 0.01, 'solver': 'liblinear', 'class_weight': 'None'}",51,0.6587,0.6354,0.6834,0.6365,0.2228,0.6438,0.691,0.634,0.2218
regular_season_only,regular_core_home_away_diff,LogisticRegression,"{'penalty': 'l1', 'C': 0.01, 'solver': 'liblinear', 'class_weight': 'None'}",49,0.6649,0.6414,0.6814,0.6367,0.2226,0.6444,0.6985,0.63,0.2196
all_games,regular_all_home_away_diff,LogisticRegression,"{'penalty': 'l2', 'C': 1, 'solver': 'lbfgs', 'class_weight': 'None'}",196,0.6711,0.6373,0.6824,0.6367,0.2225,0.5876,0.6152,0.7555,0.2599
regular_season_only,regular_plus_playoff_context,LogisticRegression,"{'penalty': 'l1', 'C': 0.01, 'solver': 'liblinear', 'class_weight': 'None'}",70,0.6649,0.6414,0.6814,0.6367,0.2226,0.6448,0.6985,0.63,0.2196
all_games,regular_all_home_away_diff,LogisticRegression,"{'penalty': 'l1', 'C': 0.01, 'solver': 'liblinear', 'class_weight': 'None'}",196,0.6668,0.6373,0.6824,0.6368,0.2227,0.6509,0.6952,0.6295,0.2195
regular_season_only,percentile_core,LogisticRegression,"{'penalty': 'l1', 'C': 0.001, 'solver': 'liblinear', 'class_weight': 'None'}",51,0.6559,0.6391,0.6806,0.637,0.223,0.6419,0.6854,0.6364,0.2228
all_games,percentile_core,RandomForest,"{'n_estimators': 300, 'max_depth': 8}",51,0.714,0.6382,0.683,0.637,0.223,0.6396,0.6907,0.6335,0.2216
all_games,percentile_core,LogisticRegression,"{'penalty': 'l2', 'C': 0.001, 'solver': 'lbfgs', 'class_weight': 'None'}",51,0.6598,0.6357,0.6838,0.6371,0.223,0.6467,0.6935,0.6335,0.2215
all_games,era_adjusted_core,RandomForest,"{'n_estimators': 300, 'max_depth': 8}",66,0.7184,0.639,0.6834,0.6372,0.223,0.6445,0.6944,0.6309,0.2203
regular_season_only,regular_all_home_away_diff,LogisticRegression,"{'penalty': 'l1', 'C': 10, 'solver': 'liblinear', 'class_weight': 'None'}",196,0.6714,0.6325,0.6823,0.6372,0.2226,0.5861,0.6137,0.7627,0.2617
regular_season_only,regular_all_home_away_diff,LogisticRegression,"{'penalty': 'l1', 'C': 0.001, 'solver': 'liblinear', 'class_weight': 'None'}",196,0.6642,0.6388,0.6809,0.6372,0.223,0.6494,0.6974,0.6299,0.2197
regular_season_only,regular_core_diff_only,RandomForest,"{'n_estimators': 300, 'max_depth': 8}",15,0.7077,0.6402,0.6813,0.6372,0.2231,0.65,0.6998,0.6287,0.2192
regular_season_only,regular_all_home_away_diff,HistGradientBoosting,"{'max_iter': 300, 'learning_rate': 0.05}",196,0.716,0.6394,0.6786,0.6372,0.223,0.6498,0.6936,0.63,0.22
regular_season_only,regular_plus_playoff_context,HistGradientBoosting,"{'max_iter': 300, 'learning_rate': 0.05}",70,0.7058,0.637,0.677,0.6373,0.2232,0.638,0.6855,0.6334,0.2215
regular_season_only,regular_core_home_away_diff,HistGradientBoosting,"{'max_iter': 300, 'learning_rate': 0.05}",49,0.7058,0.637,0.677,0.6373,0.2232,0.638,0.6855,0.6334,0.2215
regular_season_only,regular_all_home_away_diff,LogisticRegression,"{'penalty': 'l2', 'C': 10, 'solver': 'lbfgs', 'class_weight': 'None'}",196,0.6716,0.6319,0.6823,0.6374,0.2226,0.5863,0.6153,0.7598,0.261
regular_season_only,regular_core_home_away_diff,LogisticRegression,"{'penalty': 'l2', 'C': 0.001, 'solver': 'lbfgs', 'class_weight': 'None'}",49,0.6659,0.6346,0.6806,0.6374,0.223,0.6487,0.6996,0.6301,0.2196
regular_season_only,regular_plus_playoff_context,LogisticRegression,"{'penalty': 'l2', 'C': 0.001, 'solver': 'lbfgs', 'class_weight': 'None'}",70,0.6659,0.6346,0.6806,0.6374,0.223,0.6487,0.6996,0.6301,0.2196
all_games,percentile_core,LogisticRegression,"{'penalty': 'l1', 'C': 0.1, 'solver': 'liblinear', 'class_weight': 'None'}",51,0.6593,0.636,0.6837,0.6375,0.2231,0.6436,0.6921,0.6351,0.2221
all_games,percentile_core,LogisticRegression,"{'penalty': 'l1', 'C': 0.001, 'solver': 'liblinear', 'class_weight': 'None'}",51,0.6566,0.6382,0.6796,0.6376,0.2234,0.6401,0.6812,0.6379,0.2235
all_games,regular_all_home_away_diff,LogisticRegression,"{'penalty': 'l1', 'C': 10, 'solver': 'liblinear', 'class_weight': 'None'}",196,0.6713,0.6368,0.6819,0.6376,0.2227,0.5853,0.6124,0.7675,0.2627
regular_season_only,percentile_core,LogisticRegression,"{'penalty': 'l2', 'C': 0.001, 'solver': 'lbfgs', 'class_weight': 'balanced'}",51,0.644,0.6364,0.6857,0.6376,0.2234,0.6446,0.6975,0.6281,0.2192
regular_season_only,era_adjusted_diff_only,RandomForest,"{'n_estimators': 300, 'max_depth': 8}",17,0.7056,0.6435,0.6807,0.6376,0.2232,0.6467,0.6949,0.6311,0.2204
regular_season_only,percentile_core,LogisticRegression,"{'penalty': 'l2', 'C': 0.1, 'solver': 'lbfgs', 'class_weight': 'balanced'}",51,0.6439,0.6343,0.6857,0.6376,0.2233,0.6448,0.6963,0.6289,0.2196
all_games,regular_all_home_away_diff,LogisticRegression,"{'penalty': 'l2', 'C': 10, 'solver': 'lbfgs', 'class_weight': 'None'}",196,0.6713,0.6379,0.682,0.6377,0.2228,0.5858,0.6131,0.7624,0.2618
regular_season_only,percentile_core,LogisticRegression,"{'penalty': 'l2', 'C': 0.01, 'solver': 'lbfgs', 'class_weight': 'balanced'}",51,0.6436,0.6364,0.6855,0.6377,0.2234,0.6463,0.6967,0.6286,0.2195
all_games,percentile_core,LogisticRegression,"{'penalty': 'l1', 'C': 1, 'solver': 'liblinear', 'class_weight': 'None'}",51,0.6602,0.6362,0.6837,0.6377,0.2232,0.6444,0.6921,0.6351,0.2221
all_games,percentile_core,LogisticRegression,"{'penalty': 'l2', 'C': 0.01, 'solver': 'lbfgs', 'class_weight': 'None'}",51,0.6602,0.6362,0.6837,0.6377,0.2232,0.6442,0.6926,0.6347,0.222
all_games,percentile_core,LogisticRegression,"{'penalty': 'l2', 'C': 0.1, 'solver': 'lbfgs', 'class_weight': 'None'}",51,0.6602,0.6368,0.6838,0.6377,0.2232,0.6436,0.6921,0.6351,0.2221
regular_season_only,percentile_core,LogisticRegression,"{'penalty': 'l1', 'C': 1, 'solver': 'liblinear', 'class_weight': 'balanced'}",51,0.6437,0.6352,0.6855,0.6377,0.2234,0.6454,0.6963,0.6289,0.2196
regular_season_only,percentile_core,LogisticRegression,"{'penalty': 'l2', 'C': 1, 'solver': 'lbfgs', 'class_weight': 'balanced'}",51,0.6437,0.6343,0.6855,0.6377,0.2234,0.6457,0.6961,0.629,0.2197
all_games,percentile_core,LogisticRegression,"{'penalty': 'l2', 'C': 10, 'solver': 'lbfgs', 'class_weight': 'None'}",51,0.6603,0.6365,0.6836,0.6378,0.2232,0.6444,0.6921,0.6351,0.2221
all_games,percentile_core,LogisticRegression,"{'penalty': 'l1', 'C': 10, 'solver': 'liblinear', 'class_weight': 'None'}",51,0.6607,0.636,0.6837,0.6378,0.2232,0.6445,0.6919,0.6353,0.2222
all_games,percentile_core,LogisticRegression,"{'penalty': 'l2', 'C': 100, 'solver': 'lbfgs', 'class_weight': 'None'}",51,0.6604,0.6365,0.6836,0.6378,0.2232,0.6442,0.6921,0.6352,0.2221
regular_season_only,percentile_core,LogisticRegression,"{'penalty': 'l2', 'C': 10, 'solver': 'lbfgs', 'class_weight': 'balanced'}",51,0.6435,0.6355,0.6855,0.6378,0.2234,0.6459,0.6963,0.629,0.2196
regular_season_only,percentile_core,LogisticRegression,"{'penalty': 'l2', 'C': 100, 'solver': 'lbfgs', 'class_weight': 'balanced'}",51,0.6436,0.6352,0.6854,0.6378,0.2234,0.6454,0.6961,0.629,0.2197
all_games,percentile_core,LogisticRegression,"{'penalty': 'l2', 'C': 1, 'solver': 'lbfgs', 'class_weight': 'None'}",51,0.6604,0.6362,0.6836,0.6378,0.2232,0.6442,0.6921,0.6351,0.2221
regular_season_only,percentile_core,LogisticRegression,"{'penalty': 'l1', 'C': 0.1, 'solver': 'liblinear', 'class_weight': 'balanced'}",51,0.6436,0.6361,0.6854,0.6378,0.2235,0.6473,0.6963,0.6289,0.2196
regular_season_only,percentile_core,LogisticRegression,"{'penalty': 'l1', 'C': 10, 'solver': 'liblinear', 'class_weight': 'balanced'}",51,0.6436,0.6352,0.6855,0.6378,0.2234,0.645,0.6961,0.629,0.2196
all_games,regular_core_home_away_diff,HistGradientBoosting,"{'max_iter': 300, 'learning_rate': 0.05}",49,0.7074,0.6398,0.6772,0.6378,0.2234,0.6353,0.6772,0.6376,0.2235
regular_season_only,regular_plus_playoff_context,LogisticRegression,"{'penalty': 'l1', 'C': 0.1, 'solver': 'liblinear', 'class_weight': 'None'}",70,0.6666,0.6361,0.68,0.6379,0.2232,0.6457,0.6987,0.6312,0.2201
regular_season_only,regular_core_home_away_diff,LogisticRegression,"{'penalty': 'l1', 'C': 0.1, 'solver': 'liblinear', 'class_weight': 'None'}",49,0.6669,0.6355,0.68,0.6379,0.2232,0.6452,0.6986,0.6312,0.2201
all_games,regular_all_home_away_diff,LogisticRegression,"{'penalty': 'l1', 'C': 0.001, 'solver': 'liblinear', 'class_weight': 'None'}",196,0.6651,0.6387,0.6797,0.638,0.2234,0.6472,0.6932,0.6313,0.2204
regular_season_only,era_adjusted_core,LogisticRegression,"{'penalty': 'l1', 'C': 0.01, 'solver': 'liblinear', 'class_weight': 'None'}",66,0.6647,0.6361,0.6811,0.6382,0.2234,0.6426,0.6984,0.6316,0.2204
all_games,regular_all_home_away_diff,LogisticRegression,"{'penalty': 'l2', 'C': 100, 'solver': 'lbfgs', 'class_weight': 'None'}",196,0.6715,0.6371,0.6816,0.6382,0.2229,0.5857,0.6138,0.7656,0.2622
regular_season_only,regular_plus_playoff_context,LogisticRegression,"{'penalty': 'l2', 'C': 0.01, 'solver': 'lbfgs', 'class_weight': 'None'}",70,0.6664,0.6367,0.6794,0.6383,0.2234,0.6459,0.6981,0.6316,0.2203
regular_season_only,regular_core_home_away_diff,LogisticRegression,"{'penalty': 'l2', 'C': 0.01, 'solver': 'lbfgs', 'class_weight': 'None'}",49,0.6664,0.6367,0.6794,0.6383,0.2234,0.6459,0.6981,0.6316,0.2203
all_games,regular_core_diff_only,RandomForest,"{'n_estimators': 300, 'max_depth': 8}",15,0.7046,0.6371,0.681,0.6384,0.2236,0.6478,0.6946,0.6321,0.2207
all_games,percentile_core,LogisticRegression,"{'penalty': 'l2', 'C': 0.001, 'solver': 'lbfgs', 'class_weight': 'balanced'}",51,0.6425,0.634,0.6838,0.6385,0.2238,0.6422,0.6933,0.6304,0.2203
regular_season_only,era_adjusted_diff_only,LogisticRegression,"{'penalty': 'l1', 'C': 0.01, 'solver': 'liblinear', 'class_weight': 'None'}",17,0.6588,0.6388,0.6799,0.6385,0.2235,0.6415,0.6891,0.6477,0.2247
all_games,percentile_core,LogisticRegression,"{'penalty': 'l1', 'C': 1, 'solver': 'liblinear', 'class_weight': 'balanced'}",51,0.6427,0.6354,0.6836,0.6386,0.2238,0.6432,0.6919,0.6315,0.2208
all_games,percentile_core,LogisticRegression,"{'penalty': 'l2', 'C': 0.1, 'solver': 'lbfgs', 'class_weight': 'balanced'}",51,0.6429,0.6346,0.6837,0.6386,0.2238,0.6426,0.6919,0.6315,0.2207
all_games,percentile_core,LogisticRegression,"{'penalty': 'l2', 'C': 10, 'solver': 'lbfgs', 'class_weight': 'balanced'}",51,0.6427,0.6343,0.6835,0.6387,0.2238,0.6417,0.6919,0.6315,0.2208
all_games,regular_core_home_away_diff,LogisticRegression,"{'penalty': 'l1', 'C': 0.01, 'solver': 'liblinear', 'class_weight': 'None'}",49,0.6651,0.6373,0.6799,0.6387,0.2236,0.6422,0.6945,0.6326,0.2208
regular_season_only,minimal_strong_diff,RandomForest,"{'n_estimators': 300, 'max_depth': 8}",9,0.7037,0.6379,0.6804,0.6387,0.2237,0.6467,0.6987,0.6301,0.2198
regular_season_only,regular_core_home_away_diff,LogisticRegression,"{'penalty': 'l2', 'C': 0.1, 'solver': 'lbfgs', 'class_weight': 'None'}",49,0.667,0.6355,0.6786,0.6387,0.2235,0.6454,0.6973,0.632,0.2204
all_games,percentile_core,LogisticRegression,"{'penalty': 'l1', 'C': 10, 'solver': 'liblinear', 'class_weight': 'balanced'}",51,0.6426,0.634,0.6835,0.6387,0.2238,0.6424,0.6917,0.6316,0.2208
regular_season_only,regular_plus_playoff_context,LogisticRegression,"{'penalty': 'l2', 'C': 0.1, 'solver': 'lbfgs', 'class_weight': 'None'}",70,0.667,0.6355,0.6786,0.6387,0.2235,0.6454,0.6973,0.632,0.2204
all_games,percentile_core,LogisticRegression,"{'penalty': 'l2', 'C': 0.01, 'solver': 'lbfgs', 'class_weight': 'balanced'}",51,0.6423,0.6351,0.6836,0.6387,0.2238,0.6428,0.6923,0.6312,0.2206
all_games,percentile_core,LogisticRegression,"{'penalty': 'l2', 'C': 1, 'solver': 'lbfgs', 'class_weight': 'balanced'}",51,0.6423,0.634,0.6835,0.6388,0.2239,0.642,0.6918,0.6317,0.2208
all_games,percentile_core,LogisticRegression,"{'penalty': 'l2', 'C': 100, 'solver': 'lbfgs', 'class_weight': 'balanced'}",51,0.6428,0.6332,0.6834,0.6388,0.2239,0.6422,0.6915,0.6317,0.2208
all_games,percentile_core,LogisticRegression,"{'penalty': 'l1', 'C': 0.1, 'solver': 'liblinear', 'class_weight': 'balanced'}",51,0.6424,0.636,0.6836,0.6388,0.2239,0.6428,0.6919,0.6315,0.2207
all_games,regular_plus_playoff_context,HistGradientBoosting,"{'max_iter': 300, 'learning_rate': 0.05}",70,0.7086,0.634,0.6754,0.6389,0.2239,0.629,0.6678,0.642,0.2256
regular_season_only,era_adjusted_diff_only,LogisticRegression,"{'penalty': 'l2', 'C': 0.001, 'solver': 'lbfgs', 'class_weight': 'None'}",17,0.6577,0.6394,0.6795,0.6389,0.2237,0.6405,0.6915,0.6431,0.2236
regular_season_only,regular_core_home_away_diff,LogisticRegression,"{'penalty': 'l1', 'C': 1, 'solver': 'liblinear', 'class_weight': 'None'}",49,0.6668,0.6358,0.6786,0.6389,0.2236,0.6461,0.6973,0.6322,0.2205
regular_season_only,era_adjusted_core,LogisticRegression,"{'penalty': 'l2', 'C': 0.001, 'solver': 'lbfgs', 'class_weight': 'None'}",66,0.6664,0.6358,0.6806,0.6389,0.2237,0.644,0.6958,0.636,0.2217
regular_season_only,regular_plus_playoff_context,LogisticRegression,"{'penalty': 'l1', 'C': 1, 'solver': 'liblinear', 'class_weight': 'None'}",70,0.6667,0.6358,0.6786,0.6389,0.2236,0.6459,0.6973,0.6322,0.2205
all_games,era_adjusted_diff_only,RandomForest,"{'n_estimators': 300, 'max_depth': 8}",17,0.7032,0.6423,0.6803,0.6389,0.2238,0.642,0.6917,0.6334,0.2214
regular_season_only,regular_core_diff_only,LogisticRegression,"{'penalty': 'l1', 'C': 0.01, 'solver': 'liblinear', 'class_weight': 'None'}",15,0.6641,0.6382,0.6798,0.6389,0.2236,0.6454,0.6982,0.6313,0.2202
regular_season_only,era_adjusted_core,HistGradientBoosting,"{'max_iter': 300, 'learning_rate': 0.05}",66,0.7045,0.6414,0.6792,0.639,0.2238,0.6446,0.6941,0.633,0.2213
regular_season_only,regular_plus_playoff_context,LogisticRegression,"{'penalty': 'l2', 'C': 1, 'solver': 'lbfgs', 'class_weight': 'None'}",70,0.6673,0.6358,0.6785,0.6391,0.2237,0.6459,0.6971,0.6324,0.2205
regular_season_only,regular_core_home_away_diff,LogisticRegression,"{'penalty': 'l1', 'C': 10, 'solver': 'liblinear', 'class_weight': 'None'}",49,0.6676,0.6361,0.6784,0.6391,0.2236,0.6454,0.6971,0.6324,0.2205
regular_season_only,regular_core_home_away_diff,LogisticRegression,"{'penalty': 'l2', 'C': 1, 'solver': 'lbfgs', 'class_weight': 'None'}",49,0.6673,0.6358,0.6785,0.6391,0.2237,0.6459,0.6971,0.6324,0.2205
regular_season_only,regular_plus_playoff_context,LogisticRegression,"{'penalty': 'l1', 'C': 10, 'solver': 'liblinear', 'class_weight': 'None'}",70,0.6674,0.6361,0.6784,0.6391,0.2237,0.6452,0.6972,0.6324,0.2205
regular_season_only,percentile_core,HistGradientBoosting,"{'max_iter': 300, 'learning_rate': 0.05}",51,0.7043,0.6373,0.6799,0.6392,0.2238,0.6354,0.6844,0.6365,0.223
regular_season_only,regular_all_home_away_diff,LogisticRegression,"{'penalty': 'l2', 'C': 100, 'solver': 'lbfgs', 'class_weight': 'None'}",196,0.6718,0.6334,0.6819,0.6392,0.2227,0.5863,0.6157,0.7612,0.261
regular_season_only,regular_plus_playoff_context,LogisticRegression,"{'penalty': 'l2', 'C': 10, 'solver': 'lbfgs', 'class_weight': 'None'}",70,0.6671,0.6361,0.6784,0.6392,0.2237,0.6452,0.6971,0.6325,0.2205
regular_season_only,regular_core_home_away_diff,LogisticRegression,"{'penalty': 'l2', 'C': 10, 'solver': 'lbfgs', 'class_weight': 'None'}",49,0.6671,0.6361,0.6784,0.6392,0.2237,0.6452,0.6971,0.6325,0.2205
regular_season_only,regular_core_home_away_diff,LogisticRegression,"{'penalty': 'l2', 'C': 100, 'solver': 'lbfgs', 'class_weight': 'None'}",49,0.6676,0.6358,0.6783,0.6393,0.2237,0.6454,0.697,0.6326,0.2206
regular_season_only,regular_plus_playoff_context,LogisticRegression,"{'penalty': 'l2', 'C': 100, 'solver': 'lbfgs', 'class_weight': 'None'}",70,0.6676,0.6358,0.6783,0.6393,0.2237,0.6454,0.697,0.6326,0.2206
regular_season_only,regular_core_diff_only,LogisticRegression,"{'penalty': 'l2', 'C': 0.001, 'solver': 'lbfgs', 'class_weight': 'None'}",15,0.6642,0.6364,0.6797,0.6393,0.2239,0.6417,0.6986,0.632,0.2205
regular_season_only,minimal_strong_diff,LogisticRegression,"{'penalty': 'l2', 'C': 0.001, 'solver': 'lbfgs', 'class_weight': 'None'}",9,0.6627,0.6402,0.6807,0.6393,0.2238,0.6434,0.6994,0.6315,0.2203
regular_season_only,minimal_strong_diff,LogisticRegression,"{'penalty': 'l1', 'C': 0.01, 'solver': 'liblinear', 'class_weight': 'None'}",9,0.6639,0.6364,0.68,0.6393,0.2237,0.6454,0.6985,0.631,0.22
regular_season_only,minimal_era_adjusted_diff,LogisticRegression,"{'penalty': 'l2', 'C': 0.001, 'solver': 'lbfgs', 'class_weight': 'None'}",7,0.6553,0.642,0.6807,0.6394,0.2236,0.6407,0.6888,0.6604,0.2268
regular_season_only,era_adjusted_diff_only,LogisticRegression,"{'penalty': 'l2', 'C': 0.01, 'solver': 'lbfgs', 'class_weight': 'None'}",17,0.6585,0.6364,0.6788,0.6394,0.2239,0.638,0.6849,0.66,0.2276
regular_season_only,era_adjusted_diff_only,LogisticRegression,"{'penalty': 'l1', 'C': 0.1, 'solver': 'liblinear', 'class_weight': 'None'}",17,0.6587,0.6361,0.6787,0.6394,0.2239,0.6384,0.684,0.6611,0.228
all_games,regular_core_home_away_diff,LogisticRegression,"{'penalty': 'l2', 'C': 0.001, 'solver': 'lbfgs', 'class_weight': 'None'}",49,0.6657,0.6324,0.6792,0.6394,0.2239,0.6461,0.6956,0.6329,0.2209
regular_season_only,regular_core_diff_only,LogisticRegression,"{'penalty': 'l2', 'C': 0.01, 'solver': 'lbfgs', 'class_weight': 'None'}",15,0.6651,0.6343,0.6795,0.6395,0.2239,0.6436,0.6982,0.6322,0.2205
regular_season_only,minimal_strong_diff,HistGradientBoosting,"{'max_iter': 300, 'learning_rate': 0.05}",9,0.69,0.637,0.6778,0.6395,0.2242,0.6459,0.6974,0.6303,0.22
regular_season_only,percentile_core,LogisticRegression,"{'penalty': 'l1', 'C': 0.01, 'solver': 'liblinear', 'class_weight': 'balanced'}",51,0.6435,0.6355,0.6847,0.6395,0.2242,0.6454,0.6952,0.6309,0.2205
regular_season_only,era_adjusted_diff_only,LogisticRegression,"{'penalty': 'l1', 'C': 1, 'solver': 'liblinear', 'class_weight': 'None'}",17,0.6585,0.637,0.6784,0.6396,0.224,0.6358,0.6794,0.6758,0.2311
regular_season_only,era_adjusted_diff_only,LogisticRegression,"{'penalty': 'l2', 'C': 0.1, 'solver': 'lbfgs', 'class_weight': 'None'}",17,0.6588,0.6385,0.6784,0.6396,0.224,0.6364,0.6801,0.6736,0.2307
regular_season_only,era_adjusted_diff_only,LogisticRegression,"{'penalty': 'l2', 'C': 100, 'solver': 'lbfgs', 'class_weight': 'None'}",17,0.6585,0.637,0.6783,0.6396,0.224,0.6345,0.6789,0.677,0.2314
regular_season_only,era_adjusted_diff_only,LogisticRegression,"{'penalty': 'l2', 'C': 10, 'solver': 'lbfgs', 'class_weight': 'None'}",17,0.6585,0.637,0.6783,0.6396,0.224,0.6347,0.6789,0.6769,0.2314
regular_season_only,era_adjusted_diff_only,LogisticRegression,"{'penalty': 'l1', 'C': 10, 'solver': 'liblinear', 'class_weight': 'None'}",17,0.6585,0.6364,0.6784,0.6396,0.224,0.6341,0.679,0.6774,0.2315
regular_season_only,era_adjusted_diff_only,LogisticRegression,"{'penalty': 'l2', 'C': 1, 'solver': 'lbfgs', 'class_weight': 'None'}",17,0.6584,0.6367,0.6783,0.6396,0.224,0.6345,0.6791,0.6766,0.2313
regular_season_only,era_adjusted_core,LogisticRegression,"{'penalty': 'l1', 'C': 0.1, 'solver': 'liblinear', 'class_weight': 'None'}",66,0.666,0.6334,0.6795,0.6396,0.2241,0.6362,0.684,0.6409,0.2244
regular_season_only,regular_core_diff_only,LogisticRegression,"{'penalty': 'l2', 'C': 0.1, 'solver': 'lbfgs', 'class_weight': 'None'}",15,0.6649,0.634,0.6793,0.6396,0.2239,0.643,0.6978,0.6323,0.2205
regular_season_only,regular_core_diff_only,LogisticRegression,"{'penalty': 'l1', 'C': 0.1, 'solver': 'liblinear', 'class_weight': 'None'}",15,0.6649,0.6346,0.6794,0.6396,0.2239,0.6432,0.6978,0.6323,0.2205
regular_season_only,minimal_era_adjusted_diff,LogisticRegression,"{'penalty': 'l1', 'C': 0.01, 'solver': 'liblinear', 'class_weight': 'None'}",7,0.6561,0.6382,0.6795,0.6396,0.2237,0.6419,0.6883,0.6585,0.2265
regular_season_only,minimal_strong_diff,LogisticRegression,"{'penalty': 'l1', 'C': 0.1, 'solver': 'liblinear', 'class_weight': 'None'}",9,0.6641,0.6408,0.6805,0.6397,0.2238,0.6452,0.6994,0.6314,0.2201
regular_season_only,regular_core_diff_only,LogisticRegression,"{'penalty': 'l1', 'C': 1, 'solver': 'liblinear', 'class_weight': 'None'}",15,0.6649,0.6337,0.6793,0.6397,0.2239,0.6426,0.6977,0.6324,0.2206
regular_season_only,minimal_strong_diff,LogisticRegression,"{'penalty': 'l2', 'C': 0.01, 'solver': 'lbfgs', 'class_weight': 'None'}",9,0.664,0.6402,0.6806,0.6397,0.2239,0.6444,0.6995,0.6314,0.2201
regular_season_only,regular_core_diff_only,LogisticRegression,"{'penalty': 'l2', 'C': 1, 'solver': 'lbfgs', 'class_weight': 'None'}",15,0.6646,0.6355,0.6793,0.6397,0.2239,0.6426,0.6978,0.6323,0.2205
regular_season_only,regular_core_diff_only,LogisticRegression,"{'penalty': 'l2', 'C': 100, 'solver': 'lbfgs', 'class_weight': 'None'}",15,0.6647,0.6355,0.6793,0.6397,0.2239,0.6428,0.6978,0.6323,0.2205
regular_season_only,regular_core_diff_only,LogisticRegression,"{'penalty': 'l1', 'C': 10, 'solver': 'liblinear', 'class_weight': 'None'}",15,0.6646,0.6337,0.6792,0.6397,0.2239,0.6428,0.6977,0.6324,0.2206
regular_season_only,regular_core_diff_only,LogisticRegression,"{'penalty': 'l2', 'C': 10, 'solver': 'lbfgs', 'class_weight': 'None'}",15,0.6647,0.6355,0.6793,0.6397,0.2239,0.6426,0.6978,0.6323,0.2205
regular_season_only,minimal_strong_diff,LogisticRegression,"{'penalty': 'l2', 'C': 1, 'solver': 'lbfgs', 'class_weight': 'None'}",9,0.6637,0.6405,0.6805,0.6398,0.2239,0.6444,0.6995,0.6314,0.2201
regular_season_only,minimal_strong_diff,LogisticRegression,"{'penalty': 'l2', 'C': 100, 'solver': 'lbfgs', 'class_weight': 'None'}",9,0.6637,0.6405,0.6805,0.6398,0.2239,0.6444,0.6995,0.6314,0.2201
regular_season_only,minimal_strong_diff,LogisticRegression,"{'penalty': 'l1', 'C': 0.001, 'solver': 'liblinear', 'class_weight': 'None'}",9,0.6637,0.6394,0.6795,0.6398,0.2242,0.6475,0.6979,0.6313,0.2203
regular_season_only,minimal_strong_diff,LogisticRegression,"{'penalty': 'l2', 'C': 10, 'solver': 'lbfgs', 'class_weight': 'None'}",9,0.6637,0.6405,0.6805,0.6398,0.2239,0.6444,0.6995,0.6314,0.2201
regular_season_only,minimal_strong_diff,LogisticRegression,"{'penalty': 'l1', 'C': 10, 'solver': 'liblinear', 'class_weight': 'None'}",9,0.6637,0.6411,0.6806,0.6398,0.2239,0.6446,0.6995,0.6314,0.2201
playoffs_only,regular_plus_playoff_context,LogisticRegression,"{'penalty': 'l2', 'C': 0.01, 'solver': 'lbfgs', 'class_weight': 'balanced'}",70,0.6291,0.628,0.6721,0.6398,0.2249,0.594,0.6183,0.6709,0.2388
regular_season_only,regular_plus_playoff_context,LogisticRegression,"{'penalty': 'l1', 'C': 0.001, 'solver': 'liblinear', 'class_weight': 'None'}",70,0.6637,0.6397,0.6795,0.6398,0.2242,0.6475,0.6979,0.6313,0.2203
regular_season_only,era_adjusted_core,LogisticRegression,"{'penalty': 'l1', 'C': 0.001, 'solver': 'liblinear', 'class_weight': 'None'}",66,0.6637,0.6394,0.6795,0.6398,0.2242,0.6475,0.6979,0.6313,0.2203
regular_season_only,minimal_strong_diff,LogisticRegression,"{'penalty': 'l1', 'C': 1, 'solver': 'liblinear', 'class_weight': 'None'}",9,0.6637,0.6405,0.6806,0.6398,0.2239,0.6448,0.6995,0.6314,0.2201
regular_season_only,regular_core_home_away_diff,LogisticRegression,"{'penalty': 'l1', 'C': 0.001, 'solver': 'liblinear', 'class_weight': 'None'}",49,0.6638,0.6391,0.6795,0.6398,0.2242,0.6475,0.6979,0.6313,0.2203
regular_season_only,minimal_strong_diff,LogisticRegression,"{'penalty': 'l2', 'C': 0.1, 'solver': 'lbfgs', 'class_weight': 'None'}",9,0.6637,0.6405,0.6805,0.6398,0.2239,0.6446,0.6995,0.6314,0.2201
regular_season_only,regular_core_diff_only,LogisticRegression,"{'penalty': 'l1', 'C': 0.001, 'solver': 'liblinear', 'class_weight': 'None'}",15,0.6637,0.6397,0.6795,0.6398,0.2242,0.6475,0.6979,0.6312,0.2203
regular_season_only,era_adjusted_core,LogisticRegression,"{'penalty': 'l2', 'C': 0.01, 'solver': 'lbfgs', 'class_weight': 'None'}",66,0.667,0.6316,0.6792,0.6399,0.2242,0.6401,0.6871,0.6424,0.2242
all_games,regular_core_home_away_diff,LogisticRegression,"{'penalty': 'l1', 'C': 0.1, 'solver': 'liblinear', 'class_weight': 'None'}",49,0.6666,0.6315,0.6785,0.6399,0.2241,0.6451,0.6945,0.634,0.2213
regular_season_only,era_adjusted_diff_only,LogisticRegression,"{'penalty': 'l1', 'C': 0.001, 'solver': 'liblinear', 'class_weight': 'None'}",17,0.6572,0.6391,0.6795,0.6399,0.2242,0.6471,0.6888,0.6399,0.2232
all_games,minimal_strong_diff,RandomForest,"{'n_estimators': 300, 'max_depth': 8}",9,0.7025,0.6346,0.6799,0.6401,0.2243,0.6461,0.695,0.6325,0.2209
all_games,percentile_core,LogisticRegression,"{'penalty': 'l1', 'C': 0.01, 'solver': 'liblinear', 'class_weight': 'balanced'}",51,0.6419,0.6318,0.6833,0.6401,0.2245,0.6407,0.6908,0.6334,0.2216
regular_season_only,minimal_era_adjusted_diff,LogisticRegression,"{'penalty': 'l1', 'C': 0.001, 'solver': 'liblinear', 'class_weight': 'None'}",7,0.6562,0.6408,0.6787,0.6402,0.2243,0.6465,0.687,0.6459,0.2247
all_games,era_adjusted_core,LogisticRegression,"{'penalty': 'l1', 'C': 0.01, 'solver': 'liblinear', 'class_weight': 'None'}",66,0.665,0.6338,0.6798,0.6403,0.2243,0.6422,0.6944,0.6337,0.2213
all_games,regular_core_home_away_diff,LogisticRegression,"{'penalty': 'l2', 'C': 0.01, 'solver': 'lbfgs', 'class_weight': 'None'}",49,0.6671,0.6302,0.6781,0.6403,0.2243,0.643,0.6942,0.6344,0.2215
all_games,era_adjusted_diff_only,LogisticRegression,"{'penalty': 'l1', 'C': 0.01, 'solver': 'liblinear', 'class_weight': 'None'}",17,0.6596,0.634,0.6789,0.6404,0.2243,0.6411,0.6853,0.6493,0.2256
regular_season_only,minimal_era_adjusted_diff,LogisticRegression,"{'penalty': 'l2', 'C': 0.01, 'solver': 'lbfgs', 'class_weight': 'None'}",7,0.6561,0.6408,0.6803,0.6404,0.2238,0.6434,0.6882,0.6696,0.2281
regular_season_only,minimal_era_adjusted_diff,LogisticRegression,"{'penalty': 'l1', 'C': 0.1, 'solver': 'liblinear', 'class_weight': 'None'}",7,0.656,0.6411,0.6801,0.6404,0.2239,0.6432,0.6887,0.6643,0.2274
regular_season_only,minimal_era_adjusted_diff,LogisticRegression,"{'penalty': 'l1', 'C': 10, 'solver': 'liblinear', 'class_weight': 'None'}",7,0.6559,0.6414,0.6802,0.6405,0.2239,0.643,0.6885,0.6673,0.2278
regular_season_only,minimal_era_adjusted_diff,LogisticRegression,"{'penalty': 'l1', 'C': 1, 'solver': 'liblinear', 'class_weight': 'None'}",7,0.6558,0.6417,0.6802,0.6405,0.2239,0.6432,0.6885,0.667,0.2278
regular_season_only,minimal_era_adjusted_diff,LogisticRegression,"{'penalty': 'l2', 'C': 1, 'solver': 'lbfgs', 'class_weight': 'None'}",7,0.6564,0.6411,0.6802,0.6406,0.2239,0.6436,0.6879,0.6717,0.2284
regular_season_only,era_adjusted_core,LogisticRegression,"{'penalty': 'l2', 'C': 0.1, 'solver': 'lbfgs', 'class_weight': 'None'}",66,0.6681,0.6319,0.6784,0.6406,0.2245,0.6261,0.6679,0.6578,0.2304
regular_season_only,minimal_era_adjusted_diff,LogisticRegression,"{'penalty': 'l2', 'C': 10, 'solver': 'lbfgs', 'class_weight': 'None'}",7,0.6563,0.6411,0.6802,0.6406,0.2239,0.6436,0.6879,0.6717,0.2284
regular_season_only,era_adjusted_core,LogisticRegression,"{'penalty': 'l1', 'C': 1, 'solver': 'liblinear', 'class_weight': 'None'}",66,0.6681,0.6328,0.6784,0.6406,0.2245,0.6191,0.6582,0.6668,0.2338
regular_season_only,minimal_era_adjusted_diff,LogisticRegression,"{'penalty': 'l2', 'C': 100, 'solver': 'lbfgs', 'class_weight': 'None'}",7,0.6563,0.6411,0.6802,0.6406,0.2239,0.6436,0.6879,0.6717,0.2284
regular_season_only,minimal_era_adjusted_diff,LogisticRegression,"{'penalty': 'l2', 'C': 0.1, 'solver': 'lbfgs', 'class_weight': 'None'}",7,0.6564,0.6411,0.6802,0.6406,0.2239,0.6438,0.688,0.6714,0.2284
all_games,era_adjusted_core,LogisticRegression,"{'penalty': 'l1', 'C': 0.001, 'solver': 'liblinear', 'class_weight': 'None'}",66,0.6644,0.639,0.678,0.6407,0.2246,0.6459,0.6935,0.6326,0.221
all_games,regular_core_home_away_diff,LogisticRegression,"{'penalty': 'l1', 'C': 0.001, 'solver': 'liblinear', 'class_weight': 'None'}",49,0.6644,0.639,0.678,0.6407,0.2246,0.6459,0.6935,0.6326,0.221
regular_season_only,era_adjusted_core,LogisticRegression,"{'penalty': 'l1', 'C': 10, 'solver': 'liblinear', 'class_weight': 'None'}",66,0.6682,0.6322,0.6784,0.6407,0.2245,0.6141,0.651,0.6764,0.237
all_games,regular_core_home_away_diff,LogisticRegression,"{'penalty': 'l2', 'C': 0.1, 'solver': 'lbfgs', 'class_weight': 'None'}",49,0.6679,0.631,0.6774,0.6407,0.2244,0.6436,0.6936,0.6347,0.2215
regular_season_only,era_adjusted_core,LogisticRegression,"{'penalty': 'l2', 'C': 1, 'solver': 'lbfgs', 'class_weight': 'None'}",66,0.668,0.6316,0.6783,0.6407,0.2245,0.6148,0.6511,0.6767,0.237
all_games,minimal_strong_diff,LogisticRegression,"{'penalty': 'l1', 'C': 0.001, 'solver': 'liblinear', 'class_weight': 'None'}",9,0.6644,0.639,0.678,0.6407,0.2246,0.6459,0.6935,0.6326,0.221
all_games,regular_core_diff_only,LogisticRegression,"{'penalty': 'l1', 'C': 0.001, 'solver': 'liblinear', 'class_weight': 'None'}",15,0.6645,0.6387,0.678,0.6407,0.2246,0.6461,0.6935,0.6326,0.2209
all_games,regular_plus_playoff_context,LogisticRegression,"{'penalty': 'l1', 'C': 0.001, 'solver': 'liblinear', 'class_weight': 'None'}",70,0.6646,0.6387,0.678,0.6407,0.2246,0.6457,0.6935,0.6326,0.2209
regular_season_only,era_adjusted_core,LogisticRegression,"{'penalty': 'l2', 'C': 10, 'solver': 'lbfgs', 'class_weight': 'None'}",66,0.668,0.6331,0.6784,0.6408,0.2245,0.6162,0.653,0.6738,0.2361
regular_season_only,era_adjusted_core,LogisticRegression,"{'penalty': 'l2', 'C': 100, 'solver': 'lbfgs', 'class_weight': 'None'}",66,0.6678,0.6334,0.6784,0.6408,0.2245,0.6148,0.6522,0.675,0.2365
all_games,regular_core_home_away_diff,LogisticRegression,"{'penalty': 'l1', 'C': 1, 'solver': 'liblinear', 'class_weight': 'None'}",49,0.668,0.6313,0.6774,0.6408,0.2245,0.6428,0.6934,0.6349,0.2217
all_games,era_adjusted_diff_only,LogisticRegression,"{'penalty': 'l2', 'C': 0.001, 'solver': 'lbfgs', 'class_weight': 'None'}",17,0.658,0.636,0.6785,0.6408,0.2245,0.6382,0.6876,0.6455,0.2247
all_games,era_adjusted_diff_only,LogisticRegression,"{'penalty': 'l1', 'C': 0.001, 'solver': 'liblinear', 'class_weight': 'None'}",17,0.6592,0.6384,0.678,0.6408,0.2246,0.6449,0.6847,0.6415,0.224
all_games,regular_core_diff_only,LogisticRegression,"{'penalty': 'l1', 'C': 0.01, 'solver': 'liblinear', 'class_weight': 'None'}",15,0.6641,0.6338,0.6786,0.6408,0.2245,0.6438,0.694,0.6337,0.2212
all_games,regular_core_diff_only,HistGradientBoosting,"{'max_iter': 300, 'learning_rate': 0.05}",15,0.6924,0.6354,0.6781,0.6409,0.2246,0.6453,0.6935,0.6332,0.2212
all_games,era_adjusted_core,LogisticRegression,"{'penalty': 'l2', 'C': 0.001, 'solver': 'lbfgs', 'class_weight': 'None'}",66,0.6658,0.6315,0.6795,0.641,0.2246,0.6444,0.6924,0.6383,0.2227
all_games,minimal_strong_diff,HistGradientBoosting,"{'max_iter': 300, 'learning_rate': 0.05}",9,0.6899,0.636,0.6785,0.641,0.2247,0.6463,0.6927,0.6344,0.2216
all_games,regular_core_home_away_diff,LogisticRegression,"{'penalty': 'l1', 'C': 10, 'solver': 'liblinear', 'class_weight': 'None'}",49,0.668,0.6313,0.6772,0.641,0.2245,0.6428,0.6933,0.6351,0.2217
all_games,minimal_era_adjusted_diff,LogisticRegression,"{'penalty': 'l1', 'C': 0.001, 'solver': 'liblinear', 'class_weight': 'None'}",7,0.6577,0.6409,0.6771,0.6411,0.2248,0.6445,0.6826,0.6481,0.2256
all_games,regular_core_home_away_diff,LogisticRegression,"{'penalty': 'l2', 'C': 1, 'solver': 'lbfgs', 'class_weight': 'None'}",49,0.6681,0.6318,0.6771,0.6411,0.2246,0.6434,0.6933,0.6352,0.2217
all_games,regular_core_diff_only,LogisticRegression,"{'penalty': 'l2', 'C': 0.001, 'solver': 'lbfgs', 'class_weight': 'None'}",15,0.6639,0.6329,0.6788,0.6411,0.2247,0.6413,0.6946,0.6343,0.2215
regular_season_only,minimal_era_adjusted_diff,RandomForest,"{'n_estimators': 300, 'max_depth': 8}",7,0.6925,0.6429,0.6766,0.6411,0.2245,0.6438,0.692,0.635,0.2218
all_games,regular_core_home_away_diff,LogisticRegression,"{'penalty': 'l2', 'C': 100, 'solver': 'lbfgs', 'class_weight': 'None'}",49,0.668,0.6321,0.6771,0.6412,0.2246,0.6434,0.6933,0.6352,0.2217
all_games,regular_plus_playoff_context,LogisticRegression,"{'penalty': 'l1', 'C': 0.01, 'solver': 'liblinear', 'class_weight': 'None'}",70,0.6655,0.636,0.6753,0.6412,0.2247,0.6424,0.6946,0.6325,0.2207
all_games,era_adjusted_core,HistGradientBoosting,"{'max_iter': 300, 'learning_rate': 0.05}",66,0.7101,0.6338,0.679,0.6412,0.2247,0.6399,0.6853,0.6372,0.2233
all_games,era_adjusted_diff_only,LogisticRegression,"{'penalty': 'l1', 'C': 0.1, 'solver': 'liblinear', 'class_weight': 'None'}",17,0.6588,0.6338,0.6779,0.6412,0.2247,0.6367,0.6806,0.662,0.2287
all_games,regular_core_home_away_diff,LogisticRegression,"{'penalty': 'l2', 'C': 10, 'solver': 'lbfgs', 'class_weight': 'None'}",49,0.6679,0.6318,0.677,0.6412,0.2246,0.6432,0.6932,0.6353,0.2218
all_games,percentile_core,HistGradientBoosting,"{'max_iter': 300, 'learning_rate': 0.05}",51,0.7062,0.6412,0.6803,0.6412,0.2246,0.6382,0.6814,0.6389,0.224
regular_season_only,regular_core_diff_only,HistGradientBoosting,"{'max_iter': 300, 'learning_rate': 0.05}",15,0.6973,0.6402,0.6761,0.6413,0.2248,0.644,0.695,0.6325,0.2208
all_games,minimal_strong_diff,LogisticRegression,"{'penalty': 'l2', 'C': 0.001, 'solver': 'lbfgs', 'class_weight': 'None'}",9,0.6626,0.6368,0.6794,0.6413,0.2247,0.6422,0.6951,0.6338,0.2213
all_games,minimal_strong_diff,LogisticRegression,"{'penalty': 'l1', 'C': 0.01, 'solver': 'liblinear', 'class_weight': 'None'}",9,0.6643,0.6343,0.6787,0.6413,0.2246,0.6444,0.6942,0.6335,0.2211
all_games,era_adjusted_diff_only,LogisticRegression,"{'penalty': 'l2', 'C': 0.01, 'solver': 'lbfgs', 'class_weight': 'None'}",17,0.659,0.6338,0.678,0.6413,0.2247,0.6361,0.6815,0.6613,0.2284
all_games,minimal_era_adjusted_diff,LogisticRegression,"{'penalty': 'l2', 'C': 0.001, 'solver': 'lbfgs', 'class_weight': 'None'}",7,0.6556,0.6387,0.6794,0.6413,0.2245,0.6394,0.6843,0.6632,0.228
all_games,regular_core_diff_only,LogisticRegression,"{'penalty': 'l2', 'C': 0.01, 'solver': 'lbfgs', 'class_weight': 'None'}",15,0.6653,0.6321,0.6785,0.6414,0.2247,0.6426,0.694,0.6347,0.2216
all_games,era_adjusted_diff_only,LogisticRegression,"{'penalty': 'l2', 'C': 0.1, 'solver': 'lbfgs', 'class_weight': 'None'}",17,0.6585,0.6332,0.6776,0.6414,0.2248,0.6332,0.6769,0.6738,0.2313
all_games,era_adjusted_diff_only,LogisticRegression,"{'penalty': 'l1', 'C': 1, 'solver': 'liblinear', 'class_weight': 'None'}",17,0.6584,0.634,0.6776,0.6414,0.2248,0.6334,0.6765,0.675,0.2315
all_games,regular_core_diff_only,LogisticRegression,"{'penalty': 'l1', 'C': 0.1, 'solver': 'liblinear', 'class_weight': 'None'}",15,0.665,0.6327,0.6785,0.6414,0.2247,0.6417,0.6937,0.6347,0.2216
all_games,era_adjusted_diff_only,LogisticRegression,"{'penalty': 'l2', 'C': 100, 'solver': 'lbfgs', 'class_weight': 'None'}",17,0.6585,0.6332,0.6775,0.6415,0.2248,0.6319,0.676,0.6767,0.2319
all_games,era_adjusted_diff_only,LogisticRegression,"{'penalty': 'l2', 'C': 1, 'solver': 'lbfgs', 'class_weight': 'None'}",17,0.6586,0.6329,0.6775,0.6415,0.2248,0.6321,0.6761,0.6764,0.2318
all_games,minimal_era_adjusted_diff,LogisticRegression,"{'penalty': 'l1', 'C': 0.01, 'solver': 'liblinear', 'class_weight': 'None'}",7,0.657,0.6351,0.6782,0.6415,0.2246,0.6403,0.6839,0.6613,0.2277
regular_season_only,era_adjusted_core,LogisticRegression,"{'penalty': 'l1', 'C': 0.1, 'solver': 'liblinear', 'class_weight': 'balanced'}",66,0.6521,0.6352,0.6794,0.6415,0.225,0.6343,0.682,0.641,0.2244
regular_season_only,era_adjusted_core,LogisticRegression,"{'penalty': 'l2', 'C': 0.001, 'solver': 'lbfgs', 'class_weight': 'balanced'}",66,0.6518,0.6346,0.6806,0.6415,0.2249,0.6459,0.6952,0.6361,0.2216
regular_season_only,era_adjusted_core,LogisticRegression,"{'penalty': 'l2', 'C': 0.01, 'solver': 'lbfgs', 'class_weight': 'balanced'}",66,0.6511,0.6355,0.6792,0.6415,0.2249,0.6397,0.6864,0.6428,0.2244
all_games,era_adjusted_diff_only,LogisticRegression,"{'penalty': 'l2', 'C': 10, 'solver': 'lbfgs', 'class_weight': 'None'}",17,0.6585,0.6332,0.6775,0.6415,0.2248,0.6319,0.676,0.6767,0.2319
all_games,era_adjusted_diff_only,LogisticRegression,"{'penalty': 'l1', 'C': 10, 'solver': 'liblinear', 'class_weight': 'None'}",17,0.6584,0.634,0.6776,0.6415,0.2248,0.6325,0.6761,0.6764,0.2318
playoffs_only,regular_plus_playoff_context,LogisticRegression,"{'penalty': 'l1', 'C': 0.1, 'solver': 'liblinear', 'class_weight': 'balanced'}",70,0.6338,0.616,0.6685,0.6416,0.2257,0.5761,0.6206,0.668,0.2378
all_games,regular_core_diff_only,LogisticRegression,"{'penalty': 'l1', 'C': 1, 'solver': 'liblinear', 'class_weight': 'None'}",15,0.6653,0.6327,0.6784,0.6416,0.2248,0.642,0.6934,0.6349,0.2217
all_games,regular_core_diff_only,LogisticRegression,"{'penalty': 'l2', 'C': 0.1, 'solver': 'lbfgs', 'class_weight': 'None'}",15,0.6654,0.6324,0.6783,0.6416,0.2248,0.6426,0.6935,0.6349,0.2217
all_games,regular_core_diff_only,LogisticRegression,"{'penalty': 'l1', 'C': 10, 'solver': 'liblinear', 'class_weight': 'None'}",15,0.6655,0.6327,0.6783,0.6416,0.2248,0.6426,0.6934,0.6349,0.2217
all_games,regular_core_diff_only,LogisticRegression,"{'penalty': 'l2', 'C': 1, 'solver': 'lbfgs', 'class_weight': 'None'}",15,0.6654,0.6327,0.6783,0.6416,0.2248,0.6424,0.6934,0.6349,0.2217
all_games,regular_core_diff_only,LogisticRegression,"{'penalty': 'l2', 'C': 10, 'solver': 'lbfgs', 'class_weight': 'None'}",15,0.6654,0.6327,0.6783,0.6416,0.2248,0.6426,0.6934,0.6349,0.2217
all_games,regular_core_diff_only,LogisticRegression,"{'penalty': 'l2', 'C': 100, 'solver': 'lbfgs', 'class_weight': 'None'}",15,0.6654,0.6327,0.6783,0.6416,0.2248,0.6426,0.6934,0.6349,0.2217
all_games,era_adjusted_core,LogisticRegression,"{'penalty': 'l1', 'C': 0.1, 'solver': 'liblinear', 'class_weight': 'None'}",66,0.6665,0.6296,0.6784,0.6416,0.225,0.6328,0.6806,0.6433,0.2256
all_games,minimal_strong_diff,LogisticRegression,"{'penalty': 'l1', 'C': 0.1, 'solver': 'liblinear', 'class_weight': 'None'}",9,0.6643,0.6365,0.6793,0.6417,0.2247,0.6438,0.6951,0.6338,0.2212
all_games,minimal_strong_diff,LogisticRegression,"{'penalty': 'l2', 'C': 0.01, 'solver': 'lbfgs', 'class_weight': 'None'}",9,0.664,0.6362,0.6793,0.6417,0.2247,0.643,0.6951,0.6339,0.2212
all_games,minimal_strong_diff,LogisticRegression,"{'penalty': 'l1', 'C': 1, 'solver': 'liblinear', 'class_weight': 'None'}",9,0.6642,0.6362,0.6793,0.6417,0.2247,0.6434,0.6952,0.6339,0.2212
all_games,minimal_strong_diff,LogisticRegression,"{'penalty': 'l2', 'C': 10, 'solver': 'lbfgs', 'class_weight': 'None'}",9,0.6642,0.6362,0.6793,0.6418,0.2247,0.6436,0.6952,0.6339,0.2212
all_games,minimal_strong_diff,LogisticRegression,"{'penalty': 'l2', 'C': 0.1, 'solver': 'lbfgs', 'class_weight': 'None'}",9,0.6642,0.6362,0.6793,0.6418,0.2247,0.6432,0.6952,0.6339,0.2212
all_games,minimal_strong_diff,LogisticRegression,"{'penalty': 'l1', 'C': 10, 'solver': 'liblinear', 'class_weight': 'None'}",9,0.6642,0.6362,0.6793,0.6418,0.2247,0.6434,0.6952,0.6339,0.2212
all_games,minimal_strong_diff,LogisticRegression,"{'penalty': 'l2', 'C': 100, 'solver': 'lbfgs', 'class_weight': 'None'}",9,0.6642,0.6362,0.6793,0.6418,0.2247,0.6436,0.6952,0.6339,0.2212
all_games,minimal_strong_diff,LogisticRegression,"{'penalty': 'l2', 'C': 1, 'solver': 'lbfgs', 'class_weight': 'None'}",9,0.6642,0.6362,0.6793,0.6418,0.2247,0.6434,0.6952,0.6339,0.2212
regular_season_only,era_adjusted_core,LogisticRegression,"{'penalty': 'l1', 'C': 1, 'solver': 'liblinear', 'class_weight': 'balanced'}",66,0.6525,0.6355,0.6783,0.6419,0.2251,0.6154,0.6546,0.6707,0.2351
regular_season_only,era_adjusted_core,LogisticRegression,"{'penalty': 'l2', 'C': 0.1, 'solver': 'lbfgs', 'class_weight': 'balanced'}",66,0.6524,0.6352,0.6784,0.6419,0.2251,0.6261,0.6676,0.6572,0.2301
all_games,era_adjusted_core,LogisticRegression,"{'penalty': 'l2', 'C': 0.01, 'solver': 'lbfgs', 'class_weight': 'None'}",66,0.6672,0.6293,0.6781,0.642,0.2252,0.6376,0.6849,0.6434,0.2248
regular_season_only,era_adjusted_core,LogisticRegression,"{'penalty': 'l1', 'C': 10, 'solver': 'liblinear', 'class_weight': 'balanced'}",66,0.6525,0.6331,0.6783,0.642,0.2251,0.6117,0.6474,0.6819,0.2387
regular_season_only,era_adjusted_core,LogisticRegression,"{'penalty': 'l2', 'C': 10, 'solver': 'lbfgs', 'class_weight': 'balanced'}",66,0.6523,0.6322,0.6784,0.642,0.2251,0.6108,0.645,0.6857,0.2398
regular_season_only,era_adjusted_core,LogisticRegression,"{'penalty': 'l2', 'C': 100, 'solver': 'lbfgs', 'class_weight': 'balanced'}",66,0.6521,0.6331,0.6783,0.6421,0.2251,0.611,0.647,0.6835,0.2391
regular_season_only,era_adjusted_core,LogisticRegression,"{'penalty': 'l2', 'C': 1, 'solver': 'lbfgs', 'class_weight': 'balanced'}",66,0.6523,0.6328,0.6783,0.6421,0.2251,0.6106,0.6452,0.6849,0.2396
regular_season_only,minimal_era_adjusted_diff,HistGradientBoosting,"{'max_iter': 300, 'learning_rate': 0.05}",7,0.682,0.6337,0.6746,0.6422,0.2251,0.6401,0.6865,0.6408,0.224
all_games,minimal_era_adjusted_diff,LogisticRegression,"{'penalty': 'l1', 'C': 0.1, 'solver': 'liblinear', 'class_weight': 'None'}",7,0.6573,0.6387,0.6788,0.6422,0.2247,0.6409,0.6844,0.6657,0.2283
all_games,minimal_era_adjusted_diff,LogisticRegression,"{'penalty': 'l2', 'C': 10, 'solver': 'lbfgs', 'class_weight': 'None'}",7,0.6572,0.6382,0.6789,0.6423,0.2247,0.6413,0.6842,0.668,0.2287
all_games,era_adjusted_core,LogisticRegression,"{'penalty': 'l2', 'C': 0.001, 'solver': 'lbfgs', 'class_weight': 'balanced'}",66,0.6507,0.6324,0.6793,0.6423,0.2252,0.6444,0.6918,0.6375,0.2223
all_games,minimal_era_adjusted_diff,LogisticRegression,"{'penalty': 'l2', 'C': 1, 'solver': 'lbfgs', 'class_weight': 'None'}",7,0.6572,0.6379,0.6789,0.6423,0.2247,0.6413,0.6842,0.6682,0.2287
all_games,minimal_era_adjusted_diff,LogisticRegression,"{'penalty': 'l2', 'C': 100, 'solver': 'lbfgs', 'class_weight': 'None'}",7,0.6572,0.6382,0.6789,0.6423,0.2247,0.6413,0.6842,0.668,0.2287
all_games,minimal_era_adjusted_diff,LogisticRegression,"{'penalty': 'l1', 'C': 1, 'solver': 'liblinear', 'class_weight': 'None'}",7,0.6572,0.6382,0.6789,0.6423,0.2247,0.6413,0.6842,0.6679,0.2287
all_games,minimal_era_adjusted_diff,LogisticRegression,"{'penalty': 'l2', 'C': 0.01, 'solver': 'lbfgs', 'class_weight': 'None'}",7,0.657,0.6376,0.679,0.6423,0.2247,0.6422,0.6837,0.672,0.2293
all_games,minimal_era_adjusted_diff,LogisticRegression,"{'penalty': 'l2', 'C': 0.1, 'solver': 'lbfgs', 'class_weight': 'None'}",7,0.6574,0.6376,0.6789,0.6423,0.2247,0.6415,0.6841,0.6693,0.2289
all_games,minimal_era_adjusted_diff,LogisticRegression,"{'penalty': 'l1', 'C': 10, 'solver': 'liblinear', 'class_weight': 'None'}",7,0.6571,0.6379,0.6789,0.6423,0.2247,0.6413,0.6842,0.6682,0.2287
all_games,era_adjusted_core,LogisticRegression,"{'penalty': 'l2', 'C': 0.01, 'solver': 'lbfgs', 'class_weight': 'balanced'}",66,0.651,0.636,0.678,0.6424,0.2253,0.639,0.6842,0.6428,0.2245
playoffs_only,minimal_strong_diff,LogisticRegression,"{'penalty': 'l1', 'C': 0.1, 'solver': 'liblinear', 'class_weight': 'balanced'}",9,0.6274,0.604,0.6741,0.6424,0.2258,0.5791,0.6254,0.6675,0.2376
all_games,era_adjusted_core,LogisticRegression,"{'penalty': 'l1', 'C': 0.1, 'solver': 'liblinear', 'class_weight': 'balanced'}",66,0.6509,0.6357,0.6782,0.6424,0.2253,0.6346,0.6799,0.6408,0.2244
all_games,minimal_era_adjusted_diff,RandomForest,"{'n_estimators': 300, 'max_depth': 8}",7,0.6944,0.6409,0.6756,0.6425,0.2251,0.6384,0.6868,0.6386,0.2233
all_games,era_adjusted_core,LogisticRegression,"{'penalty': 'l1', 'C': 1, 'solver': 'liblinear', 'class_weight': 'None'}",66,0.6679,0.6302,0.6773,0.6427,0.2254,0.6173,0.6533,0.6707,0.2354
all_games,era_adjusted_core,LogisticRegression,"{'penalty': 'l1', 'C': 1, 'solver': 'liblinear', 'class_weight': 'balanced'}",66,0.6509,0.6343,0.6772,0.6427,0.2254,0.6133,0.6503,0.6737,0.2363
all_games,era_adjusted_core,LogisticRegression,"{'penalty': 'l2', 'C': 0.1, 'solver': 'lbfgs', 'class_weight': 'None'}",66,0.6675,0.6291,0.6772,0.6427,0.2254,0.6238,0.664,0.6599,0.2314
all_games,era_adjusted_core,LogisticRegression,"{'penalty': 'l2', 'C': 0.1, 'solver': 'lbfgs', 'class_weight': 'balanced'}",66,0.6514,0.6349,0.6772,0.6427,0.2254,0.6181,0.6603,0.6623,0.2322
all_games,era_adjusted_core,LogisticRegression,"{'penalty': 'l1', 'C': 10, 'solver': 'liblinear', 'class_weight': 'balanced'}",66,0.6514,0.6362,0.6772,0.6428,0.2254,0.61,0.6432,0.686,0.24
all_games,era_adjusted_core,LogisticRegression,"{'penalty': 'l2', 'C': 10, 'solver': 'lbfgs', 'class_weight': 'balanced'}",66,0.6514,0.636,0.6772,0.6428,0.2254,0.61,0.6414,0.689,0.2409
all_games,era_adjusted_core,LogisticRegression,"{'penalty': 'l2', 'C': 100, 'solver': 'lbfgs', 'class_weight': 'balanced'}",66,0.651,0.6362,0.6772,0.6428,0.2254,0.6117,0.6431,0.6866,0.2402
all_games,era_adjusted_core,LogisticRegression,"{'penalty': 'l2', 'C': 100, 'solver': 'lbfgs', 'class_weight': 'None'}",66,0.6679,0.6302,0.6773,0.6428,0.2254,0.6142,0.6484,0.6788,0.2378
all_games,era_adjusted_core,LogisticRegression,"{'penalty': 'l2', 'C': 1, 'solver': 'lbfgs', 'class_weight': 'balanced'}",66,0.6513,0.636,0.6771,0.6428,0.2255,0.6106,0.645,0.6826,0.239
all_games,era_adjusted_core,LogisticRegression,"{'penalty': 'l2', 'C': 1, 'solver': 'lbfgs', 'class_weight': 'None'}",66,0.668,0.6299,0.6773,0.6428,0.2255,0.6135,0.6464,0.6821,0.2388
all_games,era_adjusted_core,LogisticRegression,"{'penalty': 'l2', 'C': 10, 'solver': 'lbfgs', 'class_weight': 'None'}",66,0.6679,0.6302,0.6773,0.6428,0.2255,0.615,0.6448,0.6844,0.2395
all_games,era_adjusted_core,LogisticRegression,"{'penalty': 'l1', 'C': 10, 'solver': 'liblinear', 'class_weight': 'None'}",66,0.6678,0.6302,0.6773,0.6428,0.2255,0.6135,0.6469,0.6805,0.2384
playoffs_only,regular_core_diff_only,LogisticRegression,"{'penalty': 'l1', 'C': 0.1, 'solver': 'liblinear', 'class_weight': 'balanced'}",15,0.6285,0.612,0.6752,0.6428,0.2259,0.5791,0.619,0.6701,0.2388
regular_season_only,era_adjusted_core,LogisticRegression,"{'penalty': 'l1', 'C': 0.01, 'solver': 'liblinear', 'class_weight': 'balanced'}",66,0.6509,0.634,0.6811,0.6429,0.2254,0.645,0.6981,0.6316,0.2202
all_games,era_adjusted_diff_only,HistGradientBoosting,"{'max_iter': 300, 'learning_rate': 0.05}",17,0.6949,0.6362,0.6758,0.643,0.2255,0.6415,0.6875,0.637,0.2228
playoffs_only,era_adjusted_diff_only,LogisticRegression,"{'penalty': 'l1', 'C': 0.1, 'solver': 'liblinear', 'class_weight': 'balanced'}",17,0.6291,0.628,0.675,0.6431,0.2259,0.5881,0.6218,0.6679,0.2379
regular_season_only,regular_core_diff_only,LogisticRegression,"{'penalty': 'l2', 'C': 0.001, 'solver': 'lbfgs', 'class_weight': 'balanced'}",15,0.6526,0.6343,0.6797,0.6431,0.2255,0.6494,0.6986,0.6319,0.2203
regular_season_only,regular_core_diff_only,LogisticRegression,"{'penalty': 'l2', 'C': 0.01, 'solver': 'lbfgs', 'class_weight': 'balanced'}",15,0.6521,0.6319,0.6796,0.6433,0.2256,0.6479,0.6981,0.6321,0.2203
regular_season_only,minimal_strong_diff,LogisticRegression,"{'penalty': 'l2', 'C': 0.001, 'solver': 'lbfgs', 'class_weight': 'balanced'}",9,0.6497,0.6343,0.6807,0.6433,0.2255,0.652,0.6994,0.6314,0.22
playoffs_only,regular_plus_playoff_context,LogisticRegression,"{'penalty': 'l2', 'C': 0.1, 'solver': 'lbfgs', 'class_weight': 'balanced'}",70,0.6256,0.62,0.6663,0.6434,0.2268,0.5821,0.6177,0.6814,0.2436
playoffs_only,regular_plus_playoff_context,LogisticRegression,"{'penalty': 'l1', 'C': 1, 'solver': 'liblinear', 'class_weight': 'balanced'}",70,0.6368,0.628,0.6682,0.6434,0.2269,0.5791,0.618,0.6828,0.2441
regular_season_only,regular_core_diff_only,LogisticRegression,"{'penalty': 'l2', 'C': 10, 'solver': 'lbfgs', 'class_weight': 'balanced'}",15,0.6525,0.6334,0.6792,0.6435,0.2257,0.6477,0.6977,0.6322,0.2204
regular_season_only,era_adjusted_diff_only,LogisticRegression,"{'penalty': 'l2', 'C': 0.001, 'solver': 'lbfgs', 'class_weight': 'balanced'}",17,0.6468,0.6296,0.6796,0.6435,0.2257,0.6469,0.6915,0.6447,0.2241
regular_season_only,regular_core_diff_only,LogisticRegression,"{'penalty': 'l1', 'C': 1, 'solver': 'liblinear', 'class_weight': 'balanced'}",15,0.6525,0.6331,0.6792,0.6435,0.2257,0.6465,0.6976,0.6323,0.2204
regular_season_only,regular_core_diff_only,LogisticRegression,"{'penalty': 'l1', 'C': 10, 'solver': 'liblinear', 'class_weight': 'balanced'}",15,0.6524,0.6325,0.6792,0.6435,0.2257,0.6477,0.6976,0.6323,0.2204
regular_season_only,regular_core_diff_only,LogisticRegression,"{'penalty': 'l2', 'C': 1, 'solver': 'lbfgs', 'class_weight': 'balanced'}",15,0.6524,0.6337,0.6792,0.6435,0.2257,0.6477,0.6977,0.6322,0.2204
regular_season_only,regular_core_diff_only,LogisticRegression,"{'penalty': 'l2', 'C': 100, 'solver': 'lbfgs', 'class_weight': 'balanced'}",15,0.6525,0.6334,0.6792,0.6435,0.2257,0.6477,0.6977,0.6322,0.2204
regular_season_only,regular_core_diff_only,LogisticRegression,"{'penalty': 'l2', 'C': 0.1, 'solver': 'lbfgs', 'class_weight': 'balanced'}",15,0.6525,0.6337,0.6793,0.6435,0.2256,0.6469,0.6978,0.6322,0.2203
regular_season_only,era_adjusted_diff_only,HistGradientBoosting,"{'max_iter': 300, 'learning_rate': 0.05}",17,0.6957,0.637,0.6723,0.6436,0.2257,0.644,0.6895,0.6355,0.2222
regular_season_only,regular_core_diff_only,LogisticRegression,"{'penalty': 'l1', 'C': 0.1, 'solver': 'liblinear', 'class_weight': 'balanced'}",15,0.6519,0.6331,0.6794,0.6436,0.2257,0.6477,0.6978,0.6323,0.2204
all_games,era_adjusted_core,LogisticRegression,"{'penalty': 'l1', 'C': 0.01, 'solver': 'liblinear', 'class_weight': 'balanced'}",66,0.6496,0.6371,0.6796,0.6437,0.2257,0.6426,0.6943,0.6337,0.2212
regular_season_only,minimal_strong_diff,LogisticRegression,"{'penalty': 'l1', 'C': 1, 'solver': 'liblinear', 'class_weight': 'balanced'}",9,0.6511,0.6349,0.6806,0.6437,0.2255,0.6514,0.6994,0.6313,0.2199
regular_season_only,minimal_strong_diff,LogisticRegression,"{'penalty': 'l1', 'C': 10, 'solver': 'liblinear', 'class_weight': 'balanced'}",9,0.6512,0.6349,0.6806,0.6437,0.2255,0.6512,0.6994,0.6313,0.2199
regular_season_only,minimal_strong_diff,LogisticRegression,"{'penalty': 'l2', 'C': 0.01, 'solver': 'lbfgs', 'class_weight': 'balanced'}",9,0.6511,0.6361,0.6806,0.6437,0.2255,0.6518,0.6994,0.6313,0.2199
regular_season_only,minimal_strong_diff,LogisticRegression,"{'penalty': 'l2', 'C': 0.1, 'solver': 'lbfgs', 'class_weight': 'balanced'}",9,0.6509,0.6352,0.6806,0.6437,0.2255,0.6512,0.6994,0.6313,0.2199
regular_season_only,minimal_strong_diff,LogisticRegression,"{'penalty': 'l2', 'C': 1, 'solver': 'lbfgs', 'class_weight': 'balanced'}",9,0.6509,0.6352,0.6806,0.6437,0.2255,0.6512,0.6994,0.6313,0.2199
regular_season_only,minimal_strong_diff,LogisticRegression,"{'penalty': 'l2', 'C': 10, 'solver': 'lbfgs', 'class_weight': 'balanced'}",9,0.651,0.6352,0.6806,0.6437,0.2255,0.6512,0.6994,0.6313,0.2199
regular_season_only,minimal_strong_diff,LogisticRegression,"{'penalty': 'l2', 'C': 100, 'solver': 'lbfgs', 'class_weight': 'balanced'}",9,0.651,0.6352,0.6806,0.6437,0.2255,0.6512,0.6994,0.6313,0.2199
all_games,regular_core_diff_only,LogisticRegression,"{'penalty': 'l2', 'C': 0.001, 'solver': 'lbfgs', 'class_weight': 'balanced'}",15,0.6506,0.6349,0.6788,0.6438,0.2258,0.6455,0.6945,0.6341,0.2213
regular_season_only,minimal_strong_diff,LogisticRegression,"{'penalty': 'l1', 'C': 0.1, 'solver': 'liblinear', 'class_weight': 'balanced'}",9,0.651,0.6343,0.6805,0.6438,0.2256,0.6514,0.6993,0.6314,0.22
playoffs_only,minimal_strong_diff,LogisticRegression,"{'penalty': 'l2', 'C': 0.01, 'solver': 'lbfgs', 'class_weight': 'balanced'}",9,0.6297,0.64,0.6721,0.6438,0.2263,0.594,0.6223,0.6676,0.2376
regular_season_only,era_adjusted_diff_only,LogisticRegression,"{'penalty': 'l2', 'C': 0.01, 'solver': 'lbfgs', 'class_weight': 'balanced'}",17,0.6463,0.6346,0.6789,0.6439,0.226,0.6411,0.6847,0.6623,0.2283
regular_season_only,era_adjusted_diff_only,LogisticRegression,"{'penalty': 'l2', 'C': 0.1, 'solver': 'lbfgs', 'class_weight': 'balanced'}",17,0.6462,0.6373,0.6784,0.644,0.226,0.6393,0.6797,0.6765,0.2315
regular_season_only,era_adjusted_diff_only,LogisticRegression,"{'penalty': 'l1', 'C': 1, 'solver': 'liblinear', 'class_weight': 'balanced'}",17,0.646,0.6373,0.6784,0.644,0.226,0.6395,0.6792,0.6779,0.2318
regular_season_only,regular_all_home_away_diff,LogisticRegression,"{'penalty': 'l2', 'C': 0.001, 'solver': 'lbfgs', 'class_weight': 'balanced'}",196,0.654,0.6325,0.6859,0.644,0.2262,0.6358,0.696,0.6364,0.2229
all_games,regular_core_diff_only,LogisticRegression,"{'penalty': 'l2', 'C': 0.01, 'solver': 'lbfgs', 'class_weight': 'balanced'}",15,0.6514,0.6346,0.6785,0.644,0.2259,0.644,0.6939,0.6344,0.2214
all_games,minimal_strong_diff,LogisticRegression,"{'penalty': 'l2', 'C': 0.001, 'solver': 'lbfgs', 'class_weight': 'balanced'}",9,0.6486,0.636,0.6795,0.644,0.2258,0.647,0.6951,0.6336,0.2211
regular_season_only,era_adjusted_diff_only,LogisticRegression,"{'penalty': 'l1', 'C': 0.1, 'solver': 'liblinear', 'class_weight': 'balanced'}",17,0.6457,0.6352,0.6786,0.644,0.226,0.6424,0.6836,0.6638,0.2288
regular_season_only,era_adjusted_diff_only,LogisticRegression,"{'penalty': 'l2', 'C': 1, 'solver': 'lbfgs', 'class_weight': 'balanced'}",17,0.6461,0.6364,0.6784,0.6441,0.2261,0.6395,0.6789,0.6788,0.232
regular_season_only,era_adjusted_diff_only,LogisticRegression,"{'penalty': 'l2', 'C': 100, 'solver': 'lbfgs', 'class_weight': 'balanced'}",17,0.6462,0.6361,0.6784,0.6441,0.2261,0.6395,0.6789,0.6791,0.2321
regular_season_only,era_adjusted_diff_only,LogisticRegression,"{'penalty': 'l2', 'C': 10, 'solver': 'lbfgs', 'class_weight': 'balanced'}",17,0.6462,0.6361,0.6784,0.6441,0.2261,0.6395,0.6789,0.6791,0.2321
regular_season_only,era_adjusted_diff_only,LogisticRegression,"{'penalty': 'l1', 'C': 10, 'solver': 'liblinear', 'class_weight': 'balanced'}",17,0.6462,0.637,0.6784,0.6441,0.2261,0.6395,0.6788,0.6798,0.2322
all_games,regular_core_diff_only,LogisticRegression,"{'penalty': 'l2', 'C': 0.1, 'solver': 'lbfgs', 'class_weight': 'balanced'}",15,0.6508,0.636,0.6783,0.6442,0.2259,0.6424,0.6934,0.6346,0.2215
regular_season_only,minimal_era_adjusted_diff,LogisticRegression,"{'penalty': 'l2', 'C': 0.001, 'solver': 'lbfgs', 'class_weight': 'balanced'}",7,0.6445,0.6337,0.6807,0.6442,0.2257,0.643,0.6888,0.6633,0.2274
all_games,era_adjusted_diff_only,LogisticRegression,"{'penalty': 'l2', 'C': 0.001, 'solver': 'lbfgs', 'class_weight': 'balanced'}",17,0.6451,0.6299,0.6785,0.6442,0.226,0.6449,0.6876,0.647,0.2251
all_games,regular_core_diff_only,LogisticRegression,"{'penalty': 'l1', 'C': 0.1, 'solver': 'liblinear', 'class_weight': 'balanced'}",15,0.6503,0.636,0.6785,0.6442,0.2259,0.6422,0.6936,0.6346,0.2214
all_games,regular_core_diff_only,LogisticRegression,"{'penalty': 'l2', 'C': 10, 'solver': 'lbfgs', 'class_weight': 'balanced'}",15,0.6507,0.6368,0.6783,0.6442,0.2259,0.6424,0.6933,0.6347,0.2215
all_games,regular_core_diff_only,LogisticRegression,"{'penalty': 'l2', 'C': 100, 'solver': 'lbfgs', 'class_weight': 'balanced'}",15,0.6507,0.6365,0.6783,0.6442,0.2259,0.6424,0.6933,0.6347,0.2215
all_games,regular_core_diff_only,LogisticRegression,"{'penalty': 'l1', 'C': 10, 'solver': 'liblinear', 'class_weight': 'balanced'}",15,0.6507,0.6365,0.6783,0.6442,0.2259,0.6424,0.6933,0.6347,0.2215
all_games,regular_core_diff_only,LogisticRegression,"{'penalty': 'l2', 'C': 1, 'solver': 'lbfgs', 'class_weight': 'balanced'}",15,0.6508,0.6365,0.6783,0.6442,0.2259,0.6426,0.6933,0.6347,0.2215
all_games,regular_core_diff_only,LogisticRegression,"{'penalty': 'l1', 'C': 1, 'solver': 'liblinear', 'class_weight': 'balanced'}",15,0.6508,0.6371,0.6783,0.6442,0.2259,0.642,0.6933,0.6347,0.2215
playoffs_only,minimal_strong_diff,LogisticRegression,"{'penalty': 'l1', 'C': 1, 'solver': 'liblinear', 'class_weight': 'balanced'}",9,0.635,0.644,0.6706,0.6443,0.2265,0.5881,0.622,0.6693,0.2383
all_games,minimal_strong_diff,LogisticRegression,"{'penalty': 'l2', 'C': 0.01, 'solver': 'lbfgs', 'class_weight': 'balanced'}",9,0.6492,0.6379,0.6793,0.6444,0.2258,0.6467,0.6951,0.6337,0.221
regular_season_only,regular_core_diff_only,LogisticRegression,"{'penalty': 'l1', 'C': 0.01, 'solver': 'liblinear', 'class_weight': 'balanced'}",15,0.6506,0.6325,0.6798,0.6444,0.226,0.6465,0.6981,0.6328,0.2206
all_games,minimal_strong_diff,LogisticRegression,"{'penalty': 'l1', 'C': 1, 'solver': 'liblinear', 'class_weight': 'balanced'}",9,0.6496,0.6384,0.6793,0.6445,0.2259,0.648,0.6951,0.6337,0.221
all_games,minimal_strong_diff,LogisticRegression,"{'penalty': 'l2', 'C': 100, 'solver': 'lbfgs', 'class_weight': 'balanced'}",9,0.6495,0.6379,0.6793,0.6445,0.2259,0.6474,0.6951,0.6337,0.221
all_games,minimal_strong_diff,LogisticRegression,"{'penalty': 'l2', 'C': 10, 'solver': 'lbfgs', 'class_weight': 'balanced'}",9,0.6495,0.6379,0.6793,0.6445,0.2259,0.6474,0.6951,0.6337,0.221
all_games,minimal_strong_diff,LogisticRegression,"{'penalty': 'l2', 'C': 0.1, 'solver': 'lbfgs', 'class_weight': 'balanced'}",9,0.6495,0.6379,0.6793,0.6445,0.2259,0.6472,0.6951,0.6337,0.221
all_games,minimal_strong_diff,LogisticRegression,"{'penalty': 'l1', 'C': 10, 'solver': 'liblinear', 'class_weight': 'balanced'}",9,0.6496,0.6382,0.6793,0.6445,0.2259,0.6476,0.6951,0.6337,0.221
all_games,minimal_strong_diff,LogisticRegression,"{'penalty': 'l2', 'C': 1, 'solver': 'lbfgs', 'class_weight': 'balanced'}",9,0.6494,0.6379,0.6793,0.6445,0.2259,0.6474,0.6951,0.6337,0.221
playoffs_only,regular_plus_playoff_context,LogisticRegression,"{'penalty': 'l2', 'C': 0.001, 'solver': 'lbfgs', 'class_weight': 'balanced'}",70,0.6279,0.64,0.6762,0.6445,0.2265,0.6149,0.6279,0.6604,0.2341
all_games,era_adjusted_diff_only,LogisticRegression,"{'penalty': 'l1', 'C': 0.1, 'solver': 'liblinear', 'class_weight': 'balanced'}",17,0.6446,0.6349,0.6779,0.6446,0.2262,0.6378,0.6804,0.6645,0.2295
all_games,minimal_strong_diff,LogisticRegression,"{'penalty': 'l1', 'C': 0.1, 'solver': 'liblinear', 'class_weight': 'balanced'}",9,0.649,0.6376,0.6792,0.6446,0.2259,0.6468,0.695,0.6338,0.2211
all_games,era_adjusted_diff_only,LogisticRegression,"{'penalty': 'l2', 'C': 0.01, 'solver': 'lbfgs', 'class_weight': 'balanced'}",17,0.6446,0.6351,0.678,0.6446,0.2262,0.6392,0.6813,0.6635,0.2291
regular_season_only,era_adjusted_diff_only,LogisticRegression,"{'penalty': 'l1', 'C': 0.01, 'solver': 'liblinear', 'class_weight': 'balanced'}",17,0.6453,0.6355,0.6799,0.6446,0.2262,0.6444,0.689,0.651,0.2258
playoffs_only,minimal_strong_diff,LogisticRegression,"{'penalty': 'l2', 'C': 0.1, 'solver': 'lbfgs', 'class_weight': 'balanced'}",9,0.6327,0.64,0.6699,0.6446,0.2266,0.5881,0.6211,0.6696,0.2384
all_games,era_adjusted_diff_only,LogisticRegression,"{'penalty': 'l1', 'C': 1, 'solver': 'liblinear', 'class_weight': 'balanced'}",17,0.6448,0.6362,0.6776,0.6447,0.2263,0.6361,0.6763,0.6772,0.2323
all_games,era_adjusted_diff_only,LogisticRegression,"{'penalty': 'l2', 'C': 0.1, 'solver': 'lbfgs', 'class_weight': 'balanced'}",17,0.6446,0.636,0.6777,0.6447,0.2263,0.6357,0.6767,0.6761,0.2321
all_games,era_adjusted_diff_only,LogisticRegression,"{'penalty': 'l2', 'C': 1, 'solver': 'lbfgs', 'class_weight': 'balanced'}",17,0.6448,0.6357,0.6776,0.6447,0.2263,0.6367,0.6759,0.6785,0.2326
all_games,era_adjusted_diff_only,LogisticRegression,"{'penalty': 'l2', 'C': 100, 'solver': 'lbfgs', 'class_weight': 'balanced'}",17,0.6449,0.6357,0.6776,0.6447,0.2263,0.6367,0.6758,0.6787,0.2326
all_games,era_adjusted_diff_only,LogisticRegression,"{'penalty': 'l2', 'C': 10, 'solver': 'lbfgs', 'class_weight': 'balanced'}",17,0.6449,0.6357,0.6776,0.6447,0.2263,0.6367,0.6759,0.6787,0.2326
all_games,era_adjusted_diff_only,LogisticRegression,"{'penalty': 'l1', 'C': 10, 'solver': 'liblinear', 'class_weight': 'balanced'}",17,0.6446,0.6368,0.6776,0.6447,0.2263,0.6361,0.6759,0.6784,0.2325
playoffs_only,percentile_core,LogisticRegression,"{'penalty': 'l1', 'C': 0.1, 'solver': 'liblinear', 'class_weight': 'balanced'}",51,0.6014,0.604,0.6661,0.6447,0.2271,0.591,0.615,0.6636,0.2359
all_games,regular_all_home_away_diff,LogisticRegression,"{'penalty': 'l2', 'C': 0.001, 'solver': 'lbfgs', 'class_weight': 'balanced'}",196,0.6527,0.6315,0.6842,0.6449,0.2265,0.6342,0.692,0.6382,0.2237
all_games,minimal_era_adjusted_diff,LogisticRegression,"{'penalty': 'l2', 'C': 0.001, 'solver': 'lbfgs', 'class_weight': 'balanced'}",7,0.6417,0.6313,0.6794,0.6449,0.226,0.6392,0.6842,0.6661,0.2287
regular_season_only,minimal_strong_diff,LogisticRegression,"{'penalty': 'l1', 'C': 0.01, 'solver': 'liblinear', 'class_weight': 'balanced'}",9,0.6484,0.6334,0.68,0.6449,0.2261,0.6448,0.6985,0.6325,0.2205
playoffs_only,minimal_strong_diff,LogisticRegression,"{'penalty': 'l2', 'C': 10, 'solver': 'lbfgs', 'class_weight': 'balanced'}",9,0.6321,0.644,0.6692,0.645,0.2268,0.5851,0.6211,0.6702,0.2386
playoffs_only,minimal_strong_diff,LogisticRegression,"{'penalty': 'l2', 'C': 100, 'solver': 'lbfgs', 'class_weight': 'balanced'}",9,0.6321,0.644,0.6692,0.645,0.2268,0.5851,0.6211,0.6702,0.2386
all_games,regular_plus_playoff_context,LogisticRegression,"{'penalty': 'l2', 'C': 0.001, 'solver': 'lbfgs', 'class_weight': 'None'}",70,0.6662,0.6296,0.6702,0.645,0.2264,0.6478,0.696,0.6325,0.2206
playoffs_only,minimal_strong_diff,LogisticRegression,"{'penalty': 'l1', 'C': 10, 'solver': 'liblinear', 'class_weight': 'balanced'}",9,0.6327,0.644,0.6697,0.645,0.2268,0.5851,0.6207,0.6701,0.2386
playoffs_only,minimal_strong_diff,LogisticRegression,"{'penalty': 'l2', 'C': 1, 'solver': 'lbfgs', 'class_weight': 'balanced'}",9,0.6327,0.644,0.6687,0.645,0.2268,0.591,0.6205,0.6701,0.2386
all_games,regular_core_diff_only,LogisticRegression,"{'penalty': 'l1', 'C': 0.01, 'solver': 'liblinear', 'class_weight': 'balanced'}",15,0.6488,0.6338,0.6785,0.6451,0.2263,0.6436,0.6939,0.6351,0.2217
playoffs_only,regular_core_diff_only,LogisticRegression,"{'penalty': 'l2', 'C': 0.01, 'solver': 'lbfgs', 'class_weight': 'balanced'}",15,0.6309,0.648,0.6708,0.6451,0.2268,0.5881,0.6176,0.6723,0.2396
regular_season_only,regular_core_home_away_diff,LogisticRegression,"{'penalty': 'l1', 'C': 0.1, 'solver': 'liblinear', 'class_weight': 'balanced'}",49,0.6526,0.6316,0.6797,0.6452,0.2265,0.6477,0.6982,0.631,0.2199
regular_season_only,minimal_era_adjusted_diff,LogisticRegression,"{'penalty': 'l2', 'C': 0.01, 'solver': 'lbfgs', 'class_weight': 'balanced'}",7,0.6442,0.6308,0.6803,0.6452,0.226,0.6432,0.6882,0.6728,0.2288
regular_season_only,minimal_era_adjusted_diff,LogisticRegression,"{'penalty': 'l2', 'C': 0.1, 'solver': 'lbfgs', 'class_weight': 'balanced'}",7,0.6447,0.6313,0.6802,0.6452,0.226,0.6434,0.6884,0.6709,0.2285
regular_season_only,minimal_era_adjusted_diff,LogisticRegression,"{'penalty': 'l2', 'C': 1, 'solver': 'lbfgs', 'class_weight': 'balanced'}",7,0.6445,0.6319,0.6802,0.6452,0.226,0.6436,0.6885,0.6698,0.2284
regular_season_only,regular_core_home_away_diff,LogisticRegression,"{'penalty': 'l2', 'C': 0.001, 'solver': 'lbfgs', 'class_weight': 'balanced'}",49,0.6527,0.6302,0.6805,0.6452,0.2265,0.6481,0.6994,0.6313,0.22
regular_season_only,regular_plus_playoff_context,LogisticRegression,"{'penalty': 'l2', 'C': 0.01, 'solver': 'lbfgs', 'class_weight': 'balanced'}",70,0.653,0.6305,0.6792,0.6452,0.2265,0.6459,0.6978,0.6315,0.2201
regular_season_only,regular_plus_playoff_context,LogisticRegression,"{'penalty': 'l2', 'C': 0.001, 'solver': 'lbfgs', 'class_weight': 'balanced'}",70,0.6527,0.6302,0.6805,0.6452,0.2265,0.6481,0.6994,0.6313,0.22
regular_season_only,regular_core_home_away_diff,LogisticRegression,"{'penalty': 'l2', 'C': 0.01, 'solver': 'lbfgs', 'class_weight': 'balanced'}",49,0.653,0.6305,0.6792,0.6452,0.2265,0.6459,0.6978,0.6315,0.2201
regular_season_only,regular_plus_playoff_context,LogisticRegression,"{'penalty': 'l1', 'C': 0.1, 'solver': 'liblinear', 'class_weight': 'balanced'}",70,0.6525,0.6319,0.6797,0.6452,0.2265,0.6479,0.6983,0.631,0.2199
regular_season_only,minimal_era_adjusted_diff,LogisticRegression,"{'penalty': 'l1', 'C': 0.1, 'solver': 'liblinear', 'class_weight': 'balanced'}",7,0.6446,0.6325,0.6801,0.6452,0.226,0.6438,0.6887,0.667,0.228
regular_season_only,minimal_era_adjusted_diff,LogisticRegression,"{'penalty': 'l2', 'C': 100, 'solver': 'lbfgs', 'class_weight': 'balanced'}",7,0.6445,0.6316,0.6802,0.6452,0.226,0.6436,0.6885,0.6696,0.2283
regular_season_only,minimal_era_adjusted_diff,LogisticRegression,"{'penalty': 'l1', 'C': 10, 'solver': 'liblinear', 'class_weight': 'balanced'}",7,0.6446,0.6316,0.6802,0.6452,0.226,0.6436,0.6885,0.6697,0.2284
regular_season_only,minimal_era_adjusted_diff,LogisticRegression,"{'penalty': 'l2', 'C': 10, 'solver': 'lbfgs', 'class_weight': 'balanced'}",7,0.6445,0.6316,0.6802,0.6452,0.226,0.6434,0.6885,0.6696,0.2283
regular_season_only,minimal_era_adjusted_diff,LogisticRegression,"{'penalty': 'l1', 'C': 1, 'solver': 'liblinear', 'class_weight': 'balanced'}",7,0.6446,0.6319,0.6802,0.6452,0.226,0.6436,0.6885,0.6696,0.2283
all_games,era_adjusted_diff_only,LogisticRegression,"{'penalty': 'l1', 'C': 0.01, 'solver': 'liblinear', 'class_weight': 'balanced'}",17,0.6441,0.6349,0.6788,0.6453,0.2264,0.6424,0.6852,0.6525,0.2267
regular_season_only,percentile_core,LogisticRegression,"{'penalty': 'l1', 'C': 0.001, 'solver': 'liblinear', 'class_weight': 'balanced'}",51,0.6415,0.6287,0.6805,0.6453,0.2269,0.6442,0.6854,0.6422,0.2254
playoffs_only,regular_core_home_away_diff,LogisticRegression,"{'penalty': 'l1', 'C': 0.1, 'solver': 'liblinear', 'class_weight': 'balanced'}",49,0.6291,0.612,0.6659,0.6454,0.2272,0.5851,0.618,0.6677,0.2377
all_games,regular_core_home_away_diff,LogisticRegression,"{'penalty': 'l2', 'C': 0.01, 'solver': 'lbfgs', 'class_weight': 'balanced'}",49,0.6514,0.6285,0.6778,0.6455,0.2266,0.6436,0.6938,0.6333,0.2209
all_games,minimal_era_adjusted_diff,HistGradientBoosting,"{'max_iter': 300, 'learning_rate': 0.05}",7,0.6799,0.6393,0.6713,0.6455,0.2265,0.6426,0.6821,0.6434,0.2252
all_games,regular_core_home_away_diff,LogisticRegression,"{'penalty': 'l2', 'C': 0.001, 'solver': 'lbfgs', 'class_weight': 'balanced'}",49,0.6516,0.6285,0.6791,0.6455,0.2266,0.6447,0.6954,0.6331,0.2208
all_games,regular_core_home_away_diff,LogisticRegression,"{'penalty': 'l1', 'C': 0.1, 'solver': 'liblinear', 'class_weight': 'balanced'}",49,0.651,0.6296,0.6784,0.6456,0.2266,0.6445,0.6942,0.6329,0.2208
all_games,percentile_core,LogisticRegression,"{'penalty': 'l1', 'C': 0.001, 'solver': 'liblinear', 'class_weight': 'balanced'}",51,0.6405,0.6299,0.6796,0.6456,0.227,0.6407,0.6812,0.644,0.2263
all_games,minimal_strong_diff,LogisticRegression,"{'penalty': 'l1', 'C': 0.01, 'solver': 'liblinear', 'class_weight': 'balanced'}",9,0.6469,0.6343,0.6786,0.6456,0.2264,0.6419,0.6942,0.6349,0.2216
regular_season_only,minimal_era_adjusted_diff,LogisticRegression,"{'penalty': 'l1', 'C': 0.01, 'solver': 'liblinear', 'class_weight': 'balanced'}",7,0.6433,0.6328,0.6795,0.6457,0.2264,0.6434,0.6883,0.6628,0.2277
playoffs_only,minimal_era_adjusted_diff,LogisticRegression,"{'penalty': 'l1', 'C': 0.1, 'solver': 'liblinear', 'class_weight': 'balanced'}",7,0.6126,0.652,0.6665,0.6457,0.2273,0.5731,0.6095,0.7153,0.2521
regular_season_only,regular_plus_playoff_context,LogisticRegression,"{'penalty': 'l1', 'C': 1, 'solver': 'liblinear', 'class_weight': 'balanced'}",70,0.6532,0.631,0.6785,0.6457,0.2267,0.6465,0.6968,0.6324,0.2205
regular_season_only,regular_core_home_away_diff,LogisticRegression,"{'penalty': 'l1', 'C': 1, 'solver': 'liblinear', 'class_weight': 'balanced'}",49,0.6533,0.6313,0.6785,0.6457,0.2267,0.6463,0.6968,0.6324,0.2205
all_games,minimal_era_adjusted_diff,LogisticRegression,"{'penalty': 'l1', 'C': 10, 'solver': 'liblinear', 'class_weight': 'balanced'}",7,0.6426,0.6321,0.6789,0.6458,0.2263,0.6396,0.6842,0.6704,0.2294
all_games,minimal_era_adjusted_diff,LogisticRegression,"{'penalty': 'l2', 'C': 10, 'solver': 'lbfgs', 'class_weight': 'balanced'}",7,0.6426,0.6324,0.6789,0.6458,0.2263,0.6396,0.6842,0.6703,0.2293
all_games,minimal_era_adjusted_diff,LogisticRegression,"{'penalty': 'l2', 'C': 1, 'solver': 'lbfgs', 'class_weight': 'balanced'}",7,0.6426,0.6321,0.6789,0.6458,0.2263,0.6396,0.6842,0.6704,0.2294
all_games,minimal_era_adjusted_diff,LogisticRegression,"{'penalty': 'l1', 'C': 1, 'solver': 'liblinear', 'class_weight': 'balanced'}",7,0.6426,0.6321,0.6789,0.6458,0.2263,0.6396,0.6842,0.6701,0.2293
all_games,minimal_era_adjusted_diff,LogisticRegression,"{'penalty': 'l2', 'C': 100, 'solver': 'lbfgs', 'class_weight': 'balanced'}",7,0.6426,0.6324,0.6789,0.6458,0.2263,0.6396,0.6842,0.6702,0.2293
regular_season_only,regular_core_home_away_diff,LogisticRegression,"{'penalty': 'l2', 'C': 0.1, 'solver': 'lbfgs', 'class_weight': 'balanced'}",49,0.6532,0.6305,0.6786,0.6458,0.2267,0.6471,0.6969,0.6326,0.2205
regular_season_only,regular_all_home_away_diff,LogisticRegression,"{'penalty': 'l2', 'C': 0.01, 'solver': 'lbfgs', 'class_weight': 'balanced'}",196,0.6558,0.6331,0.6861,0.6458,0.2269,0.6007,0.6597,0.6698,0.2372
all_games,minimal_era_adjusted_diff,LogisticRegression,"{'penalty': 'l1', 'C': 0.1, 'solver': 'liblinear', 'class_weight': 'balanced'}",7,0.6431,0.6321,0.6788,0.6458,0.2263,0.6386,0.6844,0.6678,0.229
regular_season_only,regular_plus_playoff_context,LogisticRegression,"{'penalty': 'l2', 'C': 0.1, 'solver': 'lbfgs', 'class_weight': 'balanced'}",70,0.6532,0.6305,0.6786,0.6458,0.2267,0.6471,0.6969,0.6326,0.2205
regular_season_only,regular_all_home_away_diff,LogisticRegression,"{'penalty': 'l1', 'C': 0.001, 'solver': 'liblinear', 'class_weight': 'balanced'}",196,0.6449,0.6269,0.6809,0.6458,0.2269,0.6378,0.6974,0.6356,0.2223
regular_season_only,regular_all_home_away_diff,LogisticRegression,"{'penalty': 'l1', 'C': 0.01, 'solver': 'liblinear', 'class_weight': 'balanced'}",196,0.6504,0.6293,0.6838,0.6458,0.2267,0.6413,0.6984,0.6345,0.2218
all_games,regular_all_home_away_diff,LogisticRegression,"{'penalty': 'l1', 'C': 0.01, 'solver': 'liblinear', 'class_weight': 'balanced'}",196,0.6488,0.628,0.6822,0.6459,0.2267,0.6365,0.6948,0.6358,0.2223
regular_season_only,regular_plus_playoff_context,LogisticRegression,"{'penalty': 'l2', 'C': 1, 'solver': 'lbfgs', 'class_weight': 'balanced'}",70,0.6528,0.6302,0.6783,0.6459,0.2267,0.6463,0.6968,0.6325,0.2205
regular_season_only,regular_plus_playoff_context,LogisticRegression,"{'penalty': 'l2', 'C': 10, 'solver': 'lbfgs', 'class_weight': 'balanced'}",70,0.6527,0.6302,0.6781,0.6459,0.2267,0.6459,0.6966,0.6325,0.2205
regular_season_only,regular_core_home_away_diff,LogisticRegression,"{'penalty': 'l2', 'C': 1, 'solver': 'lbfgs', 'class_weight': 'balanced'}",49,0.6528,0.6302,0.6783,0.6459,0.2267,0.6463,0.6968,0.6325,0.2205
regular_season_only,regular_core_home_away_diff,LogisticRegression,"{'penalty': 'l2', 'C': 10, 'solver': 'lbfgs', 'class_weight': 'balanced'}",49,0.6527,0.6302,0.6781,0.6459,0.2267,0.6459,0.6966,0.6325,0.2205
regular_season_only,regular_plus_playoff_context,LogisticRegression,"{'penalty': 'l1', 'C': 10, 'solver': 'liblinear', 'class_weight': 'balanced'}",70,0.6528,0.6308,0.6783,0.6459,0.2268,0.6469,0.6967,0.6327,0.2205
all_games,minimal_era_adjusted_diff,LogisticRegression,"{'penalty': 'l2', 'C': 0.1, 'solver': 'lbfgs', 'class_weight': 'balanced'}",7,0.6423,0.6327,0.6789,0.6459,0.2263,0.6394,0.6841,0.6718,0.2296
all_games,minimal_era_adjusted_diff,LogisticRegression,"{'penalty': 'l2', 'C': 0.01, 'solver': 'lbfgs', 'class_weight': 'balanced'}",7,0.6422,0.6335,0.679,0.6459,0.2263,0.639,0.6837,0.675,0.2301
regular_season_only,regular_core_home_away_diff,LogisticRegression,"{'penalty': 'l1', 'C': 10, 'solver': 'liblinear', 'class_weight': 'balanced'}",49,0.6527,0.631,0.6782,0.6459,0.2268,0.6467,0.6967,0.6326,0.2205
all_games,regular_core_home_away_diff,LogisticRegression,"{'penalty': 'l1', 'C': 1, 'solver': 'liblinear', 'class_weight': 'balanced'}",49,0.6518,0.6285,0.6772,0.646,0.2268,0.6426,0.693,0.6341,0.2213
regular_season_only,regular_plus_playoff_context,LogisticRegression,"{'penalty': 'l2', 'C': 100, 'solver': 'lbfgs', 'class_weight': 'balanced'}",70,0.6525,0.6305,0.6782,0.646,0.2268,0.6465,0.6966,0.6326,0.2205
regular_season_only,regular_core_home_away_diff,LogisticRegression,"{'penalty': 'l2', 'C': 100, 'solver': 'lbfgs', 'class_weight': 'balanced'}",49,0.6525,0.6305,0.6782,0.646,0.2268,0.6465,0.6966,0.6326,0.2205
all_games,regular_core_home_away_diff,LogisticRegression,"{'penalty': 'l2', 'C': 0.1, 'solver': 'lbfgs', 'class_weight': 'balanced'}",49,0.6517,0.6277,0.6772,0.6461,0.2268,0.6438,0.693,0.6342,0.2213
all_games,regular_core_home_away_diff,LogisticRegression,"{'penalty': 'l1', 'C': 10, 'solver': 'liblinear', 'class_weight': 'balanced'}",49,0.6515,0.628,0.677,0.6462,0.2269,0.643,0.6929,0.6344,0.2213
all_games,regular_core_home_away_diff,LogisticRegression,"{'penalty': 'l2', 'C': 1, 'solver': 'lbfgs', 'class_weight': 'balanced'}",49,0.6515,0.6277,0.6768,0.6463,0.2269,0.643,0.6928,0.6344,0.2213
all_games,regular_core_home_away_diff,LogisticRegression,"{'penalty': 'l2', 'C': 10, 'solver': 'lbfgs', 'class_weight': 'balanced'}",49,0.6514,0.6296,0.6768,0.6464,0.2269,0.6426,0.6928,0.6344,0.2213
all_games,minimal_era_adjusted_diff,LogisticRegression,"{'penalty': 'l1', 'C': 0.01, 'solver': 'liblinear', 'class_weight': 'balanced'}",7,0.6415,0.6324,0.6782,0.6464,0.2267,0.6388,0.6838,0.6654,0.2289
playoffs_only,minimal_era_adjusted_diff,LogisticRegression,"{'penalty': 'l2', 'C': 0.01, 'solver': 'lbfgs', 'class_weight': 'balanced'}",7,0.6185,0.624,0.6665,0.6464,0.2275,0.5821,0.6085,0.7095,0.2503
all_games,regular_all_home_away_diff,LogisticRegression,"{'penalty': 'l1', 'C': 0.001, 'solver': 'liblinear', 'class_weight': 'balanced'}",196,0.6426,0.6266,0.6796,0.6464,0.2272,0.6338,0.6931,0.6374,0.2231
all_games,regular_core_home_away_diff,LogisticRegression,"{'penalty': 'l2', 'C': 100, 'solver': 'lbfgs', 'class_weight': 'balanced'}",49,0.6514,0.6285,0.6768,0.6464,0.227,0.6432,0.6929,0.6345,0.2214
playoffs_only,era_adjusted_diff_only,LogisticRegression,"{'penalty': 'l2', 'C': 0.01, 'solver': 'lbfgs', 'class_weight': 'balanced'}",17,0.6344,0.644,0.6685,0.6465,0.2273,0.5791,0.6172,0.68,0.2421
regular_season_only,regular_core_home_away_diff,LogisticRegression,"{'penalty': 'l1', 'C': 0.01, 'solver': 'liblinear', 'class_weight': 'balanced'}",49,0.651,0.6287,0.6813,0.6465,0.227,0.6461,0.6983,0.6326,0.2206
regular_season_only,regular_plus_playoff_context,LogisticRegression,"{'penalty': 'l1', 'C': 0.01, 'solver': 'liblinear', 'class_weight': 'balanced'}",70,0.6509,0.6281,0.6813,0.6465,0.227,0.6463,0.6983,0.6326,0.2206
all_games,regular_core_home_away_diff,LogisticRegression,"{'penalty': 'l1', 'C': 0.01, 'solver': 'liblinear', 'class_weight': 'balanced'}",49,0.6498,0.6282,0.6797,0.6466,0.2271,0.6424,0.6944,0.6344,0.2215
all_games,regular_all_home_away_diff,LogisticRegression,"{'penalty': 'l2', 'C': 0.01, 'solver': 'lbfgs', 'class_weight': 'balanced'}",196,0.6539,0.6285,0.6848,0.6467,0.2272,0.5962,0.6554,0.6728,0.2385
regular_season_only,regular_all_home_away_diff,LogisticRegression,"{'penalty': 'l1', 'C': 0.1, 'solver': 'liblinear', 'class_weight': 'balanced'}",196,0.655,0.634,0.6871,0.6469,0.2273,0.5952,0.6497,0.681,0.2412
playoffs_only,minimal_era_adjusted_diff,LogisticRegression,"{'penalty': 'l1', 'C': 1, 'solver': 'liblinear', 'class_weight': 'balanced'}",7,0.6221,0.636,0.6639,0.6469,0.2278,0.591,0.609,0.6991,0.2482
playoffs_only,regular_core_diff_only,LogisticRegression,"{'penalty': 'l1', 'C': 1, 'solver': 'liblinear', 'class_weight': 'balanced'}",15,0.6285,0.632,0.6694,0.6469,0.2276,0.5791,0.6161,0.6758,0.241
playoffs_only,minimal_era_adjusted_diff,LogisticRegression,"{'penalty': 'l2', 'C': 0.1, 'solver': 'lbfgs', 'class_weight': 'balanced'}",7,0.6179,0.636,0.6651,0.6469,0.2278,0.5881,0.6085,0.7132,0.2515
playoffs_only,regular_core_home_away_diff,LogisticRegression,"{'penalty': 'l2', 'C': 0.01, 'solver': 'lbfgs', 'class_weight': 'balanced'}",49,0.6333,0.64,0.6676,0.647,0.2275,0.603,0.6171,0.6682,0.2375
playoffs_only,minimal_era_adjusted_diff,LogisticRegression,"{'penalty': 'l2', 'C': 1, 'solver': 'lbfgs', 'class_weight': 'balanced'}",7,0.6197,0.636,0.664,0.6471,0.2279,0.5821,0.6077,0.6869,0.2449
playoffs_only,minimal_era_adjusted_diff,LogisticRegression,"{'penalty': 'l2', 'C': 10, 'solver': 'lbfgs', 'class_weight': 'balanced'}",7,0.6226,0.636,0.6645,0.6472,0.2279,0.5821,0.6117,0.6785,0.2423
playoffs_only,minimal_era_adjusted_diff,LogisticRegression,"{'penalty': 'l1', 'C': 10, 'solver': 'liblinear', 'class_weight': 'balanced'}",7,0.6226,0.636,0.6643,0.6472,0.2279,0.5821,0.6109,0.679,0.2424
playoffs_only,minimal_era_adjusted_diff,LogisticRegression,"{'penalty': 'l2', 'C': 100, 'solver': 'lbfgs', 'class_weight': 'balanced'}",7,0.6226,0.636,0.6643,0.6473,0.2279,0.5821,0.6125,0.6777,0.242
all_games,regular_all_home_away_diff,LogisticRegression,"{'penalty': 'l1', 'C': 0.1, 'solver': 'liblinear', 'class_weight': 'balanced'}",196,0.6536,0.6315,0.6859,0.6473,0.2274,0.5945,0.648,0.6819,0.2416
playoffs_only,regular_core_diff_only,LogisticRegression,"{'penalty': 'l2', 'C': 0.1, 'solver': 'lbfgs', 'class_weight': 'balanced'}",15,0.6291,0.632,0.6671,0.6476,0.2279,0.5821,0.6174,0.6759,0.2411
playoffs_only,regular_plus_playoff_context,LogisticRegression,"{'penalty': 'l2', 'C': 1, 'solver': 'lbfgs', 'class_weight': 'balanced'}",70,0.635,0.636,0.6657,0.6478,0.2288,0.5672,0.6153,0.6927,0.2486
playoffs_only,percentile_core,LogisticRegression,"{'penalty': 'l2', 'C': 0.001, 'solver': 'lbfgs', 'class_weight': 'balanced'}",51,0.6215,0.628,0.6681,0.6478,0.2282,0.591,0.6254,0.6619,0.2349
regular_season_only,minimal_strong_diff,LogisticRegression,"{'penalty': 'l1', 'C': 0.001, 'solver': 'liblinear', 'class_weight': 'balanced'}",9,0.6451,0.6296,0.6795,0.6481,0.2279,0.6356,0.6979,0.6368,0.2227
regular_season_only,regular_core_home_away_diff,LogisticRegression,"{'penalty': 'l1', 'C': 0.001, 'solver': 'liblinear', 'class_weight': 'balanced'}",49,0.645,0.6296,0.6795,0.6481,0.2279,0.6356,0.6979,0.6368,0.2227
regular_season_only,regular_core_diff_only,LogisticRegression,"{'penalty': 'l1', 'C': 0.001, 'solver': 'liblinear', 'class_weight': 'balanced'}",15,0.6451,0.6299,0.6795,0.6481,0.2279,0.6356,0.6979,0.6368,0.2227
regular_season_only,era_adjusted_core,LogisticRegression,"{'penalty': 'l1', 'C': 0.001, 'solver': 'liblinear', 'class_weight': 'balanced'}",66,0.645,0.6293,0.6795,0.6481,0.2279,0.6354,0.6979,0.6368,0.2227
regular_season_only,regular_plus_playoff_context,LogisticRegression,"{'penalty': 'l1', 'C': 0.001, 'solver': 'liblinear', 'class_weight': 'balanced'}",70,0.6451,0.6299,0.6795,0.6481,0.2279,0.6356,0.6979,0.6368,0.2227
regular_season_only,era_adjusted_diff_only,LogisticRegression,"{'penalty': 'l1', 'C': 0.001, 'solver': 'liblinear', 'class_weight': 'balanced'}",17,0.6401,0.6305,0.6795,0.6482,0.228,0.6364,0.6889,0.6466,0.2259
playoffs_only,regular_core_home_away_diff,LogisticRegression,"{'penalty': 'l2', 'C': 0.001, 'solver': 'lbfgs', 'class_weight': 'balanced'}",49,0.6279,0.664,0.6724,0.6484,0.2283,0.5761,0.6207,0.6637,0.2357
regular_season_only,minimal_era_adjusted_diff,LogisticRegression,"{'penalty': 'l1', 'C': 0.001, 'solver': 'liblinear', 'class_weight': 'balanced'}",7,0.6231,0.6239,0.6787,0.6485,0.2281,0.6368,0.687,0.6535,0.2275
all_games,regular_plus_playoff_context,LogisticRegression,"{'penalty': 'l1', 'C': 0.1, 'solver': 'liblinear', 'class_weight': 'None'}",70,0.6665,0.6269,0.667,0.6485,0.2276,0.6449,0.6952,0.6335,0.2211
all_games,regular_core_home_away_diff,LogisticRegression,"{'penalty': 'l1', 'C': 0.001, 'solver': 'liblinear', 'class_weight': 'balanced'}",49,0.6431,0.6302,0.678,0.6487,0.2282,0.6321,0.6935,0.6385,0.2236
all_games,minimal_strong_diff,LogisticRegression,"{'penalty': 'l1', 'C': 0.001, 'solver': 'liblinear', 'class_weight': 'balanced'}",9,0.6431,0.6302,0.678,0.6487,0.2282,0.6319,0.6935,0.6385,0.2236
all_games,regular_plus_playoff_context,LogisticRegression,"{'penalty': 'l1', 'C': 0.001, 'solver': 'liblinear', 'class_weight': 'balanced'}",70,0.6432,0.6296,0.678,0.6487,0.2282,0.6319,0.6935,0.6385,0.2235
all_games,era_adjusted_core,LogisticRegression,"{'penalty': 'l1', 'C': 0.001, 'solver': 'liblinear', 'class_weight': 'balanced'}",66,0.6431,0.6302,0.678,0.6487,0.2282,0.6315,0.6935,0.6385,0.2236
playoffs_only,regular_all_home_away_diff,LogisticRegression,"{'penalty': 'l2', 'C': 0.001, 'solver': 'lbfgs', 'class_weight': 'balanced'}",196,0.6303,0.616,0.6616,0.6487,0.2287,0.5761,0.624,0.6636,0.2354
playoffs_only,era_adjusted_core,LogisticRegression,"{'penalty': 'l2', 'C': 0.001, 'solver': 'lbfgs', 'class_weight': 'balanced'}",66,0.6344,0.592,0.6666,0.6487,0.2286,0.5821,0.6194,0.669,0.2377
all_games,regular_core_diff_only,LogisticRegression,"{'penalty': 'l1', 'C': 0.001, 'solver': 'liblinear', 'class_weight': 'balanced'}",15,0.6432,0.6299,0.678,0.6487,0.2282,0.6319,0.6935,0.6385,0.2236
playoffs_only,era_adjusted_diff_only,LogisticRegression,"{'penalty': 'l2', 'C': 0.1, 'solver': 'lbfgs', 'class_weight': 'balanced'}",17,0.6321,0.632,0.6699,0.6488,0.2279,0.5881,0.6178,0.6724,0.2397
all_games,era_adjusted_diff_only,LogisticRegression,"{'penalty': 'l1', 'C': 0.001, 'solver': 'liblinear', 'class_weight': 'balanced'}",17,0.6387,0.6304,0.678,0.6488,0.2283,0.633,0.6847,0.6486,0.2268
playoffs_only,regular_plus_playoff_context,LogisticRegression,"{'penalty': 'l1', 'C': 10, 'solver': 'liblinear', 'class_weight': 'balanced'}",70,0.6356,0.628,0.6658,0.649,0.2294,0.5582,0.6163,0.6981,0.2509
all_games,minimal_era_adjusted_diff,LogisticRegression,"{'penalty': 'l1', 'C': 0.001, 'solver': 'liblinear', 'class_weight': 'balanced'}",7,0.638,0.6266,0.6771,0.6491,0.2284,0.6326,0.6826,0.6562,0.2286
regular_season_only,regular_all_home_away_diff,LogisticRegression,"{'penalty': 'l2', 'C': 0.1, 'solver': 'lbfgs', 'class_weight': 'balanced'}",196,0.6563,0.631,0.684,0.6492,0.2283,0.582,0.6237,0.7529,0.2624
playoffs_only,era_adjusted_diff_only,LogisticRegression,"{'penalty': 'l1', 'C': 1, 'solver': 'liblinear', 'class_weight': 'balanced'}",17,0.6327,0.632,0.6703,0.6494,0.2281,0.594,0.6156,0.6692,0.2386
playoffs_only,regular_plus_playoff_context,LogisticRegression,"{'penalty': 'l2', 'C': 10, 'solver': 'lbfgs', 'class_weight': 'balanced'}",70,0.6333,0.632,0.6653,0.6496,0.2296,0.5582,0.6161,0.6992,0.2514
all_games,regular_plus_playoff_context,LogisticRegression,"{'penalty': 'l1', 'C': 0.01, 'solver': 'liblinear', 'class_weight': 'balanced'}",70,0.6495,0.6233,0.6743,0.6497,0.2284,0.6442,0.6945,0.6345,0.2215
all_games,regular_all_home_away_diff,LogisticRegression,"{'penalty': 'l2', 'C': 0.1, 'solver': 'lbfgs', 'class_weight': 'balanced'}",196,0.6547,0.6285,0.6835,0.6498,0.2285,0.5809,0.6234,0.7514,0.2621
playoffs_only,regular_plus_playoff_context,LogisticRegression,"{'penalty': 'l2', 'C': 100, 'solver': 'lbfgs', 'class_weight': 'balanced'}",70,0.6338,0.632,0.666,0.6499,0.2298,0.5522,0.6164,0.7005,0.252
all_games,regular_plus_playoff_context,LogisticRegression,"{'penalty': 'l2', 'C': 0.01, 'solver': 'lbfgs', 'class_weight': 'None'}",70,0.6673,0.6288,0.6656,0.6499,0.2281,0.6453,0.6947,0.634,0.2212
playoffs_only,percentile_core,LogisticRegression,"{'penalty': 'l1', 'C': 0.01, 'solver': 'liblinear', 'class_weight': 'balanced'}",51,0.5973,0.604,0.6742,0.6499,0.2291,0.5761,0.6284,0.6677,0.2376
playoffs_only,era_adjusted_diff_only,LogisticRegression,"{'penalty': 'l2', 'C': 1, 'solver': 'lbfgs', 'class_weight': 'balanced'}",17,0.6327,0.64,0.6729,0.6499,0.2281,0.5701,0.6122,0.6666,0.2375
playoffs_only,era_adjusted_core,LogisticRegression,"{'penalty': 'l1', 'C': 0.1, 'solver': 'liblinear', 'class_weight': 'balanced'}",66,0.6327,0.612,0.6618,0.6499,0.2292,0.5821,0.6182,0.6733,0.2398
playoffs_only,era_adjusted_diff_only,LogisticRegression,"{'penalty': 'l1', 'C': 10, 'solver': 'liblinear', 'class_weight': 'balanced'}",17,0.6356,0.64,0.6733,0.6501,0.2282,0.5701,0.6045,0.6682,0.2383
playoffs_only,percentile_core,LogisticRegression,"{'penalty': 'l2', 'C': 0.01, 'solver': 'lbfgs', 'class_weight': 'balanced'}",51,0.6291,0.616,0.6549,0.6501,0.2294,0.5881,0.6217,0.6635,0.2357
playoffs_only,era_adjusted_diff_only,LogisticRegression,"{'penalty': 'l2', 'C': 10, 'solver': 'lbfgs', 'class_weight': 'balanced'}",17,0.6309,0.64,0.6729,0.6502,0.2282,0.5642,0.6047,0.6687,0.2385
playoffs_only,era_adjusted_diff_only,LogisticRegression,"{'penalty': 'l2', 'C': 100, 'solver': 'lbfgs', 'class_weight': 'balanced'}",17,0.6321,0.64,0.673,0.6503,0.2282,0.5612,0.6039,0.6688,0.2386
all_games,regular_plus_playoff_context,LogisticRegression,"{'penalty': 'l2', 'C': 0.1, 'solver': 'lbfgs', 'class_weight': 'None'}",70,0.6683,0.6274,0.6647,0.6506,0.2284,0.6453,0.694,0.6344,0.2213
playoffs_only,regular_all_home_away_diff,LogisticRegression,"{'penalty': 'l1', 'C': 0.1, 'solver': 'liblinear', 'class_weight': 'balanced'}",196,0.6256,0.588,0.6578,0.6509,0.2301,0.5881,0.6253,0.6641,0.2362
playoffs_only,regular_core_home_away_diff,LogisticRegression,"{'penalty': 'l1', 'C': 1, 'solver': 'liblinear', 'class_weight': 'balanced'}",49,0.638,0.624,0.6596,0.6509,0.2291,0.606,0.6157,0.6717,0.2391
regular_season_only,regular_all_home_away_diff,LogisticRegression,"{'penalty': 'l1', 'C': 1, 'solver': 'liblinear', 'class_weight': 'balanced'}",196,0.6563,0.6245,0.6833,0.6511,0.229,0.5801,0.6217,0.7621,0.2648
playoffs_only,regular_core_diff_only,LogisticRegression,"{'penalty': 'l2', 'C': 1, 'solver': 'lbfgs', 'class_weight': 'balanced'}",15,0.6268,0.632,0.6591,0.6511,0.2295,0.5821,0.6136,0.6788,0.2423
all_games,regular_all_home_away_diff,LogisticRegression,"{'penalty': 'l1', 'C': 1, 'solver': 'liblinear', 'class_weight': 'balanced'}",196,0.6553,0.6238,0.6829,0.6514,0.2291,0.5776,0.6197,0.7662,0.2656
playoffs_only,percentile_core,LogisticRegression,"{'penalty': 'l1', 'C': 1, 'solver': 'liblinear', 'class_weight': 'balanced'}",51,0.6368,0.616,0.6577,0.6514,0.2299,0.5851,0.6228,0.6672,0.2373
playoffs_only,regular_core_diff_only,LogisticRegression,"{'penalty': 'l1', 'C': 10, 'solver': 'liblinear', 'class_weight': 'balanced'}",15,0.6268,0.632,0.6589,0.6515,0.2297,0.5821,0.6127,0.6791,0.2424
playoffs_only,regular_core_home_away_diff,LogisticRegression,"{'penalty': 'l2', 'C': 0.1, 'solver': 'lbfgs', 'class_weight': 'balanced'}",49,0.6392,0.604,0.6583,0.6516,0.2294,0.6,0.6159,0.6709,0.2387
all_games,regular_plus_playoff_context,LogisticRegression,"{'penalty': 'l2', 'C': 0.001, 'solver': 'lbfgs', 'class_weight': 'balanced'}",70,0.6518,0.623,0.6695,0.6516,0.2292,0.6467,0.6958,0.6331,0.2208
playoffs_only,percentile_core,LogisticRegression,"{'penalty': 'l2', 'C': 0.1, 'solver': 'lbfgs', 'class_weight': 'balanced'}",51,0.6368,0.616,0.6569,0.652,0.2302,0.5851,0.6232,0.6658,0.2366
playoffs_only,regular_all_home_away_diff,LogisticRegression,"{'penalty': 'l1', 'C': 0.01, 'solver': 'liblinear', 'class_weight': 'balanced'}",196,0.615,0.62,0.6766,0.652,0.23,0.594,0.633,0.6639,0.2358
playoffs_only,regular_core_diff_only,LogisticRegression,"{'penalty': 'l2', 'C': 10, 'solver': 'lbfgs', 'class_weight': 'balanced'}",15,0.6268,0.632,0.6591,0.652,0.2299,0.5821,0.6132,0.6795,0.2426
all_games,regular_plus_playoff_context,LogisticRegression,"{'penalty': 'l1', 'C': 1, 'solver': 'liblinear', 'class_weight': 'None'}",70,0.6679,0.6266,0.6639,0.652,0.2288,0.6453,0.6939,0.6346,0.2214
playoffs_only,regular_core_diff_only,LogisticRegression,"{'penalty': 'l2', 'C': 100, 'solver': 'lbfgs', 'class_weight': 'balanced'}",15,0.6262,0.632,0.6584,0.6521,0.23,0.5821,0.6131,0.6796,0.2426
playoffs_only,percentile_core,LogisticRegression,"{'penalty': 'l1', 'C': 10, 'solver': 'liblinear', 'class_weight': 'balanced'}",51,0.6374,0.616,0.6584,0.6524,0.2303,0.6119,0.623,0.6693,0.2381
playoffs_only,percentile_core,LogisticRegression,"{'penalty': 'l2', 'C': 1, 'solver': 'lbfgs', 'class_weight': 'balanced'}",51,0.6386,0.616,0.6585,0.6524,0.2303,0.603,0.6227,0.6689,0.238
all_games,regular_plus_playoff_context,LogisticRegression,"{'penalty': 'l2', 'C': 100, 'solver': 'lbfgs', 'class_weight': 'None'}",70,0.6676,0.6263,0.6634,0.6525,0.229,0.6449,0.6937,0.6349,0.2215
all_games,regular_plus_playoff_context,LogisticRegression,"{'penalty': 'l1', 'C': 10, 'solver': 'liblinear', 'class_weight': 'None'}",70,0.6679,0.626,0.6635,0.6525,0.229,0.6451,0.6937,0.6348,0.2215
playoffs_only,era_adjusted_diff_only,LogisticRegression,"{'penalty': 'l2', 'C': 0.001, 'solver': 'lbfgs', 'class_weight': 'balanced'}",17,0.6244,0.644,0.6713,0.6525,0.2302,0.5851,0.6176,0.6711,0.239
playoffs_only,percentile_core,LogisticRegression,"{'penalty': 'l2', 'C': 100, 'solver': 'lbfgs', 'class_weight': 'balanced'}",51,0.6403,0.616,0.6602,0.6525,0.2303,0.6119,0.6226,0.6696,0.2382
playoffs_only,percentile_core,LogisticRegression,"{'penalty': 'l2', 'C': 10, 'solver': 'lbfgs', 'class_weight': 'balanced'}",51,0.6403,0.616,0.6596,0.6525,0.2303,0.6119,0.6226,0.6696,0.2382
all_games,regular_plus_playoff_context,LogisticRegression,"{'penalty': 'l2', 'C': 10, 'solver': 'lbfgs', 'class_weight': 'None'}",70,0.6676,0.626,0.6633,0.6526,0.229,0.6455,0.6936,0.6349,0.2215
all_games,regular_plus_playoff_context,LogisticRegression,"{'penalty': 'l2', 'C': 1, 'solver': 'lbfgs', 'class_weight': 'None'}",70,0.6675,0.626,0.6634,0.6526,0.229,0.6447,0.6937,0.6349,0.2215
regular_season_only,regular_all_home_away_diff,LogisticRegression,"{'penalty': 'l2', 'C': 1, 'solver': 'lbfgs', 'class_weight': 'balanced'}",196,0.6571,0.6227,0.6826,0.6528,0.2296,0.577,0.6171,0.7878,0.2705
all_games,regular_all_home_away_diff,LogisticRegression,"{'penalty': 'l2', 'C': 1, 'solver': 'lbfgs', 'class_weight': 'balanced'}",196,0.6553,0.623,0.6822,0.6532,0.2297,0.572,0.6147,0.7976,0.2725
playoffs_only,minimal_strong_diff,LogisticRegression,"{'penalty': 'l2', 'C': 0.001, 'solver': 'lbfgs', 'class_weight': 'balanced'}",9,0.6244,0.632,0.6772,0.6532,0.2304,0.5851,0.6255,0.6652,0.2364
playoffs_only,regular_core_diff_only,LogisticRegression,"{'penalty': 'l2', 'C': 0.001, 'solver': 'lbfgs', 'class_weight': 'balanced'}",15,0.6291,0.636,0.6709,0.6534,0.2306,0.5881,0.6227,0.6667,0.2371
regular_season_only,regular_all_home_away_diff,LogisticRegression,"{'penalty': 'l1', 'C': 10, 'solver': 'liblinear', 'class_weight': 'balanced'}",196,0.6571,0.6227,0.6821,0.654,0.2299,0.575,0.6143,0.798,0.2728
playoffs_only,regular_all_home_away_diff,RandomForest,"{'n_estimators': 300, 'max_depth': 8}",196,0.7789,0.644,0.6788,0.654,0.2303,0.6269,0.6119,0.6639,0.2351
all_games,regular_all_home_away_diff,LogisticRegression,"{'penalty': 'l2', 'C': 10, 'solver': 'lbfgs', 'class_weight': 'balanced'}",196,0.6495,0.6191,0.6817,0.654,0.2299,0.5711,0.6134,0.8002,0.2738
all_games,regular_all_home_away_diff,LogisticRegression,"{'penalty': 'l1', 'C': 10, 'solver': 'liblinear', 'class_weight': 'balanced'}",196,0.656,0.6227,0.6818,0.6543,0.23,0.5715,0.6129,0.8067,0.2747
playoffs_only,era_adjusted_core,LogisticRegression,"{'penalty': 'l2', 'C': 0.01, 'solver': 'lbfgs', 'class_weight': 'balanced'}",66,0.6315,0.604,0.6576,0.6544,0.2309,0.6209,0.6213,0.6686,0.2368
playoffs_only,regular_plus_playoff_context,RandomForest,"{'n_estimators': 300, 'max_depth': 8}",70,0.8479,0.648,0.6848,0.6544,0.2306,0.609,0.6195,0.6612,0.234
regular_season_only,regular_all_home_away_diff,LogisticRegression,"{'penalty': 'l2', 'C': 10, 'solver': 'lbfgs', 'class_weight': 'balanced'}",196,0.6511,0.6192,0.6821,0.6545,0.23,0.5733,0.6125,0.8068,0.2748
all_games,regular_all_home_away_diff,LogisticRegression,"{'penalty': 'l2', 'C': 100, 'solver': 'lbfgs', 'class_weight': 'balanced'}",196,0.6562,0.6219,0.6817,0.6549,0.2301,0.5709,0.6093,0.8298,0.2787
playoffs_only,era_adjusted_diff_only,LogisticRegression,"{'penalty': 'l1', 'C': 0.01, 'solver': 'liblinear', 'class_weight': 'balanced'}",17,0.6191,0.616,0.6736,0.655,0.2314,0.5791,0.6266,0.6652,0.2365
regular_season_only,regular_all_home_away_diff,LogisticRegression,"{'penalty': 'l2', 'C': 100, 'solver': 'lbfgs', 'class_weight': 'balanced'}",196,0.6572,0.6242,0.6817,0.6551,0.23,0.5775,0.613,0.8058,0.2735
all_games,regular_plus_playoff_context,LogisticRegression,"{'penalty': 'l1', 'C': 0.1, 'solver': 'liblinear', 'class_weight': 'balanced'}",70,0.6515,0.6224,0.6659,0.6554,0.2306,0.6453,0.6948,0.6329,0.2207
playoffs_only,regular_plus_playoff_context,LogisticRegression,"{'penalty': 'l1', 'C': 0.01, 'solver': 'liblinear', 'class_weight': 'balanced'}",70,0.615,0.624,0.6737,0.6555,0.2316,0.5851,0.6286,0.6656,0.2366
playoffs_only,minimal_strong_diff,LogisticRegression,"{'penalty': 'l1', 'C': 0.01, 'solver': 'liblinear', 'class_weight': 'balanced'}",9,0.615,0.624,0.6737,0.6555,0.2316,0.5851,0.6284,0.6656,0.2366
playoffs_only,regular_core_home_away_diff,LogisticRegression,"{'penalty': 'l1', 'C': 0.01, 'solver': 'liblinear', 'class_weight': 'balanced'}",49,0.615,0.624,0.6737,0.6555,0.2316,0.5851,0.6284,0.6656,0.2366
playoffs_only,era_adjusted_core,LogisticRegression,"{'penalty': 'l1', 'C': 0.01, 'solver': 'liblinear', 'class_weight': 'balanced'}",66,0.615,0.624,0.6737,0.6555,0.2316,0.5821,0.6286,0.6656,0.2366
playoffs_only,regular_core_diff_only,LogisticRegression,"{'penalty': 'l1', 'C': 0.01, 'solver': 'liblinear', 'class_weight': 'balanced'}",15,0.615,0.624,0.6737,0.6555,0.2316,0.5851,0.6284,0.6656,0.2366
all_games,regular_plus_playoff_context,LogisticRegression,"{'penalty': 'l2', 'C': 0.01, 'solver': 'lbfgs', 'class_weight': 'balanced'}",70,0.6509,0.6222,0.6649,0.6559,0.2308,0.6465,0.6943,0.6333,0.2209
playoffs_only,regular_core_home_away_diff,LogisticRegression,"{'penalty': 'l2', 'C': 1, 'solver': 'lbfgs', 'class_weight': 'balanced'}",49,0.6374,0.608,0.6543,0.6559,0.2313,0.591,0.6149,0.6753,0.2408
playoffs_only,regular_core_home_away_diff,LogisticRegression,"{'penalty': 'l1', 'C': 10, 'solver': 'liblinear', 'class_weight': 'balanced'}",49,0.6397,0.604,0.6543,0.6566,0.2317,0.5881,0.6141,0.6779,0.242
playoffs_only,percentile_core,LogisticRegression,"{'penalty': 'l1', 'C': 0.01, 'solver': 'liblinear', 'class_weight': 'None'}",51,0.6692,0.616,0.6739,0.6568,0.2321,0.6149,0.6287,0.6579,0.2328
all_games,regular_plus_playoff_context,LogisticRegression,"{'penalty': 'l2', 'C': 0.1, 'solver': 'lbfgs', 'class_weight': 'balanced'}",70,0.652,0.6194,0.6639,0.6569,0.2312,0.6457,0.6935,0.6344,0.2213
playoffs_only,era_adjusted_core,LogisticRegression,"{'penalty': 'l1', 'C': 1, 'solver': 'liblinear', 'class_weight': 'balanced'}",66,0.6397,0.632,0.6549,0.6569,0.2315,0.6239,0.6226,0.6623,0.2349
playoffs_only,regular_core_home_away_diff,LogisticRegression,"{'penalty': 'l2', 'C': 10, 'solver': 'lbfgs', 'class_weight': 'balanced'}",49,0.6415,0.604,0.6548,0.6572,0.232,0.5791,0.6143,0.6786,0.2424
playoffs_only,era_adjusted_core,LogisticRegression,"{'penalty': 'l1', 'C': 10, 'solver': 'liblinear', 'class_weight': 'balanced'}",66,0.6433,0.6,0.662,0.6574,0.2312,0.591,0.6081,0.6908,0.2447
all_games,regular_plus_playoff_context,LogisticRegression,"{'penalty': 'l2', 'C': 10, 'solver': 'lbfgs', 'class_weight': 'balanced'}",70,0.6519,0.62,0.6634,0.6575,0.2314,0.6451,0.6933,0.6345,0.2214
playoffs_only,regular_core_home_away_diff,LogisticRegression,"{'penalty': 'l2', 'C': 100, 'solver': 'lbfgs', 'class_weight': 'balanced'}",49,0.6403,0.604,0.6548,0.6575,0.2321,0.5791,0.6152,0.6793,0.2427
playoffs_only,era_adjusted_core,LogisticRegression,"{'penalty': 'l2', 'C': 0.1, 'solver': 'lbfgs', 'class_weight': 'balanced'}",66,0.6409,0.632,0.6551,0.6576,0.232,0.6239,0.619,0.6627,0.2345
playoffs_only,era_adjusted_core,LogisticRegression,"{'penalty': 'l2', 'C': 100, 'solver': 'lbfgs', 'class_weight': 'balanced'}",66,0.6439,0.6,0.6627,0.6577,0.2312,0.597,0.6089,0.6902,0.2446
playoffs_only,era_adjusted_core,LogisticRegression,"{'penalty': 'l2', 'C': 10, 'solver': 'lbfgs', 'class_weight': 'balanced'}",66,0.645,0.612,0.6602,0.6581,0.2314,0.594,0.6011,0.6989,0.2471
all_games,regular_plus_playoff_context,LogisticRegression,"{'penalty': 'l2', 'C': 1, 'solver': 'lbfgs', 'class_weight': 'balanced'}",70,0.6518,0.6197,0.6631,0.6581,0.2316,0.6449,0.6932,0.6346,0.2214
all_games,regular_plus_playoff_context,LogisticRegression,"{'penalty': 'l2', 'C': 100, 'solver': 'lbfgs', 'class_weight': 'balanced'}",70,0.6519,0.62,0.6631,0.6581,0.2316,0.6451,0.6934,0.6345,0.2213
playoffs_only,era_adjusted_core,LogisticRegression,"{'penalty': 'l2', 'C': 1, 'solver': 'lbfgs', 'class_weight': 'balanced'}",66,0.6427,0.604,0.66,0.6581,0.2317,0.603,0.6038,0.6781,0.2413
all_games,regular_plus_playoff_context,LogisticRegression,"{'penalty': 'l1', 'C': 1, 'solver': 'liblinear', 'class_weight': 'balanced'}",70,0.6518,0.6197,0.663,0.6584,0.2317,0.6457,0.6934,0.6343,0.2213
all_games,regular_plus_playoff_context,LogisticRegression,"{'penalty': 'l1', 'C': 10, 'solver': 'liblinear', 'class_weight': 'balanced'}",70,0.6518,0.6189,0.6628,0.6585,0.2317,0.6453,0.6933,0.6346,0.2214
playoffs_only,regular_all_home_away_diff,LogisticRegression,"{'penalty': 'l1', 'C': 0.01, 'solver': 'liblinear', 'class_weight': 'None'}",196,0.6733,0.608,0.6774,0.6586,0.233,0.6388,0.6322,0.6544,0.2312
playoffs_only,regular_core_home_away_diff,RandomForest,"{'n_estimators': 300, 'max_depth': 8}",49,0.7801,0.62,0.665,0.6588,0.2326,0.603,0.5977,0.6647,0.2359
playoffs_only,minimal_era_adjusted_diff,LogisticRegression,"{'penalty': 'l1', 'C': 0.01, 'solver': 'liblinear', 'class_weight': 'balanced'}",7,0.5914,0.624,0.6625,0.6595,0.2335,0.5851,0.6146,0.6828,0.2433
playoffs_only,regular_all_home_away_diff,LogisticRegression,"{'penalty': 'l2', 'C': 0.01, 'solver': 'lbfgs', 'class_weight': 'balanced'}",196,0.6527,0.576,0.6489,0.6595,0.2336,0.5731,0.6258,0.6694,0.2386
playoffs_only,minimal_era_adjusted_diff,LogisticRegression,"{'penalty': 'l2', 'C': 0.001, 'solver': 'lbfgs', 'class_weight': 'balanced'}",7,0.6144,0.64,0.674,0.6597,0.2335,0.5851,0.6108,0.6782,0.2419
playoffs_only,era_adjusted_diff_only,LogisticRegression,"{'penalty': 'l1', 'C': 0.01, 'solver': 'liblinear', 'class_weight': 'None'}",17,0.6675,0.592,0.6735,0.6619,0.2347,0.6209,0.6266,0.6559,0.2319
playoffs_only,era_adjusted_core,LogisticRegression,"{'penalty': 'l1', 'C': 0.01, 'solver': 'liblinear', 'class_weight': 'None'}",66,0.6745,0.592,0.6733,0.662,0.2347,0.6209,0.6284,0.6559,0.2319
playoffs_only,minimal_strong_diff,LogisticRegression,"{'penalty': 'l1', 'C': 0.01, 'solver': 'liblinear', 'class_weight': 'None'}",9,0.6745,0.592,0.6736,0.662,0.2347,0.6209,0.6284,0.6559,0.2319
playoffs_only,regular_core_diff_only,LogisticRegression,"{'penalty': 'l1', 'C': 0.01, 'solver': 'liblinear', 'class_weight': 'None'}",15,0.6745,0.592,0.6736,0.662,0.2347,0.6209,0.6284,0.6559,0.2319
playoffs_only,regular_plus_playoff_context,LogisticRegression,"{'penalty': 'l1', 'C': 0.01, 'solver': 'liblinear', 'class_weight': 'None'}",70,0.6745,0.592,0.6733,0.662,0.2347,0.6209,0.6284,0.6559,0.2319
playoffs_only,regular_core_home_away_diff,LogisticRegression,"{'penalty': 'l1', 'C': 0.01, 'solver': 'liblinear', 'class_weight': 'None'}",49,0.6745,0.592,0.6733,0.662,0.2347,0.6209,0.6284,0.6559,0.2319
playoffs_only,regular_plus_playoff_context,LogisticRegression,"{'penalty': 'l1', 'C': 0.1, 'solver': 'liblinear', 'class_weight': 'None'}",70,0.6822,0.628,0.6669,0.6656,0.2352,0.6358,0.6193,0.6696,0.2365
playoffs_only,minimal_era_adjusted_diff,LogisticRegression,"{'penalty': 'l1', 'C': 0.01, 'solver': 'liblinear', 'class_weight': 'None'}",7,0.6704,0.604,0.6625,0.6658,0.2365,0.6239,0.6146,0.6696,0.237
playoffs_only,minimal_strong_diff,LogisticRegression,"{'penalty': 'l1', 'C': 0.1, 'solver': 'liblinear', 'class_weight': 'None'}",9,0.6751,0.624,0.6741,0.6674,0.2355,0.6388,0.6265,0.6676,0.236
playoffs_only,regular_plus_playoff_context,LogisticRegression,"{'penalty': 'l2', 'C': 100, 'solver': 'lbfgs', 'class_weight': 'None'}",70,0.6881,0.588,0.6667,0.6677,0.2362,0.6119,0.6146,0.6786,0.2399
playoffs_only,regular_core_diff_only,LogisticRegression,"{'penalty': 'l1', 'C': 0.1, 'solver': 'liblinear', 'class_weight': 'None'}",15,0.6792,0.62,0.6762,0.6679,0.2358,0.6299,0.6179,0.6709,0.2371
playoffs_only,era_adjusted_diff_only,LogisticRegression,"{'penalty': 'l1', 'C': 0.1, 'solver': 'liblinear', 'class_weight': 'None'}",17,0.6769,0.62,0.6753,0.668,0.2355,0.6239,0.6209,0.6681,0.236
playoffs_only,regular_plus_playoff_context,LogisticRegression,"{'penalty': 'l2', 'C': 10, 'solver': 'lbfgs', 'class_weight': 'None'}",70,0.6887,0.588,0.6669,0.6685,0.2365,0.606,0.6144,0.679,0.24
playoffs_only,percentile_core,RandomForest,"{'n_estimators': 300, 'max_depth': 8}",51,0.7771,0.664,0.6702,0.6686,0.2359,0.5821,0.603,0.6785,0.2402
playoffs_only,regular_all_home_away_diff,LogisticRegression,"{'penalty': 'l1', 'C': 0.1, 'solver': 'liblinear', 'class_weight': 'None'}",196,0.6834,0.604,0.6566,0.6686,0.2357,0.6179,0.6226,0.6628,0.2345
playoffs_only,regular_plus_playoff_context,LogisticRegression,"{'penalty': 'l1', 'C': 10, 'solver': 'liblinear', 'class_weight': 'None'}",70,0.6869,0.588,0.6673,0.6687,0.2365,0.606,0.6145,0.6791,0.2399
playoffs_only,percentile_core,LogisticRegression,"{'penalty': 'l1', 'C': 0.1, 'solver': 'liblinear', 'class_weight': 'None'}",51,0.6745,0.644,0.6661,0.6687,0.2353,0.6119,0.6125,0.6733,0.2391
playoffs_only,regular_core_home_away_diff,LogisticRegression,"{'penalty': 'l1', 'C': 0.1, 'solver': 'liblinear', 'class_weight': 'None'}",49,0.681,0.628,0.6663,0.6695,0.2366,0.6299,0.6173,0.6719,0.2376
playoffs_only,minimal_era_adjusted_diff,LogisticRegression,"{'penalty': 'l1', 'C': 0.1, 'solver': 'liblinear', 'class_weight': 'None'}",7,0.6769,0.632,0.6659,0.6701,0.2368,0.6239,0.6096,0.7116,0.2474
playoffs_only,regular_plus_playoff_context,LogisticRegression,"{'penalty': 'l1', 'C': 1, 'solver': 'liblinear', 'class_weight': 'None'}",70,0.6857,0.588,0.6686,0.6706,0.2371,0.6299,0.617,0.6787,0.2393
playoffs_only,regular_plus_playoff_context,LogisticRegression,"{'penalty': 'l2', 'C': 1, 'solver': 'lbfgs', 'class_weight': 'None'}",70,0.684,0.572,0.6657,0.6712,0.2374,0.6149,0.614,0.6798,0.24
playoffs_only,minimal_strong_diff,LogisticRegression,"{'penalty': 'l2', 'C': 0.01, 'solver': 'lbfgs', 'class_weight': 'None'}",9,0.6775,0.616,0.6724,0.672,0.2375,0.6328,0.6222,0.6712,0.2372
playoffs_only,regular_plus_playoff_context,LogisticRegression,"{'penalty': 'l2', 'C': 0.01, 'solver': 'lbfgs', 'class_weight': 'None'}",70,0.684,0.612,0.6718,0.6721,0.238,0.6239,0.618,0.6791,0.2394
playoffs_only,regular_plus_playoff_context,LogisticRegression,"{'penalty': 'l2', 'C': 0.1, 'solver': 'lbfgs', 'class_weight': 'None'}",70,0.6881,0.584,0.6671,0.6728,0.2381,0.6239,0.6167,0.6792,0.2395
playoffs_only,minimal_strong_diff,LogisticRegression,"{'penalty': 'l1', 'C': 1, 'solver': 'liblinear', 'class_weight': 'None'}",9,0.6798,0.624,0.6711,0.673,0.2371,0.6358,0.6221,0.6732,0.2378
playoffs_only,regular_core_diff_only,LogisticRegression,"{'penalty': 'l2', 'C': 0.01, 'solver': 'lbfgs', 'class_weight': 'None'}",15,0.6781,0.608,0.6707,0.6735,0.2382,0.6299,0.6172,0.6765,0.239
playoffs_only,minimal_strong_diff,LogisticRegression,"{'penalty': 'l2', 'C': 0.1, 'solver': 'lbfgs', 'class_weight': 'None'}",9,0.6769,0.624,0.6696,0.6736,0.2374,0.6388,0.6206,0.6739,0.238
playoffs_only,minimal_era_adjusted_diff,LogisticRegression,"{'penalty': 'l2', 'C': 0.01, 'solver': 'lbfgs', 'class_weight': 'None'}",7,0.6704,0.624,0.6674,0.6738,0.2386,0.6119,0.6089,0.7102,0.2473
playoffs_only,percentile_core,LogisticRegression,"{'penalty': 'l2', 'C': 0.001, 'solver': 'lbfgs', 'class_weight': 'None'}",51,0.6562,0.6,0.6668,0.6739,0.2396,0.606,0.6251,0.669,0.2375
playoffs_only,minimal_strong_diff,LogisticRegression,"{'penalty': 'l2', 'C': 1, 'solver': 'lbfgs', 'class_weight': 'None'}",9,0.6816,0.624,0.6681,0.6742,0.2375,0.6358,0.6209,0.6746,0.2382
playoffs_only,minimal_strong_diff,LogisticRegression,"{'penalty': 'l1', 'C': 10, 'solver': 'liblinear', 'class_weight': 'None'}",9,0.6804,0.624,0.6687,0.6742,0.2374,0.6358,0.6209,0.6746,0.2382
playoffs_only,minimal_strong_diff,LogisticRegression,"{'penalty': 'l2', 'C': 10, 'solver': 'lbfgs', 'class_weight': 'None'}",9,0.6816,0.624,0.6683,0.6743,0.2375,0.6358,0.6212,0.6747,0.2383
playoffs_only,minimal_strong_diff,LogisticRegression,"{'penalty': 'l2', 'C': 100, 'solver': 'lbfgs', 'class_weight': 'None'}",9,0.6816,0.624,0.6683,0.6743,0.2375,0.6358,0.6211,0.6748,0.2383
playoffs_only,regular_plus_playoff_context,LogisticRegression,"{'penalty': 'l2', 'C': 0.001, 'solver': 'lbfgs', 'class_weight': 'None'}",70,0.6651,0.596,0.6751,0.6744,0.2401,0.6358,0.628,0.6685,0.2363
playoffs_only,era_adjusted_core,LogisticRegression,"{'penalty': 'l2', 'C': 0.001, 'solver': 'lbfgs', 'class_weight': 'None'}",66,0.661,0.612,0.6654,0.6746,0.2396,0.6209,0.6205,0.6775,0.2393
playoffs_only,era_adjusted_diff_only,LogisticRegression,"{'penalty': 'l2', 'C': 0.01, 'solver': 'lbfgs', 'class_weight': 'None'}",17,0.6728,0.62,0.6693,0.6746,0.2384,0.6328,0.6147,0.684,0.2408
playoffs_only,era_adjusted_core,LogisticRegression,"{'penalty': 'l1', 'C': 0.1, 'solver': 'liblinear', 'class_weight': 'None'}",66,0.6816,0.612,0.6594,0.6746,0.2386,0.6299,0.6176,0.6721,0.2376
playoffs_only,minimal_era_adjusted_diff,LogisticRegression,"{'penalty': 'l1', 'C': 1, 'solver': 'liblinear', 'class_weight': 'None'}",7,0.6757,0.632,0.6635,0.6748,0.2381,0.6209,0.6089,0.7084,0.247
playoffs_only,minimal_era_adjusted_diff,LogisticRegression,"{'penalty': 'l2', 'C': 0.1, 'solver': 'lbfgs', 'class_weight': 'None'}",7,0.6745,0.632,0.6639,0.6749,0.2382,0.6209,0.6094,0.716,0.2485
playoffs_only,minimal_era_adjusted_diff,LogisticRegression,"{'penalty': 'l2', 'C': 1, 'solver': 'lbfgs', 'class_weight': 'None'}",7,0.6763,0.632,0.6631,0.6753,0.2384,0.6119,0.6085,0.6929,0.2436
playoffs_only,minimal_era_adjusted_diff,LogisticRegression,"{'penalty': 'l1', 'C': 10, 'solver': 'liblinear', 'class_weight': 'None'}",7,0.6757,0.632,0.6615,0.6755,0.2385,0.6179,0.6103,0.6851,0.2417
playoffs_only,minimal_era_adjusted_diff,LogisticRegression,"{'penalty': 'l2', 'C': 10, 'solver': 'lbfgs', 'class_weight': 'None'}",7,0.6751,0.632,0.6615,0.6755,0.2385,0.6179,0.6103,0.6844,0.2416
playoffs_only,minimal_era_adjusted_diff,LogisticRegression,"{'penalty': 'l2', 'C': 100, 'solver': 'lbfgs', 'class_weight': 'None'}",7,0.6751,0.632,0.6611,0.6756,0.2385,0.609,0.6102,0.6834,0.2413
playoffs_only,regular_core_diff_only,LogisticRegression,"{'penalty': 'l1', 'C': 1, 'solver': 'liblinear', 'class_weight': 'None'}",15,0.684,0.604,0.6677,0.6758,0.2384,0.6299,0.6166,0.6802,0.2402
playoffs_only,regular_all_home_away_diff,LogisticRegression,"{'penalty': 'l2', 'C': 0.001, 'solver': 'lbfgs', 'class_weight': 'None'}",196,0.6698,0.636,0.662,0.6759,0.2393,0.6299,0.6224,0.6782,0.2394
playoffs_only,era_adjusted_core,RandomForest,"{'n_estimators': 300, 'max_depth': 8}",66,0.7783,0.632,0.6609,0.6764,0.2388,0.6179,0.5992,0.684,0.242
playoffs_only,regular_core_diff_only,LogisticRegression,"{'penalty': 'l2', 'C': 0.1, 'solver': 'lbfgs', 'class_weight': 'None'}",15,0.6822,0.604,0.6676,0.6766,0.2387,0.6299,0.6177,0.6807,0.2403
playoffs_only,percentile_core,LogisticRegression,"{'penalty': 'l2', 'C': 0.01, 'solver': 'lbfgs', 'class_weight': 'None'}",51,0.6751,0.64,0.6556,0.6776,0.2389,0.603,0.6186,0.6763,0.2398
playoffs_only,era_adjusted_diff_only,LogisticRegression,"{'penalty': 'l2', 'C': 0.1, 'solver': 'lbfgs', 'class_weight': 'None'}",17,0.6769,0.6,0.6692,0.6778,0.2384,0.6299,0.6146,0.6785,0.2394
playoffs_only,era_adjusted_diff_only,LogisticRegression,"{'penalty': 'l1', 'C': 1, 'solver': 'liblinear', 'class_weight': 'None'}",17,0.6828,0.6,0.6701,0.6783,0.2382,0.6239,0.6164,0.6769,0.239
playoffs_only,regular_core_home_away_diff,LogisticRegression,"{'penalty': 'l2', 'C': 0.001, 'solver': 'lbfgs', 'class_weight': 'None'}",49,0.6574,0.568,0.6716,0.6786,0.242,0.609,0.62,0.6721,0.2384
playoffs_only,regular_core_diff_only,RandomForest,"{'n_estimators': 300, 'max_depth': 8}",15,0.7742,0.624,0.6481,0.6789,0.2409,0.6209,0.6001,0.6854,0.2426
playoffs_only,era_adjusted_diff_only,LogisticRegression,"{'penalty': 'l2', 'C': 0.001, 'solver': 'lbfgs', 'class_weight': 'None'}",17,0.6568,0.568,0.6717,0.6791,0.2427,0.6179,0.617,0.6734,0.239
playoffs_only,era_adjusted_diff_only,LogisticRegression,"{'penalty': 'l2', 'C': 1, 'solver': 'lbfgs', 'class_weight': 'None'}",17,0.6822,0.6,0.6723,0.6794,0.2383,0.609,0.6148,0.672,0.2379
playoffs_only,minimal_strong_diff,LogisticRegression,"{'penalty': 'l2', 'C': 0.001, 'solver': 'lbfgs', 'class_weight': 'None'}",9,0.6533,0.56,0.679,0.6797,0.2432,0.603,0.6257,0.6677,0.2372
playoffs_only,era_adjusted_diff_only,LogisticRegression,"{'penalty': 'l1', 'C': 10, 'solver': 'liblinear', 'class_weight': 'None'}",17,0.681,0.6,0.6726,0.6797,0.2383,0.6149,0.6093,0.6717,0.238
playoffs_only,era_adjusted_diff_only,LogisticRegression,"{'penalty': 'l2', 'C': 100, 'solver': 'lbfgs', 'class_weight': 'None'}",17,0.681,0.6,0.673,0.68,0.2384,0.6179,0.6072,0.6722,0.2383
playoffs_only,era_adjusted_diff_only,LogisticRegression,"{'penalty': 'l2', 'C': 10, 'solver': 'lbfgs', 'class_weight': 'None'}",17,0.681,0.6,0.6723,0.68,0.2384,0.6149,0.6131,0.6715,0.2378
playoffs_only,regular_core_diff_only,LogisticRegression,"{'penalty': 'l2', 'C': 0.001, 'solver': 'lbfgs', 'class_weight': 'None'}",15,0.6568,0.56,0.671,0.68,0.2432,0.6179,0.6225,0.6693,0.2377
playoffs_only,regular_core_diff_only,LogisticRegression,"{'penalty': 'l2', 'C': 1, 'solver': 'lbfgs', 'class_weight': 'None'}",15,0.681,0.608,0.6595,0.6802,0.24,0.6239,0.6135,0.6835,0.2414
playoffs_only,regular_all_home_away_diff,LogisticRegression,"{'penalty': 'l2', 'C': 0.01, 'solver': 'lbfgs', 'class_weight': 'None'}",196,0.6875,0.608,0.6461,0.6804,0.2403,0.6418,0.6232,0.6739,0.2381
playoffs_only,regular_core_diff_only,LogisticRegression,"{'penalty': 'l1', 'C': 10, 'solver': 'liblinear', 'class_weight': 'None'}",15,0.6798,0.608,0.6596,0.6804,0.24,0.6269,0.6142,0.6838,0.2415
playoffs_only,era_adjusted_diff_only,RandomForest,"{'n_estimators': 300, 'max_depth': 8}",17,0.7718,0.588,0.6452,0.6808,0.2416,0.6149,0.6073,0.6801,0.2406
playoffs_only,regular_core_diff_only,LogisticRegression,"{'penalty': 'l2', 'C': 10, 'solver': 'lbfgs', 'class_weight': 'None'}",15,0.6798,0.608,0.6578,0.6811,0.2403,0.6269,0.6125,0.6842,0.2417
playoffs_only,percentile_core,LogisticRegression,"{'penalty': 'l2', 'C': 0.1, 'solver': 'lbfgs', 'class_weight': 'None'}",51,0.6798,0.604,0.6556,0.6812,0.2398,0.6239,0.6208,0.679,0.2405
playoffs_only,regular_core_diff_only,LogisticRegression,"{'penalty': 'l2', 'C': 100, 'solver': 'lbfgs', 'class_weight': 'None'}",15,0.6798,0.608,0.6579,0.6812,0.2404,0.6269,0.6125,0.6842,0.2417
playoffs_only,percentile_core,LogisticRegression,"{'penalty': 'l1', 'C': 1, 'solver': 'liblinear', 'class_weight': 'None'}",51,0.6804,0.604,0.656,0.6813,0.2397,0.6328,0.6201,0.678,0.2401
playoffs_only,regular_core_home_away_diff,LogisticRegression,"{'penalty': 'l2', 'C': 0.01, 'solver': 'lbfgs', 'class_weight': 'None'}",49,0.684,0.604,0.6666,0.6813,0.2411,0.6328,0.6165,0.6812,0.2406
playoffs_only,era_adjusted_core,LogisticRegression,"{'penalty': 'l2', 'C': 0.01, 'solver': 'lbfgs', 'class_weight': 'None'}",66,0.6828,0.6,0.6556,0.6813,0.2408,0.6269,0.6205,0.687,0.2412
playoffs_only,minimal_era_adjusted_diff,RandomForest,"{'n_estimators': 300, 'max_depth': 8}",7,0.7653,0.604,0.6515,0.6817,0.2414,0.6119,0.5762,0.7014,0.2489
playoffs_only,regular_all_home_away_diff,LogisticRegression,"{'penalty': 'l2', 'C': 0.1, 'solver': 'lbfgs', 'class_weight': 'balanced'}",196,0.6704,0.588,0.6293,0.6826,0.244,0.5224,0.5981,0.7894,0.2857
playoffs_only,percentile_core,LogisticRegression,"{'penalty': 'l2', 'C': 1, 'solver': 'lbfgs', 'class_weight': 'None'}",51,0.6804,0.604,0.6559,0.683,0.2404,0.6299,0.6209,0.6802,0.2408
playoffs_only,percentile_core,LogisticRegression,"{'penalty': 'l1', 'C': 10, 'solver': 'liblinear', 'class_weight': 'None'}",51,0.6804,0.604,0.6567,0.6831,0.2405,0.6299,0.6206,0.6795,0.2405
playoffs_only,percentile_core,LogisticRegression,"{'penalty': 'l2', 'C': 10, 'solver': 'lbfgs', 'class_weight': 'None'}",51,0.681,0.604,0.6563,0.6833,0.2405,0.6299,0.6204,0.6804,0.2408
playoffs_only,percentile_core,LogisticRegression,"{'penalty': 'l2', 'C': 100, 'solver': 'lbfgs', 'class_weight': 'None'}",51,0.681,0.604,0.6563,0.6834,0.2406,0.6299,0.6204,0.6805,0.2408
playoffs_only,regular_all_home_away_diff,LogisticRegression,"{'penalty': 'l2', 'C': 0.1, 'solver': 'lbfgs', 'class_weight': 'None'}",196,0.7087,0.588,0.6271,0.6845,0.2421,0.5493,0.5975,0.7029,0.2528
playoffs_only,regular_core_home_away_diff,LogisticRegression,"{'penalty': 'l1', 'C': 1, 'solver': 'liblinear', 'class_weight': 'None'}",49,0.6869,0.6,0.6592,0.685,0.242,0.6299,0.6138,0.6799,0.2399
playoffs_only,minimal_era_adjusted_diff,LogisticRegression,"{'penalty': 'l2', 'C': 0.001, 'solver': 'lbfgs', 'class_weight': 'None'}",7,0.6474,0.552,0.6748,0.6857,0.2462,0.591,0.6104,0.6794,0.2415
playoffs_only,regular_core_home_away_diff,LogisticRegression,"{'penalty': 'l2', 'C': 100, 'solver': 'lbfgs', 'class_weight': 'None'}",49,0.6846,0.592,0.6527,0.6872,0.2426,0.6328,0.6115,0.6764,0.2386
playoffs_only,regular_core_home_away_diff,LogisticRegression,"{'penalty': 'l1', 'C': 10, 'solver': 'liblinear', 'class_weight': 'None'}",49,0.6851,0.604,0.6537,0.6873,0.2426,0.6328,0.6115,0.6771,0.2389
playoffs_only,regular_core_home_away_diff,LogisticRegression,"{'penalty': 'l2', 'C': 10, 'solver': 'lbfgs', 'class_weight': 'None'}",49,0.6846,0.592,0.6535,0.6877,0.2428,0.6328,0.6111,0.6768,0.2388
playoffs_only,era_adjusted_core,LogisticRegression,"{'penalty': 'l2', 'C': 0.1, 'solver': 'lbfgs', 'class_weight': 'None'}",66,0.6899,0.608,0.6537,0.6878,0.2428,0.6239,0.6218,0.6905,0.2437
playoffs_only,regular_core_home_away_diff,LogisticRegression,"{'penalty': 'l2', 'C': 0.1, 'solver': 'lbfgs', 'class_weight': 'None'}",49,0.6881,0.596,0.6569,0.6879,0.2431,0.6299,0.6127,0.6812,0.2404
playoffs_only,era_adjusted_core,LogisticRegression,"{'penalty': 'l1', 'C': 1, 'solver': 'liblinear', 'class_weight': 'None'}",66,0.6928,0.604,0.656,0.6882,0.2428,0.6239,0.6218,0.6871,0.2431
playoffs_only,regular_core_home_away_diff,LogisticRegression,"{'penalty': 'l2', 'C': 1, 'solver': 'lbfgs', 'class_weight': 'None'}",49,0.6887,0.596,0.6523,0.6897,0.2436,0.6358,0.6133,0.6795,0.2397
playoffs_only,era_adjusted_core,LogisticRegression,"{'penalty': 'l1', 'C': 10, 'solver': 'liblinear', 'class_weight': 'None'}",66,0.6893,0.608,0.6629,0.6927,0.2437,0.6179,0.6045,0.7184,0.2519
playoffs_only,era_adjusted_core,LogisticRegression,"{'penalty': 'l2', 'C': 100, 'solver': 'lbfgs', 'class_weight': 'None'}",66,0.6893,0.608,0.6649,0.6929,0.2434,0.6179,0.6028,0.7268,0.2534
playoffs_only,minimal_era_adjusted_diff,LogisticRegression,"{'penalty': 'l1', 'C': 0.001, 'solver': 'liblinear', 'class_weight': 'balanced'}",7,0.3538,0.464,0.5,0.6931,0.25,0.4239,0.5,0.6931,0.25
playoffs_only,regular_plus_playoff_context,LogisticRegression,"{'penalty': 'l1', 'C': 0.001, 'solver': 'liblinear', 'class_weight': 'balanced'}",70,0.3538,0.464,0.5,0.6931,0.25,0.4239,0.5,0.6931,0.25
playoffs_only,era_adjusted_core,LogisticRegression,"{'penalty': 'l2', 'C': 1, 'solver': 'lbfgs', 'class_weight': 'None'}",66,0.691,0.608,0.6593,0.6931,0.2441,0.6239,0.6031,0.7042,0.2494
playoffs_only,era_adjusted_diff_only,LogisticRegression,"{'penalty': 'l1', 'C': 0.001, 'solver': 'liblinear', 'class_weight': 'None'}",17,0.3538,0.464,0.5,0.6931,0.25,0.4239,0.5,0.6931,0.25
playoffs_only,minimal_era_adjusted_diff,LogisticRegression,"{'penalty': 'l1', 'C': 0.001, 'solver': 'liblinear', 'class_weight': 'None'}",7,0.3538,0.464,0.5,0.6931,0.25,0.4239,0.5,0.6931,0.25
playoffs_only,regular_plus_playoff_context,LogisticRegression,"{'penalty': 'l1', 'C': 0.001, 'solver': 'liblinear', 'class_weight': 'None'}",70,0.3538,0.464,0.5,0.6931,0.25,0.4239,0.5,0.6931,0.25
playoffs_only,regular_all_home_away_diff,LogisticRegression,"{'penalty': 'l1', 'C': 0.001, 'solver': 'liblinear', 'class_weight': 'None'}",196,0.3538,0.464,0.5,0.6931,0.25,0.4239,0.5,0.6931,0.25
playoffs_only,era_adjusted_core,LogisticRegression,"{'penalty': 'l1', 'C': 0.001, 'solver': 'liblinear', 'class_weight': 'None'}",66,0.3538,0.464,0.5,0.6931,0.25,0.4239,0.5,0.6931,0.25
playoffs_only,minimal_strong_diff,LogisticRegression,"{'penalty': 'l1', 'C': 0.001, 'solver': 'liblinear', 'class_weight': 'balanced'}",9,0.3538,0.464,0.5,0.6931,0.25,0.4239,0.5,0.6931,0.25
playoffs_only,regular_core_home_away_diff,LogisticRegression,"{'penalty': 'l1', 'C': 0.001, 'solver': 'liblinear', 'class_weight': 'None'}",49,0.3538,0.464,0.5,0.6931,0.25,0.4239,0.5,0.6931,0.25
playoffs_only,percentile_core,LogisticRegression,"{'penalty': 'l1', 'C': 0.001, 'solver': 'liblinear', 'class_weight': 'balanced'}",51,0.3538,0.464,0.5,0.6931,0.25,0.4239,0.5,0.6931,0.25
playoffs_only,regular_core_diff_only,LogisticRegression,"{'penalty': 'l1', 'C': 0.001, 'solver': 'liblinear', 'class_weight': 'None'}",15,0.3538,0.464,0.5,0.6931,0.25,0.4239,0.5,0.6931,0.25
playoffs_only,percentile_core,LogisticRegression,"{'penalty': 'l1', 'C': 0.001, 'solver': 'liblinear', 'class_weight': 'None'}",51,0.3538,0.464,0.5,0.6931,0.25,0.4239,0.5,0.6931,0.25
playoffs_only,regular_core_diff_only,LogisticRegression,"{'penalty': 'l1', 'C': 0.001, 'solver': 'liblinear', 'class_weight': 'balanced'}",15,0.3538,0.464,0.5,0.6931,0.25,0.4239,0.5,0.6931,0.25
playoffs_only,regular_core_home_away_diff,LogisticRegression,"{'penalty': 'l1', 'C': 0.001, 'solver': 'liblinear', 'class_weight': 'balanced'}",49,0.3538,0.464,0.5,0.6931,0.25,0.4239,0.5,0.6931,0.25
playoffs_only,minimal_strong_diff,LogisticRegression,"{'penalty': 'l1', 'C': 0.001, 'solver': 'liblinear', 'class_weight': 'None'}",9,0.3538,0.464,0.5,0.6931,0.25,0.4239,0.5,0.6931,0.25
playoffs_only,era_adjusted_diff_only,LogisticRegression,"{'penalty': 'l1', 'C': 0.001, 'solver': 'liblinear', 'class_weight': 'balanced'}",17,0.3538,0.464,0.5,0.6931,0.25,0.4239,0.5,0.6931,0.25
playoffs_only,era_adjusted_core,LogisticRegression,"{'penalty': 'l1', 'C': 0.001, 'solver': 'liblinear', 'class_weight': 'balanced'}",66,0.3538,0.464,0.5,0.6931,0.25,0.4239,0.5,0.6931,0.25
playoffs_only,regular_all_home_away_diff,LogisticRegression,"{'penalty': 'l1', 'C': 0.001, 'solver': 'liblinear', 'class_weight': 'balanced'}",196,0.3538,0.464,0.5,0.6931,0.25,0.4239,0.5,0.6931,0.25
playoffs_only,era_adjusted_core,LogisticRegression,"{'penalty': 'l2', 'C': 10, 'solver': 'lbfgs', 'class_weight': 'None'}",66,0.6893,0.608,0.6624,0.6936,0.2439,0.6239,0.6009,0.7258,0.2535
playoffs_only,minimal_strong_diff,RandomForest,"{'n_estimators': 300, 'max_depth': 8}",9,0.7724,0.612,0.6429,0.6947,0.2463,0.6119,0.5919,0.6964,0.2463
playoffs_only,regular_all_home_away_diff,LogisticRegression,"{'penalty': 'l1', 'C': 1, 'solver': 'liblinear', 'class_weight': 'balanced'}",196,0.6675,0.572,0.6203,0.6958,0.2493,0.4925,0.571,0.9796,0.3288
playoffs_only,regular_all_home_away_diff,LogisticRegression,"{'penalty': 'l1', 'C': 1, 'solver': 'liblinear', 'class_weight': 'None'}",196,0.7064,0.584,0.6171,0.6969,0.2465,0.5313,0.5706,0.826,0.2884
playoffs_only,regular_all_home_away_diff,LogisticRegression,"{'penalty': 'l2', 'C': 1, 'solver': 'lbfgs', 'class_weight': 'None'}",196,0.7081,0.588,0.6056,0.7027,0.2496,0.4955,0.5794,0.866,0.2998
playoffs_only,regular_all_home_away_diff,LogisticRegression,"{'penalty': 'l2', 'C': 1, 'solver': 'lbfgs', 'class_weight': 'balanced'}",196,0.6781,0.548,0.6064,0.7167,0.2586,0.4985,0.5753,1.0196,0.3419
playoffs_only,regular_all_home_away_diff,LogisticRegression,"{'penalty': 'l1', 'C': 10, 'solver': 'liblinear', 'class_weight': 'None'}",196,0.7134,0.56,0.5913,0.7285,0.2592,0.4925,0.5738,0.9948,0.3259
playoffs_only,regular_all_home_away_diff,LogisticRegression,"{'penalty': 'l2', 'C': 10, 'solver': 'lbfgs', 'class_weight': 'None'}",196,0.7093,0.58,0.5925,0.7293,0.2594,0.5104,0.5675,0.9847,0.3235
playoffs_only,regular_all_home_away_diff,LogisticRegression,"{'penalty': 'l1', 'C': 10, 'solver': 'liblinear', 'class_weight': 'balanced'}",196,0.6851,0.536,0.5949,0.7462,0.27,0.4776,0.5672,1.143,0.3618
playoffs_only,regular_all_home_away_diff,LogisticRegression,"{'penalty': 'l2', 'C': 100, 'solver': 'lbfgs', 'class_weight': 'None'}",196,0.7099,0.568,0.5877,0.7488,0.2657,0.4776,0.5564,1.1978,0.3666
playoffs_only,regular_all_home_away_diff,LogisticRegression,"{'penalty': 'l2', 'C': 10, 'solver': 'lbfgs', 'class_weight': 'balanced'}",196,0.6851,0.536,0.5965,0.7495,0.2712,0.4836,0.5659,1.1483,0.3622
playoffs_only,regular_all_home_away_diff,LogisticRegression,"{'penalty': 'l2', 'C': 100, 'solver': 'lbfgs', 'class_weight': 'balanced'}",196,0.6781,0.54,0.5895,0.7629,0.2757,0.4687,0.5554,1.3917,0.4058
playoffs_only,minimal_era_adjusted_diff,HistGradientBoosting,"{'max_iter': 300, 'learning_rate': 0.05}",7,0.7836,0.56,0.5889,0.8224,0.2809,0.591,0.578,0.9743,0.288
playoffs_only,era_adjusted_diff_only,HistGradientBoosting,"{'max_iter': 300, 'learning_rate': 0.05}",17,0.7836,0.596,0.6407,0.859,0.2785,0.609,0.5786,0.8625,0.2845
playoffs_only,era_adjusted_core,HistGradientBoosting,"{'max_iter': 300, 'learning_rate': 0.05}",66,0.7883,0.628,0.6613,0.8613,0.276,0.609,0.5943,0.9716,0.2881
playoffs_only,regular_core_diff_only,HistGradientBoosting,"{'max_iter': 300, 'learning_rate': 0.05}",15,0.7883,0.624,0.6183,0.8698,0.2795,0.6,0.5946,0.8406,0.278
playoffs_only,regular_core_home_away_diff,HistGradientBoosting,"{'max_iter': 300, 'learning_rate': 0.05}",49,0.7883,0.612,0.6572,0.8726,0.2734,0.609,0.612,0.9936,0.2986
playoffs_only,regular_plus_playoff_context,HistGradientBoosting,"{'max_iter': 300, 'learning_rate': 0.05}",70,1.0,0.612,0.6457,0.8762,0.2804,0.591,0.6217,0.955,0.2914
playoffs_only,minimal_strong_diff,HistGradientBoosting,"{'max_iter': 300, 'learning_rate': 0.05}",9,0.7883,0.6,0.599,0.8792,0.2911,0.591,0.569,0.882,0.2886
playoffs_only,percentile_core,HistGradientBoosting,"{'max_iter': 300, 'learning_rate': 0.05}",51,0.7836,0.632,0.6658,0.8942,0.2743,0.6149,0.6007,0.8086,0.2719
playoffs_only,regular_all_home_away_diff,HistGradientBoosting,"{'max_iter': 300, 'learning_rate': 0.05}",196,0.7883,0.616,0.6685,0.9299,0.281,0.606,0.6324,1.0112,0.2965
