dataset_filter,feature_set,model_type,hyperparameters,feature_count,train_accuracy,validation_accuracy,validation_roc_auc,validation_log_loss,validation_brier_score,test_accuracy,test_roc_auc,test_log_loss,test_brier_score
playoffs_only,regular_plus_playoff_context,LogisticRegression,"{'penalty': 'l1', 'C': 0.1, 'solver': 'liblinear', 'class_weight': 'balanced'}",70,0.7017,0.7,0.7735,0.565,0.193,0.7104,0.7685,0.5678,0.1937
playoffs_only,regular_plus_playoff_context,LogisticRegression,"{'penalty': 'l2', 'C': 0.01, 'solver': 'lbfgs', 'class_weight': 'balanced'}",70,0.7011,0.704,0.7633,0.5715,0.1956,0.6836,0.7635,0.5712,0.1951
playoffs_only,regular_plus_playoff_context,LogisticRegression,"{'penalty': 'l2', 'C': 0.1, 'solver': 'lbfgs', 'class_weight': 'balanced'}",70,0.7111,0.688,0.7669,0.5732,0.197,0.6896,0.7677,0.5725,0.1961
playoffs_only,regular_plus_playoff_context,LogisticRegression,"{'penalty': 'l1', 'C': 1, 'solver': 'liblinear', 'class_weight': 'balanced'}",70,0.707,0.688,0.7639,0.5733,0.197,0.6896,0.7693,0.5747,0.1971
playoffs_only,regular_plus_playoff_context,LogisticRegression,"{'penalty': 'l1', 'C': 0.01, 'solver': 'liblinear', 'class_weight': 'balanced'}",70,0.6804,0.668,0.7723,0.5753,0.1965,0.6776,0.7671,0.5827,0.1997
playoffs_only,regular_plus_playoff_context,LogisticRegression,"{'penalty': 'l2', 'C': 1, 'solver': 'lbfgs', 'class_weight': 'balanced'}",70,0.7064,0.676,0.762,0.5762,0.1988,0.6806,0.7677,0.58,0.1997
playoffs_only,regular_plus_playoff_context,LogisticRegression,"{'penalty': 'l1', 'C': 10, 'solver': 'liblinear', 'class_weight': 'balanced'}",70,0.707,0.672,0.7626,0.5772,0.1995,0.6687,0.7679,0.5857,0.2022
playoffs_only,regular_plus_playoff_context,LogisticRegression,"{'penalty': 'l2', 'C': 10, 'solver': 'lbfgs', 'class_weight': 'balanced'}",70,0.7081,0.672,0.7634,0.5781,0.1999,0.6687,0.7681,0.5872,0.2029
playoffs_only,regular_plus_playoff_context,LogisticRegression,"{'penalty': 'l2', 'C': 100, 'solver': 'lbfgs', 'class_weight': 'balanced'}",70,0.7087,0.672,0.7642,0.5782,0.2001,0.6537,0.7679,0.5889,0.2036
playoffs_only,regular_plus_playoff_context,LogisticRegression,"{'penalty': 'l1', 'C': 0.01, 'solver': 'liblinear', 'class_weight': 'None'}",70,0.7311,0.696,0.7723,0.5817,0.1988,0.6985,0.7671,0.5713,0.1942
playoffs_only,regular_plus_playoff_context,LogisticRegression,"{'penalty': 'l2', 'C': 0.001, 'solver': 'lbfgs', 'class_weight': 'balanced'}",70,0.6893,0.668,0.7523,0.5893,0.202,0.6925,0.7318,0.5965,0.2056
playoffs_only,regular_plus_playoff_context,LogisticRegression,"{'penalty': 'l1', 'C': 0.1, 'solver': 'liblinear', 'class_weight': 'None'}",70,0.7282,0.696,0.7739,0.5921,0.2015,0.7015,0.769,0.5694,0.1931
playoffs_only,regular_plus_playoff_context,LogisticRegression,"{'penalty': 'l2', 'C': 100, 'solver': 'lbfgs', 'class_weight': 'None'}",70,0.7388,0.68,0.7617,0.5935,0.2028,0.7045,0.7672,0.5614,0.1909
playoffs_only,regular_plus_playoff_context,LogisticRegression,"{'penalty': 'l2', 'C': 10, 'solver': 'lbfgs', 'class_weight': 'None'}",70,0.7388,0.68,0.7608,0.5942,0.203,0.7045,0.7671,0.5616,0.191
playoffs_only,regular_plus_playoff_context,LogisticRegression,"{'penalty': 'l1', 'C': 10, 'solver': 'liblinear', 'class_weight': 'None'}",70,0.74,0.68,0.7618,0.5947,0.2032,0.6985,0.7673,0.562,0.191
regular_season_only,regular_all_home_away_diff,LogisticRegression,"{'penalty': 'l1', 'C': 0.1, 'solver': 'liblinear', 'class_weight': 'None'}",196,0.6988,0.6768,0.7356,0.5969,0.2055,0.6856,0.7474,0.5878,0.2016
regular_season_only,regular_all_home_away_diff,LogisticRegression,"{'penalty': 'l1', 'C': 0.01, 'solver': 'liblinear', 'class_weight': 'None'}",196,0.6988,0.6726,0.7359,0.5972,0.2057,0.6854,0.7476,0.5899,0.2024
regular_season_only,regular_all_home_away_diff,LogisticRegression,"{'penalty': 'l2', 'C': 0.01, 'solver': 'lbfgs', 'class_weight': 'None'}",196,0.7,0.6782,0.7355,0.5973,0.2056,0.685,0.7467,0.589,0.2021
regular_season_only,regular_core_home_away_diff,LogisticRegression,"{'penalty': 'l1', 'C': 0.01, 'solver': 'liblinear', 'class_weight': 'None'}",49,0.6988,0.6729,0.7358,0.5973,0.2057,0.685,0.7474,0.5903,0.2025
regular_season_only,regular_plus_playoff_context,LogisticRegression,"{'penalty': 'l1', 'C': 0.01, 'solver': 'liblinear', 'class_weight': 'None'}",70,0.6988,0.6729,0.7358,0.5973,0.2057,0.685,0.7474,0.5903,0.2025
regular_season_only,regular_core_home_away_diff,LogisticRegression,"{'penalty': 'l1', 'C': 0.1, 'solver': 'liblinear', 'class_weight': 'None'}",49,0.6992,0.6723,0.7364,0.5975,0.2058,0.6831,0.7471,0.5919,0.2031
regular_season_only,regular_all_home_away_diff,LogisticRegression,"{'penalty': 'l1', 'C': 1, 'solver': 'liblinear', 'class_weight': 'None'}",196,0.7003,0.6794,0.7351,0.5975,0.2058,0.6817,0.745,0.5938,0.2041
regular_season_only,regular_plus_playoff_context,LogisticRegression,"{'penalty': 'l1', 'C': 0.1, 'solver': 'liblinear', 'class_weight': 'None'}",70,0.6993,0.6729,0.7364,0.5975,0.2058,0.6815,0.7471,0.5917,0.2031
regular_season_only,regular_all_home_away_diff,LogisticRegression,"{'penalty': 'l2', 'C': 0.1, 'solver': 'lbfgs', 'class_weight': 'None'}",196,0.7005,0.6812,0.7349,0.5978,0.2059,0.6794,0.7449,0.5938,0.204
regular_season_only,regular_core_home_away_diff,LogisticRegression,"{'penalty': 'l2', 'C': 0.01, 'solver': 'lbfgs', 'class_weight': 'None'}",49,0.6988,0.6696,0.7363,0.598,0.206,0.685,0.7466,0.5925,0.2034
regular_season_only,regular_core_home_away_diff,LogisticRegression,"{'penalty': 'l1', 'C': 1, 'solver': 'liblinear', 'class_weight': 'None'}",49,0.6993,0.6708,0.7366,0.598,0.206,0.6823,0.7467,0.5926,0.2034
regular_season_only,regular_plus_playoff_context,LogisticRegression,"{'penalty': 'l2', 'C': 0.01, 'solver': 'lbfgs', 'class_weight': 'None'}",70,0.6993,0.6708,0.7362,0.598,0.206,0.6815,0.7464,0.5927,0.2035
regular_season_only,regular_plus_playoff_context,LogisticRegression,"{'penalty': 'l1', 'C': 1, 'solver': 'liblinear', 'class_weight': 'None'}",70,0.6988,0.672,0.7363,0.5981,0.206,0.6801,0.7464,0.5927,0.2035
regular_season_only,regular_all_home_away_diff,LogisticRegression,"{'penalty': 'l2', 'C': 10, 'solver': 'lbfgs', 'class_weight': 'None'}",196,0.6997,0.6794,0.7351,0.5981,0.206,0.6743,0.7414,0.6032,0.2078
regular_season_only,regular_all_home_away_diff,LogisticRegression,"{'penalty': 'l2', 'C': 1, 'solver': 'lbfgs', 'class_weight': 'None'}",196,0.6996,0.68,0.7349,0.5981,0.206,0.6761,0.7423,0.6002,0.2066
regular_season_only,regular_all_home_away_diff,LogisticRegression,"{'penalty': 'l2', 'C': 100, 'solver': 'lbfgs', 'class_weight': 'None'}",196,0.6996,0.6791,0.7351,0.5981,0.206,0.6743,0.7413,0.6034,0.2079
regular_season_only,regular_all_home_away_diff,LogisticRegression,"{'penalty': 'l1', 'C': 10, 'solver': 'liblinear', 'class_weight': 'None'}",196,0.7002,0.6836,0.7352,0.5981,0.206,0.6757,0.7423,0.6023,0.2074
regular_season_only,regular_core_home_away_diff,LogisticRegression,"{'penalty': 'l2', 'C': 0.1, 'solver': 'lbfgs', 'class_weight': 'None'}",49,0.6993,0.6699,0.7366,0.5982,0.2061,0.6809,0.7466,0.5928,0.2035
regular_season_only,regular_core_home_away_diff,LogisticRegression,"{'penalty': 'l1', 'C': 10, 'solver': 'liblinear', 'class_weight': 'None'}",49,0.6993,0.6705,0.7366,0.5982,0.206,0.6813,0.7466,0.5927,0.2035
regular_season_only,regular_all_home_away_diff,LogisticRegression,"{'penalty': 'l2', 'C': 0.001, 'solver': 'lbfgs', 'class_weight': 'None'}",196,0.6974,0.6732,0.7345,0.5983,0.206,0.6846,0.7457,0.5899,0.2024
regular_season_only,regular_core_home_away_diff,LogisticRegression,"{'penalty': 'l2', 'C': 10, 'solver': 'lbfgs', 'class_weight': 'None'}",49,0.6995,0.6699,0.7365,0.5983,0.2061,0.6813,0.7466,0.593,0.2036
regular_season_only,regular_core_home_away_diff,LogisticRegression,"{'penalty': 'l2', 'C': 100, 'solver': 'lbfgs', 'class_weight': 'None'}",49,0.6995,0.6699,0.7365,0.5983,0.2061,0.6813,0.7466,0.593,0.2036
regular_season_only,regular_plus_playoff_context,LogisticRegression,"{'penalty': 'l2', 'C': 0.1, 'solver': 'lbfgs', 'class_weight': 'None'}",70,0.6988,0.6699,0.7363,0.5984,0.2061,0.6811,0.7464,0.5933,0.2037
regular_season_only,regular_plus_playoff_context,LogisticRegression,"{'penalty': 'l1', 'C': 10, 'solver': 'liblinear', 'class_weight': 'None'}",70,0.6989,0.6699,0.7362,0.5984,0.2061,0.6799,0.7462,0.5932,0.2037
regular_season_only,regular_plus_playoff_context,RandomForest,"{'n_estimators': 300, 'max_depth': 8}",70,0.7317,0.6646,0.7349,0.5984,0.2061,0.6875,0.7433,0.5958,0.2045
regular_season_only,regular_core_home_away_diff,LogisticRegression,"{'penalty': 'l2', 'C': 1, 'solver': 'lbfgs', 'class_weight': 'None'}",49,0.6994,0.6699,0.7365,0.5984,0.2061,0.6813,0.7466,0.593,0.2036
regular_season_only,regular_plus_playoff_context,LogisticRegression,"{'penalty': 'l2', 'C': 1, 'solver': 'lbfgs', 'class_weight': 'None'}",70,0.6986,0.6693,0.7362,0.5985,0.2062,0.6805,0.7462,0.5934,0.2038
regular_season_only,regular_plus_playoff_context,LogisticRegression,"{'penalty': 'l2', 'C': 100, 'solver': 'lbfgs', 'class_weight': 'None'}",70,0.6987,0.6693,0.7362,0.5986,0.2062,0.6807,0.7462,0.5934,0.2038
regular_season_only,regular_plus_playoff_context,LogisticRegression,"{'penalty': 'l2', 'C': 10, 'solver': 'lbfgs', 'class_weight': 'None'}",70,0.6986,0.6696,0.7361,0.5986,0.2062,0.6807,0.7462,0.5934,0.2038
regular_season_only,era_adjusted_core,LogisticRegression,"{'penalty': 'l1', 'C': 0.01, 'solver': 'liblinear', 'class_weight': 'None'}",66,0.6995,0.6673,0.7357,0.5987,0.2064,0.6825,0.7476,0.5917,0.2031
regular_season_only,regular_all_home_away_diff,RandomForest,"{'n_estimators': 300, 'max_depth': 8}",196,0.738,0.6679,0.7337,0.5989,0.2064,0.6811,0.744,0.5937,0.2037
playoffs_only,regular_plus_playoff_context,LogisticRegression,"{'penalty': 'l2', 'C': 1, 'solver': 'lbfgs', 'class_weight': 'None'}",70,0.7394,0.68,0.7614,0.5989,0.2045,0.7075,0.766,0.5642,0.1916
regular_season_only,regular_core_home_away_diff,RandomForest,"{'n_estimators': 300, 'max_depth': 8}",49,0.7354,0.6655,0.7337,0.5991,0.2064,0.6827,0.7423,0.5962,0.2045
regular_season_only,regular_core_diff_only,LogisticRegression,"{'penalty': 'l1', 'C': 0.01, 'solver': 'liblinear', 'class_weight': 'None'}",15,0.6988,0.6679,0.735,0.5991,0.2065,0.6827,0.7476,0.5918,0.2031
regular_season_only,minimal_strong_diff,LogisticRegression,"{'penalty': 'l1', 'C': 0.01, 'solver': 'liblinear', 'class_weight': 'None'}",9,0.6988,0.6684,0.735,0.5991,0.2065,0.6825,0.7476,0.5918,0.2031
regular_season_only,regular_core_home_away_diff,HistGradientBoosting,"{'max_iter': 300, 'learning_rate': 0.05}",49,0.7265,0.6723,0.7341,0.5993,0.2064,0.6819,0.7429,0.5938,0.2037
regular_season_only,era_adjusted_core,LogisticRegression,"{'penalty': 'l1', 'C': 10, 'solver': 'liblinear', 'class_weight': 'None'}",66,0.6993,0.6687,0.7364,0.5993,0.2066,0.6819,0.7469,0.5933,0.2036
regular_season_only,era_adjusted_core,LogisticRegression,"{'penalty': 'l2', 'C': 100, 'solver': 'lbfgs', 'class_weight': 'None'}",66,0.6993,0.669,0.7364,0.5994,0.2066,0.6838,0.7468,0.5937,0.2037
regular_season_only,era_adjusted_core,LogisticRegression,"{'penalty': 'l1', 'C': 1, 'solver': 'liblinear', 'class_weight': 'None'}",66,0.6993,0.6684,0.7364,0.5994,0.2066,0.6815,0.747,0.593,0.2036
regular_season_only,regular_plus_playoff_context,LogisticRegression,"{'penalty': 'l2', 'C': 0.001, 'solver': 'lbfgs', 'class_weight': 'None'}",70,0.6969,0.6705,0.7341,0.5994,0.2065,0.6842,0.7448,0.5935,0.2037
regular_season_only,regular_core_home_away_diff,LogisticRegression,"{'penalty': 'l2', 'C': 0.001, 'solver': 'lbfgs', 'class_weight': 'None'}",49,0.6969,0.6711,0.7336,0.5995,0.2066,0.6829,0.7448,0.5932,0.2037
regular_season_only,minimal_strong_diff,HistGradientBoosting,"{'max_iter': 300, 'learning_rate': 0.05}",9,0.7173,0.6687,0.7357,0.5995,0.2066,0.6796,0.743,0.5969,0.2049
regular_season_only,era_adjusted_diff_only,LogisticRegression,"{'penalty': 'l1', 'C': 0.01, 'solver': 'liblinear', 'class_weight': 'None'}",17,0.698,0.6702,0.735,0.5995,0.2066,0.6819,0.7462,0.5938,0.2037
regular_season_only,era_adjusted_core,LogisticRegression,"{'penalty': 'l2', 'C': 10, 'solver': 'lbfgs', 'class_weight': 'None'}",66,0.6992,0.6682,0.7364,0.5995,0.2066,0.6834,0.7469,0.5936,0.2036
regular_season_only,era_adjusted_core,LogisticRegression,"{'penalty': 'l2', 'C': 1, 'solver': 'lbfgs', 'class_weight': 'None'}",66,0.6991,0.6684,0.7364,0.5995,0.2066,0.6836,0.7468,0.5936,0.2036
regular_season_only,era_adjusted_core,LogisticRegression,"{'penalty': 'l1', 'C': 0.1, 'solver': 'liblinear', 'class_weight': 'None'}",66,0.6993,0.6684,0.7359,0.5996,0.2067,0.6821,0.7475,0.5925,0.2034
regular_season_only,era_adjusted_core,LogisticRegression,"{'penalty': 'l2', 'C': 0.1, 'solver': 'lbfgs', 'class_weight': 'None'}",66,0.6995,0.669,0.7364,0.5996,0.2066,0.6817,0.7469,0.5935,0.2036
regular_season_only,era_adjusted_diff_only,LogisticRegression,"{'penalty': 'l1', 'C': 0.001, 'solver': 'liblinear', 'class_weight': 'None'}",17,0.6971,0.6762,0.735,0.5997,0.2064,0.685,0.7462,0.5943,0.2039
regular_season_only,regular_core_diff_only,LogisticRegression,"{'penalty': 'l1', 'C': 0.1, 'solver': 'liblinear', 'class_weight': 'None'}",15,0.6985,0.6676,0.7351,0.5999,0.2068,0.6838,0.7475,0.5927,0.2034
regular_season_only,minimal_strong_diff,LogisticRegression,"{'penalty': 'l1', 'C': 0.1, 'solver': 'liblinear', 'class_weight': 'None'}",9,0.6984,0.6679,0.7351,0.5999,0.2068,0.6829,0.7474,0.5927,0.2034
regular_season_only,era_adjusted_core,LogisticRegression,"{'penalty': 'l2', 'C': 0.01, 'solver': 'lbfgs', 'class_weight': 'None'}",66,0.6989,0.6696,0.736,0.5999,0.2067,0.6821,0.7468,0.5933,0.2036
regular_season_only,minimal_strong_diff,LogisticRegression,"{'penalty': 'l2', 'C': 0.1, 'solver': 'lbfgs', 'class_weight': 'None'}",9,0.6981,0.6667,0.7349,0.6,0.2069,0.6829,0.7474,0.5928,0.2034
regular_season_only,minimal_strong_diff,LogisticRegression,"{'penalty': 'l1', 'C': 1, 'solver': 'liblinear', 'class_weight': 'None'}",9,0.6982,0.667,0.735,0.6,0.2069,0.6827,0.7474,0.5928,0.2034
regular_season_only,regular_core_diff_only,LogisticRegression,"{'penalty': 'l2', 'C': 10, 'solver': 'lbfgs', 'class_weight': 'None'}",15,0.6988,0.6679,0.7352,0.6,0.2069,0.684,0.7474,0.5929,0.2035
regular_season_only,regular_core_diff_only,LogisticRegression,"{'penalty': 'l2', 'C': 100, 'solver': 'lbfgs', 'class_weight': 'None'}",15,0.6988,0.6679,0.7352,0.6,0.2069,0.684,0.7474,0.5929,0.2035
regular_season_only,regular_core_diff_only,LogisticRegression,"{'penalty': 'l2', 'C': 0.1, 'solver': 'lbfgs', 'class_weight': 'None'}",15,0.6985,0.6682,0.7351,0.6,0.2069,0.6834,0.7474,0.5929,0.2035
regular_season_only,regular_core_diff_only,LogisticRegression,"{'penalty': 'l2', 'C': 1, 'solver': 'lbfgs', 'class_weight': 'None'}",15,0.6988,0.6679,0.7351,0.6,0.2069,0.684,0.7474,0.5929,0.2034
regular_season_only,regular_plus_playoff_context,HistGradientBoosting,"{'max_iter': 300, 'learning_rate': 0.05}",70,0.7267,0.6705,0.7335,0.6,0.2066,0.6807,0.7425,0.595,0.2042
regular_season_only,minimal_strong_diff,LogisticRegression,"{'penalty': 'l2', 'C': 1, 'solver': 'lbfgs', 'class_weight': 'None'}",9,0.6984,0.6673,0.735,0.6,0.2069,0.6827,0.7474,0.5929,0.2035
regular_season_only,regular_core_diff_only,LogisticRegression,"{'penalty': 'l1', 'C': 10, 'solver': 'liblinear', 'class_weight': 'None'}",15,0.6987,0.6684,0.7352,0.6,0.2069,0.6844,0.7474,0.5929,0.2035
regular_season_only,minimal_strong_diff,LogisticRegression,"{'penalty': 'l2', 'C': 10, 'solver': 'lbfgs', 'class_weight': 'None'}",9,0.6984,0.6673,0.735,0.6,0.2069,0.6827,0.7474,0.5929,0.2035
regular_season_only,regular_core_diff_only,LogisticRegression,"{'penalty': 'l1', 'C': 1, 'solver': 'liblinear', 'class_weight': 'None'}",15,0.6988,0.6676,0.7351,0.6,0.2069,0.6838,0.7474,0.5929,0.2034
regular_season_only,minimal_strong_diff,LogisticRegression,"{'penalty': 'l1', 'C': 10, 'solver': 'liblinear', 'class_weight': 'None'}",9,0.6984,0.667,0.735,0.6,0.2069,0.6827,0.7474,0.5928,0.2034
regular_season_only,minimal_strong_diff,LogisticRegression,"{'penalty': 'l2', 'C': 100, 'solver': 'lbfgs', 'class_weight': 'None'}",9,0.6985,0.6673,0.735,0.6,0.2069,0.6827,0.7474,0.5929,0.2035
all_games,regular_all_home_away_diff,LogisticRegression,"{'penalty': 'l1', 'C': 0.1, 'solver': 'liblinear', 'class_weight': 'None'}",196,0.6976,0.6748,0.7317,0.6003,0.207,0.6821,0.7408,0.5923,0.2036
regular_season_only,minimal_strong_diff,LogisticRegression,"{'penalty': 'l2', 'C': 0.01, 'solver': 'lbfgs', 'class_weight': 'None'}",9,0.6977,0.6664,0.7343,0.6004,0.207,0.6827,0.7468,0.5932,0.2036
regular_season_only,regular_core_diff_only,LogisticRegression,"{'penalty': 'l2', 'C': 0.01, 'solver': 'lbfgs', 'class_weight': 'None'}",15,0.6982,0.6661,0.7343,0.6004,0.207,0.6815,0.7468,0.5932,0.2036
all_games,regular_all_home_away_diff,LogisticRegression,"{'penalty': 'l2', 'C': 0.01, 'solver': 'lbfgs', 'class_weight': 'None'}",196,0.6982,0.6757,0.7316,0.6005,0.207,0.6785,0.74,0.5939,0.2043
playoffs_only,regular_plus_playoff_context,RandomForest,"{'n_estimators': 300, 'max_depth': 8}",70,0.7836,0.7,0.7557,0.6005,0.2052,0.6985,0.747,0.5844,0.2
regular_season_only,era_adjusted_diff_only,LogisticRegression,"{'penalty': 'l1', 'C': 0.1, 'solver': 'liblinear', 'class_weight': 'None'}",17,0.6981,0.6702,0.7348,0.6007,0.207,0.6834,0.7461,0.5947,0.2041
playoffs_only,regular_plus_playoff_context,LogisticRegression,"{'penalty': 'l1', 'C': 1, 'solver': 'liblinear', 'class_weight': 'None'}",70,0.7406,0.688,0.7679,0.6007,0.2045,0.7075,0.7668,0.5691,0.1931
regular_season_only,regular_plus_playoff_context,LogisticRegression,"{'penalty': 'l1', 'C': 0.001, 'solver': 'liblinear', 'class_weight': 'None'}",70,0.6978,0.6741,0.7351,0.6009,0.2069,0.6856,0.7475,0.5928,0.2033
regular_season_only,regular_core_home_away_diff,LogisticRegression,"{'penalty': 'l1', 'C': 0.001, 'solver': 'liblinear', 'class_weight': 'None'}",49,0.6978,0.6741,0.7351,0.6009,0.2069,0.6856,0.7475,0.5928,0.2033
regular_season_only,regular_all_home_away_diff,LogisticRegression,"{'penalty': 'l1', 'C': 0.001, 'solver': 'liblinear', 'class_weight': 'None'}",196,0.6978,0.6741,0.7351,0.6009,0.2069,0.6856,0.7474,0.5928,0.2033
regular_season_only,percentile_core,LogisticRegression,"{'penalty': 'l1', 'C': 0.01, 'solver': 'liblinear', 'class_weight': 'None'}",51,0.696,0.6682,0.7343,0.6009,0.2072,0.6819,0.7406,0.5982,0.2056
regular_season_only,regular_all_home_away_diff,HistGradientBoosting,"{'max_iter': 300, 'learning_rate': 0.05}",196,0.7307,0.6693,0.733,0.6009,0.2072,0.6805,0.7412,0.5958,0.2046
regular_season_only,regular_core_diff_only,LogisticRegression,"{'penalty': 'l1', 'C': 0.001, 'solver': 'liblinear', 'class_weight': 'None'}",15,0.6978,0.6741,0.7351,0.6009,0.2069,0.6856,0.7475,0.5928,0.2033
regular_season_only,minimal_strong_diff,LogisticRegression,"{'penalty': 'l1', 'C': 0.001, 'solver': 'liblinear', 'class_weight': 'None'}",9,0.6978,0.6741,0.7351,0.6009,0.2069,0.6856,0.7475,0.5928,0.2033
all_games,regular_all_home_away_diff,LogisticRegression,"{'penalty': 'l1', 'C': 1, 'solver': 'liblinear', 'class_weight': 'None'}",196,0.6986,0.6782,0.731,0.6009,0.2072,0.6729,0.7374,0.6002,0.2069
regular_season_only,era_adjusted_core,LogisticRegression,"{'penalty': 'l1', 'C': 0.001, 'solver': 'liblinear', 'class_weight': 'None'}",66,0.6978,0.6741,0.7351,0.6009,0.2069,0.6856,0.7475,0.5928,0.2033
regular_season_only,era_adjusted_core,LogisticRegression,"{'penalty': 'l1', 'C': 10, 'solver': 'liblinear', 'class_weight': 'balanced'}",66,0.6864,0.6788,0.7364,0.601,0.2071,0.6862,0.7468,0.5915,0.2032
all_games,regular_all_home_away_diff,LogisticRegression,"{'penalty': 'l2', 'C': 0.1, 'solver': 'lbfgs', 'class_weight': 'None'}",196,0.6985,0.6798,0.731,0.601,0.2073,0.6727,0.7377,0.5997,0.2066
regular_season_only,era_adjusted_core,LogisticRegression,"{'penalty': 'l1', 'C': 1, 'solver': 'liblinear', 'class_weight': 'balanced'}",66,0.6873,0.6788,0.7364,0.6011,0.2072,0.6864,0.7469,0.5913,0.2031
all_games,regular_all_home_away_diff,LogisticRegression,"{'penalty': 'l1', 'C': 10, 'solver': 'liblinear', 'class_weight': 'None'}",196,0.6972,0.6809,0.7312,0.6011,0.2073,0.6693,0.7343,0.6081,0.2101
all_games,regular_plus_playoff_context,LogisticRegression,"{'penalty': 'l1', 'C': 0.01, 'solver': 'liblinear', 'class_weight': 'None'}",70,0.6977,0.6707,0.7326,0.6011,0.2073,0.6827,0.7412,0.5951,0.2046
regular_season_only,era_adjusted_diff_only,LogisticRegression,"{'penalty': 'l2', 'C': 0.1, 'solver': 'lbfgs', 'class_weight': 'None'}",17,0.6984,0.6687,0.7347,0.6011,0.2072,0.6838,0.7461,0.5949,0.204
all_games,regular_all_home_away_diff,LogisticRegression,"{'penalty': 'l2', 'C': 100, 'solver': 'lbfgs', 'class_weight': 'None'}",196,0.6972,0.6801,0.731,0.6012,0.2073,0.6647,0.7333,0.6094,0.2105
regular_season_only,era_adjusted_diff_only,LogisticRegression,"{'penalty': 'l2', 'C': 0.01, 'solver': 'lbfgs', 'class_weight': 'None'}",17,0.6976,0.6676,0.7341,0.6012,0.2072,0.6825,0.7456,0.595,0.2041
regular_season_only,era_adjusted_core,LogisticRegression,"{'penalty': 'l2', 'C': 10, 'solver': 'lbfgs', 'class_weight': 'balanced'}",66,0.6858,0.6797,0.7364,0.6012,0.2072,0.685,0.7468,0.5921,0.2034
regular_season_only,era_adjusted_core,LogisticRegression,"{'penalty': 'l2', 'C': 100, 'solver': 'lbfgs', 'class_weight': 'balanced'}",66,0.686,0.6791,0.7363,0.6013,0.2072,0.685,0.7468,0.5921,0.2034
regular_season_only,era_adjusted_core,LogisticRegression,"{'penalty': 'l2', 'C': 0.1, 'solver': 'lbfgs', 'class_weight': 'balanced'}",66,0.6868,0.6774,0.7364,0.6013,0.2072,0.6842,0.7468,0.5919,0.2033
regular_season_only,era_adjusted_core,LogisticRegression,"{'penalty': 'l2', 'C': 1, 'solver': 'lbfgs', 'class_weight': 'balanced'}",66,0.6861,0.6785,0.7364,0.6013,0.2072,0.6848,0.7468,0.5921,0.2034
regular_season_only,era_adjusted_diff_only,LogisticRegression,"{'penalty': 'l1', 'C': 1, 'solver': 'liblinear', 'class_weight': 'None'}",17,0.699,0.6699,0.7347,0.6013,0.2072,0.684,0.7462,0.595,0.204
all_games,regular_all_home_away_diff,LogisticRegression,"{'penalty': 'l1', 'C': 0.01, 'solver': 'liblinear', 'class_weight': 'None'}",196,0.6973,0.6707,0.7318,0.6013,0.2074,0.6798,0.741,0.5949,0.2046
regular_season_only,minimal_strong_diff,RandomForest,"{'n_estimators': 300, 'max_depth': 8}",9,0.7251,0.6631,0.734,0.6013,0.2073,0.6782,0.7442,0.5966,0.2046
all_games,regular_all_home_away_diff,LogisticRegression,"{'penalty': 'l2', 'C': 1, 'solver': 'lbfgs', 'class_weight': 'None'}",196,0.6974,0.6806,0.7307,0.6013,0.2074,0.6697,0.7349,0.6057,0.209
regular_season_only,era_adjusted_diff_only,LogisticRegression,"{'penalty': 'l2', 'C': 1, 'solver': 'lbfgs', 'class_weight': 'None'}",17,0.6991,0.6699,0.7347,0.6014,0.2073,0.6842,0.7462,0.595,0.204
regular_season_only,percentile_core,RandomForest,"{'n_estimators': 300, 'max_depth': 8}",51,0.7386,0.6661,0.7336,0.6014,0.2074,0.6807,0.7411,0.5983,0.2056
all_games,regular_plus_playoff_context,LogisticRegression,"{'penalty': 'l1', 'C': 0.1, 'solver': 'liblinear', 'class_weight': 'None'}",70,0.6983,0.6707,0.7332,0.6014,0.2074,0.6814,0.7409,0.5962,0.2051
regular_season_only,era_adjusted_diff_only,LogisticRegression,"{'penalty': 'l1', 'C': 10, 'solver': 'liblinear', 'class_weight': 'None'}",17,0.6986,0.6702,0.7347,0.6014,0.2073,0.6834,0.7462,0.5951,0.204
all_games,regular_core_home_away_diff,LogisticRegression,"{'penalty': 'l1', 'C': 0.01, 'solver': 'liblinear', 'class_weight': 'None'}",49,0.6974,0.6696,0.7318,0.6014,0.2075,0.6812,0.7407,0.5954,0.2048
regular_season_only,era_adjusted_core,RandomForest,"{'n_estimators': 300, 'max_depth': 8}",66,0.737,0.6682,0.7342,0.6014,0.2072,0.6825,0.7445,0.596,0.2044
regular_season_only,era_adjusted_diff_only,LogisticRegression,"{'penalty': 'l2', 'C': 100, 'solver': 'lbfgs', 'class_weight': 'None'}",17,0.699,0.6702,0.7347,0.6014,0.2073,0.6834,0.7462,0.5951,0.204
regular_season_only,era_adjusted_diff_only,LogisticRegression,"{'penalty': 'l2', 'C': 10, 'solver': 'lbfgs', 'class_weight': 'None'}",17,0.6989,0.6702,0.7347,0.6014,0.2073,0.6834,0.7462,0.5951,0.204
all_games,regular_all_home_away_diff,LogisticRegression,"{'penalty': 'l2', 'C': 10, 'solver': 'lbfgs', 'class_weight': 'None'}",196,0.6975,0.6798,0.7307,0.6014,0.2074,0.6687,0.7346,0.6062,0.2093
regular_season_only,era_adjusted_core,LogisticRegression,"{'penalty': 'l2', 'C': 0.001, 'solver': 'lbfgs', 'class_weight': 'None'}",66,0.696,0.6652,0.7337,0.6015,0.2074,0.6807,0.7451,0.5945,0.2041
regular_season_only,regular_core_diff_only,HistGradientBoosting,"{'max_iter': 300, 'learning_rate': 0.05}",15,0.7183,0.6652,0.7335,0.6015,0.2074,0.6811,0.7443,0.5962,0.2047
regular_season_only,era_adjusted_core,LogisticRegression,"{'penalty': 'l1', 'C': 0.1, 'solver': 'liblinear', 'class_weight': 'balanced'}",66,0.6866,0.6812,0.7359,0.6016,0.2074,0.6881,0.7475,0.5908,0.2029
all_games,regular_all_home_away_diff,LogisticRegression,"{'penalty': 'l2', 'C': 0.001, 'solver': 'lbfgs', 'class_weight': 'None'}",196,0.6962,0.6729,0.7307,0.6016,0.2074,0.68,0.7392,0.5943,0.2043
all_games,regular_plus_playoff_context,RandomForest,"{'n_estimators': 300, 'max_depth': 8}",70,0.7297,0.6699,0.7323,0.6016,0.2075,0.685,0.7399,0.598,0.2055
all_games,regular_core_home_away_diff,LogisticRegression,"{'penalty': 'l1', 'C': 0.1, 'solver': 'liblinear', 'class_weight': 'None'}",49,0.6969,0.6693,0.7324,0.6017,0.2076,0.6806,0.7404,0.5967,0.2053
all_games,regular_core_home_away_diff,RandomForest,"{'n_estimators': 300, 'max_depth': 8}",49,0.7305,0.6646,0.7309,0.6018,0.2076,0.6823,0.736,0.6006,0.2066
regular_season_only,percentile_core,HistGradientBoosting,"{'max_iter': 300, 'learning_rate': 0.05}",51,0.724,0.6676,0.7331,0.6018,0.2075,0.6786,0.7409,0.5983,0.2056
regular_season_only,era_adjusted_core,HistGradientBoosting,"{'max_iter': 300, 'learning_rate': 0.05}",66,0.7197,0.6687,0.7333,0.6018,0.2076,0.6766,0.745,0.5946,0.2041
all_games,regular_plus_playoff_context,LogisticRegression,"{'penalty': 'l2', 'C': 0.01, 'solver': 'lbfgs', 'class_weight': 'None'}",70,0.6983,0.6682,0.7332,0.6019,0.2076,0.6798,0.7406,0.5971,0.2054
regular_season_only,regular_core_diff_only,RandomForest,"{'n_estimators': 300, 'max_depth': 8}",15,0.7294,0.6661,0.7335,0.6019,0.2075,0.6813,0.7437,0.5972,0.2048
regular_season_only,era_adjusted_core,LogisticRegression,"{'penalty': 'l2', 'C': 0.01, 'solver': 'lbfgs', 'class_weight': 'balanced'}",66,0.6862,0.6774,0.736,0.602,0.2075,0.6842,0.7467,0.5917,0.2033
regular_season_only,regular_core_diff_only,LogisticRegression,"{'penalty': 'l2', 'C': 100, 'solver': 'lbfgs', 'class_weight': 'balanced'}",15,0.6885,0.6788,0.7351,0.602,0.2076,0.6858,0.7474,0.5911,0.2031
regular_season_only,minimal_strong_diff,LogisticRegression,"{'penalty': 'l2', 'C': 100, 'solver': 'lbfgs', 'class_weight': 'balanced'}",9,0.6883,0.6768,0.735,0.602,0.2076,0.6842,0.7474,0.5911,0.203
regular_season_only,regular_core_diff_only,LogisticRegression,"{'penalty': 'l2', 'C': 1, 'solver': 'lbfgs', 'class_weight': 'balanced'}",15,0.6883,0.6791,0.7351,0.602,0.2076,0.6858,0.7474,0.5912,0.2031
regular_season_only,regular_core_diff_only,LogisticRegression,"{'penalty': 'l2', 'C': 10, 'solver': 'lbfgs', 'class_weight': 'balanced'}",15,0.6885,0.6788,0.7351,0.602,0.2076,0.6858,0.7474,0.5911,0.2031
regular_season_only,minimal_strong_diff,LogisticRegression,"{'penalty': 'l1', 'C': 10, 'solver': 'liblinear', 'class_weight': 'balanced'}",9,0.6884,0.6776,0.735,0.602,0.2076,0.6842,0.7474,0.5911,0.203
regular_season_only,minimal_strong_diff,LogisticRegression,"{'penalty': 'l2', 'C': 0.1, 'solver': 'lbfgs', 'class_weight': 'balanced'}",9,0.6883,0.6776,0.7349,0.602,0.2076,0.684,0.7474,0.5911,0.2031
regular_season_only,minimal_strong_diff,LogisticRegression,"{'penalty': 'l2', 'C': 1, 'solver': 'lbfgs', 'class_weight': 'balanced'}",9,0.6884,0.6774,0.735,0.602,0.2076,0.6846,0.7474,0.5911,0.203
regular_season_only,minimal_strong_diff,LogisticRegression,"{'penalty': 'l2', 'C': 10, 'solver': 'lbfgs', 'class_weight': 'balanced'}",9,0.6883,0.6768,0.735,0.602,0.2076,0.6842,0.7474,0.5911,0.203
regular_season_only,regular_core_diff_only,LogisticRegression,"{'penalty': 'l1', 'C': 1, 'solver': 'liblinear', 'class_weight': 'balanced'}",15,0.6884,0.6791,0.7351,0.602,0.2076,0.6858,0.7474,0.5912,0.2031
regular_season_only,regular_core_diff_only,LogisticRegression,"{'penalty': 'l1', 'C': 0.1, 'solver': 'liblinear', 'class_weight': 'balanced'}",15,0.6884,0.6788,0.7351,0.602,0.2077,0.6844,0.7475,0.5911,0.2031
regular_season_only,minimal_strong_diff,LogisticRegression,"{'penalty': 'l1', 'C': 1, 'solver': 'liblinear', 'class_weight': 'balanced'}",9,0.6885,0.6776,0.735,0.602,0.2076,0.6848,0.7474,0.5911,0.203
regular_season_only,minimal_strong_diff,LogisticRegression,"{'penalty': 'l1', 'C': 0.1, 'solver': 'liblinear', 'class_weight': 'balanced'}",9,0.6883,0.6774,0.735,0.602,0.2077,0.6848,0.7474,0.5911,0.2031
regular_season_only,regular_core_diff_only,LogisticRegression,"{'penalty': 'l1', 'C': 10, 'solver': 'liblinear', 'class_weight': 'balanced'}",15,0.6882,0.6794,0.7351,0.6021,0.2076,0.6856,0.7474,0.5912,0.2031
regular_season_only,regular_core_diff_only,LogisticRegression,"{'penalty': 'l2', 'C': 0.1, 'solver': 'lbfgs', 'class_weight': 'balanced'}",15,0.6887,0.6779,0.735,0.6021,0.2076,0.6854,0.7474,0.5912,0.2031
all_games,regular_plus_playoff_context,LogisticRegression,"{'penalty': 'l1', 'C': 1, 'solver': 'liblinear', 'class_weight': 'None'}",70,0.6982,0.668,0.733,0.6021,0.2077,0.6779,0.7407,0.5971,0.2054
regular_season_only,percentile_core,LogisticRegression,"{'penalty': 'l1', 'C': 0.1, 'solver': 'liblinear', 'class_weight': 'None'}",51,0.6957,0.6699,0.7343,0.6022,0.2076,0.6834,0.7423,0.5978,0.2053
playoffs_only,regular_plus_playoff_context,LogisticRegression,"{'penalty': 'l2', 'C': 0.1, 'solver': 'lbfgs', 'class_weight': 'None'}",70,0.737,0.688,0.7658,0.6023,0.2054,0.7075,0.7652,0.5685,0.1929
regular_season_only,era_adjusted_core,LogisticRegression,"{'penalty': 'l1', 'C': 0.01, 'solver': 'liblinear', 'class_weight': 'balanced'}",66,0.6867,0.6768,0.7357,0.6023,0.2078,0.6852,0.7476,0.5915,0.2032
all_games,regular_core_home_away_diff,LogisticRegression,"{'penalty': 'l1', 'C': 1, 'solver': 'liblinear', 'class_weight': 'None'}",49,0.6979,0.6674,0.7323,0.6024,0.2079,0.6787,0.7401,0.5974,0.2056
regular_season_only,percentile_core,LogisticRegression,"{'penalty': 'l2', 'C': 0.01, 'solver': 'lbfgs', 'class_weight': 'None'}",51,0.6955,0.669,0.734,0.6024,0.2077,0.6842,0.7425,0.5976,0.2053
all_games,regular_core_home_away_diff,LogisticRegression,"{'penalty': 'l2', 'C': 0.01, 'solver': 'lbfgs', 'class_weight': 'None'}",49,0.6974,0.668,0.732,0.6024,0.2079,0.6808,0.7399,0.5975,0.2056
all_games,regular_plus_playoff_context,LogisticRegression,"{'penalty': 'l1', 'C': 10, 'solver': 'liblinear', 'class_weight': 'None'}",70,0.698,0.6699,0.7329,0.6024,0.2078,0.6777,0.7406,0.5973,0.2055
all_games,regular_plus_playoff_context,LogisticRegression,"{'penalty': 'l2', 'C': 0.1, 'solver': 'lbfgs', 'class_weight': 'None'}",70,0.698,0.6691,0.7329,0.6024,0.2078,0.6777,0.7406,0.5976,0.2056
regular_season_only,regular_core_diff_only,LogisticRegression,"{'penalty': 'l2', 'C': 0.01, 'solver': 'lbfgs', 'class_weight': 'balanced'}",15,0.6868,0.675,0.7343,0.6025,0.2079,0.6844,0.7468,0.5917,0.2033
regular_season_only,percentile_core,LogisticRegression,"{'penalty': 'l2', 'C': 1, 'solver': 'lbfgs', 'class_weight': 'None'}",51,0.6962,0.6711,0.7341,0.6025,0.2077,0.684,0.7425,0.5977,0.2053
all_games,regular_core_home_away_diff,LogisticRegression,"{'penalty': 'l1', 'C': 10, 'solver': 'liblinear', 'class_weight': 'None'}",49,0.6982,0.6682,0.7323,0.6025,0.2079,0.6772,0.7401,0.5975,0.2056
regular_season_only,percentile_core,LogisticRegression,"{'penalty': 'l2', 'C': 10, 'solver': 'lbfgs', 'class_weight': 'None'}",51,0.6962,0.6711,0.7341,0.6025,0.2077,0.684,0.7425,0.5977,0.2053
regular_season_only,percentile_core,LogisticRegression,"{'penalty': 'l2', 'C': 0.1, 'solver': 'lbfgs', 'class_weight': 'None'}",51,0.6959,0.6711,0.7341,0.6025,0.2077,0.684,0.7425,0.5977,0.2053
regular_season_only,minimal_strong_diff,LogisticRegression,"{'penalty': 'l2', 'C': 0.001, 'solver': 'lbfgs', 'class_weight': 'None'}",9,0.6955,0.6619,0.7316,0.6025,0.2079,0.6854,0.7442,0.5949,0.2043
regular_season_only,percentile_core,LogisticRegression,"{'penalty': 'l1', 'C': 10, 'solver': 'liblinear', 'class_weight': 'None'}",51,0.6962,0.6693,0.7341,0.6025,0.2077,0.6846,0.7425,0.5977,0.2053
regular_season_only,minimal_strong_diff,LogisticRegression,"{'penalty': 'l2', 'C': 0.01, 'solver': 'lbfgs', 'class_weight': 'balanced'}",9,0.687,0.6771,0.7342,0.6025,0.2079,0.6856,0.7468,0.5917,0.2033
regular_season_only,percentile_core,LogisticRegression,"{'penalty': 'l2', 'C': 100, 'solver': 'lbfgs', 'class_weight': 'None'}",51,0.6962,0.6711,0.7341,0.6025,0.2077,0.684,0.7425,0.5977,0.2053
regular_season_only,percentile_core,LogisticRegression,"{'penalty': 'l1', 'C': 1, 'solver': 'liblinear', 'class_weight': 'None'}",51,0.696,0.6705,0.7341,0.6025,0.2077,0.6844,0.7425,0.5977,0.2053
regular_season_only,percentile_core,LogisticRegression,"{'penalty': 'l1', 'C': 0.001, 'solver': 'liblinear', 'class_weight': 'None'}",51,0.6941,0.6747,0.7328,0.6025,0.2076,0.6823,0.7383,0.6,0.2063
all_games,regular_all_home_away_diff,RandomForest,"{'n_estimators': 300, 'max_depth': 8}",196,0.7343,0.6619,0.7301,0.6026,0.208,0.6785,0.7371,0.5983,0.2058
all_games,era_adjusted_diff_only,LogisticRegression,"{'penalty': 'l1', 'C': 0.001, 'solver': 'liblinear', 'class_weight': 'None'}",17,0.6958,0.6721,0.731,0.6026,0.2077,0.681,0.7394,0.5981,0.2056
all_games,regular_plus_playoff_context,LogisticRegression,"{'penalty': 'l2', 'C': 0.001, 'solver': 'lbfgs', 'class_weight': 'None'}",70,0.6963,0.6693,0.7315,0.6027,0.2079,0.6829,0.7393,0.5979,0.2056
all_games,regular_plus_playoff_context,LogisticRegression,"{'penalty': 'l2', 'C': 10, 'solver': 'lbfgs', 'class_weight': 'None'}",70,0.6982,0.6696,0.7327,0.6027,0.2079,0.6775,0.7405,0.5978,0.2057
all_games,regular_core_home_away_diff,LogisticRegression,"{'penalty': 'l2', 'C': 0.1, 'solver': 'lbfgs', 'class_weight': 'None'}",49,0.698,0.6674,0.7322,0.6027,0.208,0.6787,0.7401,0.5979,0.2057
regular_season_only,regular_core_diff_only,LogisticRegression,"{'penalty': 'l1', 'C': 0.01, 'solver': 'liblinear', 'class_weight': 'balanced'}",15,0.6867,0.6759,0.735,0.6027,0.208,0.6829,0.7476,0.5917,0.2033
regular_season_only,minimal_strong_diff,LogisticRegression,"{'penalty': 'l1', 'C': 0.01, 'solver': 'liblinear', 'class_weight': 'balanced'}",9,0.6866,0.6759,0.735,0.6027,0.208,0.6829,0.7476,0.5917,0.2033
all_games,regular_plus_playoff_context,LogisticRegression,"{'penalty': 'l2', 'C': 1, 'solver': 'lbfgs', 'class_weight': 'None'}",70,0.6979,0.6696,0.7328,0.6027,0.2079,0.6775,0.7405,0.5977,0.2057
all_games,regular_plus_playoff_context,LogisticRegression,"{'penalty': 'l2', 'C': 100, 'solver': 'lbfgs', 'class_weight': 'None'}",70,0.6982,0.6696,0.7327,0.6027,0.2079,0.6775,0.7405,0.5978,0.2057
regular_season_only,regular_core_diff_only,LogisticRegression,"{'penalty': 'l2', 'C': 0.001, 'solver': 'lbfgs', 'class_weight': 'None'}",15,0.6961,0.6655,0.7315,0.6028,0.208,0.6836,0.7441,0.5951,0.2044
all_games,regular_core_home_away_diff,LogisticRegression,"{'penalty': 'l2', 'C': 1, 'solver': 'lbfgs', 'class_weight': 'None'}",49,0.698,0.6685,0.7322,0.6028,0.208,0.677,0.7401,0.5979,0.2058
all_games,regular_core_home_away_diff,LogisticRegression,"{'penalty': 'l2', 'C': 10, 'solver': 'lbfgs', 'class_weight': 'None'}",49,0.698,0.6685,0.7322,0.6028,0.208,0.677,0.7401,0.598,0.2058
regular_season_only,percentile_core,LogisticRegression,"{'penalty': 'l2', 'C': 0.001, 'solver': 'lbfgs', 'class_weight': 'None'}",51,0.6947,0.6687,0.7327,0.6028,0.208,0.679,0.7418,0.5979,0.2055
all_games,regular_core_home_away_diff,LogisticRegression,"{'penalty': 'l2', 'C': 100, 'solver': 'lbfgs', 'class_weight': 'None'}",49,0.698,0.6685,0.7322,0.6028,0.208,0.677,0.7401,0.598,0.2058
all_games,era_adjusted_core,LogisticRegression,"{'penalty': 'l1', 'C': 0.01, 'solver': 'liblinear', 'class_weight': 'None'}",66,0.6973,0.6646,0.7318,0.6029,0.2082,0.6795,0.7409,0.5966,0.2052
regular_season_only,regular_plus_playoff_context,LogisticRegression,"{'penalty': 'l2', 'C': 100, 'solver': 'lbfgs', 'class_weight': 'balanced'}",70,0.688,0.6794,0.7361,0.6029,0.2079,0.6834,0.7462,0.5921,0.2035
regular_season_only,regular_plus_playoff_context,LogisticRegression,"{'penalty': 'l2', 'C': 0.1, 'solver': 'lbfgs', 'class_weight': 'balanced'}",70,0.6879,0.6803,0.7362,0.603,0.2079,0.6825,0.7463,0.5921,0.2035
regular_season_only,regular_plus_playoff_context,LogisticRegression,"{'penalty': 'l2', 'C': 1, 'solver': 'lbfgs', 'class_weight': 'balanced'}",70,0.6878,0.6797,0.7362,0.603,0.2079,0.6823,0.7462,0.5922,0.2036
regular_season_only,regular_plus_playoff_context,LogisticRegression,"{'penalty': 'l2', 'C': 10, 'solver': 'lbfgs', 'class_weight': 'balanced'}",70,0.6881,0.6788,0.7362,0.603,0.2079,0.6825,0.7462,0.5922,0.2036
regular_season_only,regular_core_home_away_diff,LogisticRegression,"{'penalty': 'l2', 'C': 10, 'solver': 'lbfgs', 'class_weight': 'balanced'}",49,0.6877,0.6779,0.7365,0.603,0.2079,0.6856,0.7465,0.5919,0.2034
regular_season_only,regular_core_home_away_diff,LogisticRegression,"{'penalty': 'l2', 'C': 100, 'solver': 'lbfgs', 'class_weight': 'balanced'}",49,0.6877,0.6779,0.7365,0.603,0.2079,0.6856,0.7465,0.5919,0.2034
regular_season_only,era_adjusted_diff_only,LogisticRegression,"{'penalty': 'l2', 'C': 0.001, 'solver': 'lbfgs', 'class_weight': 'None'}",17,0.6947,0.6643,0.7312,0.6031,0.2081,0.6831,0.7432,0.5963,0.2048
regular_season_only,regular_core_home_away_diff,LogisticRegression,"{'penalty': 'l2', 'C': 1, 'solver': 'lbfgs', 'class_weight': 'balanced'}",49,0.6876,0.6782,0.7365,0.6031,0.2079,0.6856,0.7466,0.5919,0.2034
regular_season_only,regular_core_home_away_diff,LogisticRegression,"{'penalty': 'l2', 'C': 0.1, 'solver': 'lbfgs', 'class_weight': 'balanced'}",49,0.6878,0.6788,0.7366,0.6031,0.208,0.6862,0.7466,0.5918,0.2034
all_games,minimal_strong_diff,LogisticRegression,"{'penalty': 'l1', 'C': 0.01, 'solver': 'liblinear', 'class_weight': 'None'}",9,0.6971,0.6652,0.7311,0.6032,0.2083,0.6796,0.7408,0.5967,0.2053
all_games,regular_core_diff_only,LogisticRegression,"{'penalty': 'l1', 'C': 0.01, 'solver': 'liblinear', 'class_weight': 'None'}",15,0.697,0.6652,0.7311,0.6032,0.2083,0.6796,0.7408,0.5967,0.2053
regular_season_only,regular_plus_playoff_context,LogisticRegression,"{'penalty': 'l1', 'C': 10, 'solver': 'liblinear', 'class_weight': 'balanced'}",70,0.6876,0.6794,0.7362,0.6032,0.208,0.6817,0.7462,0.5923,0.2036
regular_season_only,regular_plus_playoff_context,LogisticRegression,"{'penalty': 'l1', 'C': 1, 'solver': 'liblinear', 'class_weight': 'balanced'}",70,0.6875,0.6797,0.7363,0.6033,0.208,0.6827,0.7463,0.5924,0.2037
regular_season_only,regular_core_home_away_diff,LogisticRegression,"{'penalty': 'l1', 'C': 10, 'solver': 'liblinear', 'class_weight': 'balanced'}",49,0.6877,0.6791,0.7365,0.6033,0.208,0.685,0.7465,0.5922,0.2036
regular_season_only,regular_core_home_away_diff,LogisticRegression,"{'penalty': 'l1', 'C': 1, 'solver': 'liblinear', 'class_weight': 'balanced'}",49,0.6873,0.6782,0.7366,0.6034,0.2081,0.6848,0.7466,0.5922,0.2036
regular_season_only,era_adjusted_diff_only,LogisticRegression,"{'penalty': 'l1', 'C': 0.1, 'solver': 'liblinear', 'class_weight': 'balanced'}",17,0.6881,0.6738,0.7348,0.6034,0.2081,0.684,0.746,0.5933,0.2038
all_games,regular_core_home_away_diff,LogisticRegression,"{'penalty': 'l2', 'C': 0.001, 'solver': 'lbfgs', 'class_weight': 'None'}",49,0.6961,0.6674,0.7296,0.6035,0.2083,0.6798,0.7381,0.5983,0.2059
all_games,era_adjusted_diff_only,LogisticRegression,"{'penalty': 'l1', 'C': 0.01, 'solver': 'liblinear', 'class_weight': 'None'}",17,0.6964,0.6669,0.731,0.6036,0.2083,0.6777,0.7394,0.5988,0.206
regular_season_only,era_adjusted_diff_only,LogisticRegression,"{'penalty': 'l1', 'C': 0.01, 'solver': 'liblinear', 'class_weight': 'balanced'}",17,0.6865,0.6747,0.735,0.6037,0.2083,0.6836,0.7462,0.5938,0.204
regular_season_only,regular_plus_playoff_context,LogisticRegression,"{'penalty': 'l2', 'C': 0.01, 'solver': 'lbfgs', 'class_weight': 'balanced'}",70,0.6879,0.6747,0.7363,0.6038,0.2083,0.6817,0.7464,0.5924,0.2037
all_games,regular_core_diff_only,LogisticRegression,"{'penalty': 'l1', 'C': 0.001, 'solver': 'liblinear', 'class_weight': 'None'}",15,0.6963,0.6721,0.7311,0.6038,0.2082,0.6827,0.7407,0.5965,0.2051
all_games,minimal_strong_diff,LogisticRegression,"{'penalty': 'l1', 'C': 0.001, 'solver': 'liblinear', 'class_weight': 'None'}",9,0.6963,0.6721,0.7311,0.6038,0.2082,0.6827,0.7408,0.5965,0.2051
all_games,regular_core_home_away_diff,LogisticRegression,"{'penalty': 'l1', 'C': 0.001, 'solver': 'liblinear', 'class_weight': 'None'}",49,0.6963,0.6721,0.7311,0.6038,0.2082,0.6827,0.7408,0.5965,0.2051
regular_season_only,era_adjusted_diff_only,LogisticRegression,"{'penalty': 'l2', 'C': 0.1, 'solver': 'lbfgs', 'class_weight': 'balanced'}",17,0.6873,0.6717,0.7347,0.6038,0.2083,0.6838,0.7461,0.5935,0.2039
all_games,era_adjusted_core,LogisticRegression,"{'penalty': 'l1', 'C': 0.001, 'solver': 'liblinear', 'class_weight': 'None'}",66,0.6963,0.6721,0.7311,0.6038,0.2082,0.6827,0.7408,0.5965,0.2051
all_games,regular_all_home_away_diff,LogisticRegression,"{'penalty': 'l1', 'C': 0.001, 'solver': 'liblinear', 'class_weight': 'None'}",196,0.6963,0.6721,0.7311,0.6038,0.2082,0.6827,0.7408,0.5965,0.2051
all_games,regular_plus_playoff_context,LogisticRegression,"{'penalty': 'l1', 'C': 0.001, 'solver': 'liblinear', 'class_weight': 'None'}",70,0.6963,0.6721,0.7311,0.6038,0.2082,0.6827,0.7408,0.5965,0.2051
regular_season_only,era_adjusted_core,LogisticRegression,"{'penalty': 'l2', 'C': 0.001, 'solver': 'lbfgs', 'class_weight': 'balanced'}",66,0.6852,0.6747,0.7337,0.6038,0.2083,0.6792,0.7452,0.5931,0.2039
all_games,era_adjusted_core,LogisticRegression,"{'penalty': 'l1', 'C': 0.1, 'solver': 'liblinear', 'class_weight': 'None'}",66,0.6973,0.6646,0.7319,0.6039,0.2085,0.6798,0.7408,0.5975,0.2056
regular_season_only,era_adjusted_diff_only,RandomForest,"{'n_estimators': 300, 'max_depth': 8}",17,0.7319,0.667,0.7318,0.6039,0.2082,0.6788,0.7435,0.5974,0.205
all_games,era_adjusted_core,LogisticRegression,"{'penalty': 'l1', 'C': 1, 'solver': 'liblinear', 'class_weight': 'None'}",66,0.6979,0.6649,0.7322,0.6039,0.2085,0.6789,0.7402,0.5982,0.2059
regular_season_only,regular_core_home_away_diff,LogisticRegression,"{'penalty': 'l2', 'C': 0.01, 'solver': 'lbfgs', 'class_weight': 'balanced'}",49,0.6871,0.6762,0.7363,0.6039,0.2083,0.6844,0.7466,0.5922,0.2036
all_games,era_adjusted_core,LogisticRegression,"{'penalty': 'l1', 'C': 10, 'solver': 'liblinear', 'class_weight': 'None'}",66,0.6976,0.6644,0.7321,0.6039,0.2085,0.6787,0.74,0.5984,0.206
regular_season_only,era_adjusted_diff_only,LogisticRegression,"{'penalty': 'l2', 'C': 0.01, 'solver': 'lbfgs', 'class_weight': 'balanced'}",17,0.6866,0.6738,0.734,0.6039,0.2083,0.6838,0.7456,0.5935,0.2039
regular_season_only,era_adjusted_diff_only,LogisticRegression,"{'penalty': 'l1', 'C': 10, 'solver': 'liblinear', 'class_weight': 'balanced'}",17,0.6875,0.6702,0.7346,0.604,0.2084,0.6831,0.7461,0.5938,0.2039
all_games,regular_core_diff_only,LogisticRegression,"{'penalty': 'l1', 'C': 0.1, 'solver': 'liblinear', 'class_weight': 'None'}",15,0.6968,0.6646,0.731,0.604,0.2086,0.681,0.7407,0.5978,0.2056
regular_season_only,era_adjusted_diff_only,LogisticRegression,"{'penalty': 'l1', 'C': 1, 'solver': 'liblinear', 'class_weight': 'balanced'}",17,0.6873,0.6702,0.7347,0.604,0.2084,0.6844,0.7461,0.5937,0.2039
all_games,era_adjusted_core,LogisticRegression,"{'penalty': 'l2', 'C': 100, 'solver': 'lbfgs', 'class_weight': 'None'}",66,0.6979,0.6657,0.7321,0.604,0.2085,0.68,0.7399,0.5988,0.206
all_games,era_adjusted_core,LogisticRegression,"{'penalty': 'l1', 'C': 10, 'solver': 'liblinear', 'class_weight': 'balanced'}",66,0.6836,0.676,0.7321,0.604,0.2085,0.6795,0.74,0.5961,0.2053
all_games,regular_all_home_away_diff,HistGradientBoosting,"{'max_iter': 300, 'learning_rate': 0.05}",196,0.7217,0.6646,0.7294,0.604,0.2086,0.6747,0.7349,0.6018,0.2073
all_games,era_adjusted_core,LogisticRegression,"{'penalty': 'l2', 'C': 1, 'solver': 'lbfgs', 'class_weight': 'None'}",66,0.6978,0.6652,0.732,0.604,0.2085,0.68,0.7399,0.5988,0.206
all_games,era_adjusted_core,LogisticRegression,"{'penalty': 'l2', 'C': 10, 'solver': 'lbfgs', 'class_weight': 'None'}",66,0.6977,0.6646,0.732,0.604,0.2086,0.68,0.7399,0.5988,0.206
all_games,era_adjusted_core,LogisticRegression,"{'penalty': 'l2', 'C': 0.1, 'solver': 'lbfgs', 'class_weight': 'None'}",66,0.6971,0.6666,0.7321,0.604,0.2085,0.6785,0.7401,0.5986,0.2059
regular_season_only,era_adjusted_diff_only,LogisticRegression,"{'penalty': 'l2', 'C': 1, 'solver': 'lbfgs', 'class_weight': 'balanced'}",17,0.6875,0.669,0.7346,0.604,0.2084,0.6836,0.7461,0.5938,0.2039
all_games,minimal_strong_diff,LogisticRegression,"{'penalty': 'l1', 'C': 0.1, 'solver': 'liblinear', 'class_weight': 'None'}",9,0.6968,0.666,0.731,0.604,0.2086,0.6814,0.7407,0.5978,0.2056
regular_season_only,era_adjusted_diff_only,LogisticRegression,"{'penalty': 'l2', 'C': 100, 'solver': 'lbfgs', 'class_weight': 'balanced'}",17,0.6876,0.6705,0.7346,0.6041,0.2084,0.6829,0.7461,0.5938,0.204
regular_season_only,era_adjusted_diff_only,LogisticRegression,"{'penalty': 'l2', 'C': 10, 'solver': 'lbfgs', 'class_weight': 'balanced'}",17,0.6875,0.6699,0.7346,0.6041,0.2084,0.6834,0.7461,0.5938,0.204
all_games,regular_core_diff_only,LogisticRegression,"{'penalty': 'l2', 'C': 10, 'solver': 'lbfgs', 'class_weight': 'None'}",15,0.6966,0.6644,0.731,0.6042,0.2087,0.6802,0.7407,0.5979,0.2057
all_games,regular_core_diff_only,LogisticRegression,"{'penalty': 'l2', 'C': 1, 'solver': 'lbfgs', 'class_weight': 'None'}",15,0.6967,0.6644,0.7311,0.6042,0.2087,0.6802,0.7407,0.5979,0.2057
all_games,regular_core_diff_only,LogisticRegression,"{'penalty': 'l1', 'C': 10, 'solver': 'liblinear', 'class_weight': 'None'}",15,0.6967,0.6646,0.7311,0.6042,0.2087,0.6804,0.7407,0.5979,0.2057
all_games,regular_core_diff_only,LogisticRegression,"{'penalty': 'l2', 'C': 0.1, 'solver': 'lbfgs', 'class_weight': 'None'}",15,0.6964,0.6646,0.731,0.6042,0.2087,0.6804,0.7407,0.5979,0.2057
all_games,minimal_strong_diff,LogisticRegression,"{'penalty': 'l1', 'C': 10, 'solver': 'liblinear', 'class_weight': 'None'}",9,0.6964,0.666,0.731,0.6042,0.2087,0.6804,0.7406,0.5979,0.2057
all_games,minimal_strong_diff,LogisticRegression,"{'penalty': 'l1', 'C': 1, 'solver': 'liblinear', 'class_weight': 'None'}",9,0.6965,0.6657,0.731,0.6042,0.2087,0.6806,0.7406,0.5979,0.2057
all_games,minimal_strong_diff,LogisticRegression,"{'penalty': 'l2', 'C': 10, 'solver': 'lbfgs', 'class_weight': 'None'}",9,0.6965,0.6649,0.731,0.6042,0.2087,0.6798,0.7406,0.5979,0.2057
all_games,minimal_strong_diff,LogisticRegression,"{'penalty': 'l2', 'C': 100, 'solver': 'lbfgs', 'class_weight': 'None'}",9,0.6965,0.6649,0.731,0.6042,0.2087,0.6798,0.7406,0.5979,0.2057
all_games,minimal_strong_diff,LogisticRegression,"{'penalty': 'l2', 'C': 0.1, 'solver': 'lbfgs', 'class_weight': 'None'}",9,0.6965,0.6652,0.7309,0.6042,0.2087,0.6802,0.7406,0.5979,0.2057
all_games,minimal_strong_diff,LogisticRegression,"{'penalty': 'l2', 'C': 1, 'solver': 'lbfgs', 'class_weight': 'None'}",9,0.6965,0.6649,0.731,0.6042,0.2087,0.6798,0.7406,0.5979,0.2057
all_games,regular_core_diff_only,LogisticRegression,"{'penalty': 'l2', 'C': 100, 'solver': 'lbfgs', 'class_weight': 'None'}",15,0.6966,0.6644,0.7311,0.6042,0.2087,0.6802,0.7407,0.5979,0.2057
all_games,era_adjusted_core,LogisticRegression,"{'penalty': 'l1', 'C': 1, 'solver': 'liblinear', 'class_weight': 'balanced'}",66,0.6838,0.676,0.7321,0.6042,0.2085,0.6795,0.7402,0.596,0.2053
all_games,era_adjusted_core,LogisticRegression,"{'penalty': 'l2', 'C': 1, 'solver': 'lbfgs', 'class_weight': 'balanced'}",66,0.6837,0.6751,0.732,0.6042,0.2085,0.6793,0.7399,0.5966,0.2054
all_games,regular_core_diff_only,LogisticRegression,"{'penalty': 'l1', 'C': 1, 'solver': 'liblinear', 'class_weight': 'None'}",15,0.6966,0.6646,0.731,0.6042,0.2087,0.6804,0.7407,0.5979,0.2057
regular_season_only,regular_plus_playoff_context,LogisticRegression,"{'penalty': 'l1', 'C': 0.1, 'solver': 'liblinear', 'class_weight': 'balanced'}",70,0.6874,0.6735,0.7364,0.6043,0.2085,0.6823,0.7471,0.5924,0.2037
all_games,era_adjusted_core,LogisticRegression,"{'penalty': 'l2', 'C': 0.01, 'solver': 'lbfgs', 'class_weight': 'None'}",66,0.6966,0.6652,0.7318,0.6043,0.2086,0.6785,0.74,0.5984,0.2059
all_games,era_adjusted_core,LogisticRegression,"{'penalty': 'l2', 'C': 10, 'solver': 'lbfgs', 'class_weight': 'balanced'}",66,0.6832,0.676,0.732,0.6043,0.2086,0.6789,0.7399,0.5967,0.2055
all_games,era_adjusted_core,LogisticRegression,"{'penalty': 'l2', 'C': 100, 'solver': 'lbfgs', 'class_weight': 'balanced'}",66,0.6837,0.6757,0.732,0.6043,0.2085,0.6787,0.74,0.5966,0.2054
all_games,era_adjusted_core,LogisticRegression,"{'penalty': 'l2', 'C': 0.1, 'solver': 'lbfgs', 'class_weight': 'balanced'}",66,0.6838,0.6754,0.7321,0.6044,0.2086,0.6779,0.74,0.5965,0.2054
regular_season_only,regular_core_home_away_diff,LogisticRegression,"{'penalty': 'l1', 'C': 0.1, 'solver': 'liblinear', 'class_weight': 'balanced'}",49,0.6877,0.6723,0.7365,0.6044,0.2085,0.6848,0.7471,0.5922,0.2036
regular_season_only,era_adjusted_diff_only,HistGradientBoosting,"{'max_iter': 300, 'learning_rate': 0.05}",17,0.7327,0.6658,0.7331,0.6045,0.2082,0.6788,0.7441,0.5967,0.2045
all_games,minimal_strong_diff,LogisticRegression,"{'penalty': 'l2', 'C': 0.01, 'solver': 'lbfgs', 'class_weight': 'None'}",9,0.6962,0.6652,0.7303,0.6045,0.2088,0.6798,0.74,0.5983,0.2058
all_games,era_adjusted_core,LogisticRegression,"{'penalty': 'l1', 'C': 0.1, 'solver': 'liblinear', 'class_weight': 'balanced'}",66,0.6834,0.6801,0.7319,0.6045,0.2087,0.6808,0.7408,0.5956,0.2051
all_games,regular_core_diff_only,LogisticRegression,"{'penalty': 'l2', 'C': 0.01, 'solver': 'lbfgs', 'class_weight': 'None'}",15,0.6962,0.6646,0.7303,0.6046,0.2088,0.6791,0.7401,0.5983,0.2058
all_games,era_adjusted_diff_only,LogisticRegression,"{'penalty': 'l1', 'C': 0.1, 'solver': 'liblinear', 'class_weight': 'None'}",17,0.6966,0.668,0.7309,0.6047,0.2087,0.6791,0.7393,0.5998,0.2063
all_games,percentile_core,LogisticRegression,"{'penalty': 'l1', 'C': 0.01, 'solver': 'liblinear', 'class_weight': 'None'}",51,0.6948,0.6657,0.7306,0.6048,0.2089,0.6789,0.7344,0.6029,0.2076
all_games,minimal_strong_diff,LogisticRegression,"{'penalty': 'l2', 'C': 100, 'solver': 'lbfgs', 'class_weight': 'balanced'}",9,0.6847,0.6748,0.731,0.6049,0.2089,0.6764,0.7406,0.596,0.2053
all_games,minimal_strong_diff,LogisticRegression,"{'penalty': 'l2', 'C': 1, 'solver': 'lbfgs', 'class_weight': 'balanced'}",9,0.6846,0.6748,0.7309,0.6049,0.2089,0.6766,0.7406,0.596,0.2053
all_games,regular_core_diff_only,LogisticRegression,"{'penalty': 'l1', 'C': 1, 'solver': 'liblinear', 'class_weight': 'balanced'}",15,0.6853,0.674,0.731,0.6049,0.2089,0.6795,0.7407,0.596,0.2053
all_games,regular_core_diff_only,LogisticRegression,"{'penalty': 'l2', 'C': 1, 'solver': 'lbfgs', 'class_weight': 'balanced'}",15,0.6852,0.6737,0.731,0.6049,0.2089,0.6789,0.7407,0.596,0.2053
all_games,minimal_strong_diff,LogisticRegression,"{'penalty': 'l2', 'C': 10, 'solver': 'lbfgs', 'class_weight': 'balanced'}",9,0.6847,0.6748,0.731,0.6049,0.2089,0.6764,0.7406,0.596,0.2053
all_games,minimal_strong_diff,LogisticRegression,"{'penalty': 'l1', 'C': 1, 'solver': 'liblinear', 'class_weight': 'balanced'}",9,0.6848,0.6754,0.731,0.6049,0.2089,0.6752,0.7406,0.596,0.2053
all_games,minimal_strong_diff,LogisticRegression,"{'penalty': 'l1', 'C': 0.1, 'solver': 'liblinear', 'class_weight': 'balanced'}",9,0.6853,0.6735,0.731,0.6049,0.2089,0.6777,0.7407,0.596,0.2053
all_games,minimal_strong_diff,LogisticRegression,"{'penalty': 'l1', 'C': 10, 'solver': 'liblinear', 'class_weight': 'balanced'}",9,0.6847,0.6751,0.731,0.6049,0.2089,0.6762,0.7406,0.596,0.2053
all_games,era_adjusted_core,LogisticRegression,"{'penalty': 'l2', 'C': 0.01, 'solver': 'lbfgs', 'class_weight': 'balanced'}",66,0.6837,0.6751,0.7317,0.6049,0.2088,0.6777,0.74,0.5964,0.2054
all_games,regular_core_diff_only,LogisticRegression,"{'penalty': 'l1', 'C': 0.1, 'solver': 'liblinear', 'class_weight': 'balanced'}",15,0.6851,0.6735,0.731,0.6049,0.2089,0.6772,0.7407,0.596,0.2053
all_games,regular_core_diff_only,LogisticRegression,"{'penalty': 'l2', 'C': 100, 'solver': 'lbfgs', 'class_weight': 'balanced'}",15,0.6853,0.6735,0.731,0.6049,0.2089,0.6789,0.7407,0.596,0.2053
all_games,regular_core_diff_only,LogisticRegression,"{'penalty': 'l2', 'C': 10, 'solver': 'lbfgs', 'class_weight': 'balanced'}",15,0.6853,0.6735,0.731,0.6049,0.2089,0.6789,0.7407,0.596,0.2053
all_games,regular_core_diff_only,LogisticRegression,"{'penalty': 'l1', 'C': 10, 'solver': 'liblinear', 'class_weight': 'balanced'}",15,0.6853,0.6735,0.7311,0.605,0.2089,0.6791,0.7407,0.5961,0.2053
all_games,regular_core_diff_only,LogisticRegression,"{'penalty': 'l2', 'C': 0.1, 'solver': 'lbfgs', 'class_weight': 'balanced'}",15,0.6853,0.676,0.7309,0.605,0.2089,0.6779,0.7406,0.5961,0.2053
regular_season_only,minimal_strong_diff,LogisticRegression,"{'penalty': 'l2', 'C': 0.001, 'solver': 'lbfgs', 'class_weight': 'balanced'}",9,0.685,0.6732,0.7317,0.605,0.2088,0.6813,0.7443,0.5939,0.2042
all_games,minimal_strong_diff,LogisticRegression,"{'penalty': 'l2', 'C': 0.1, 'solver': 'lbfgs', 'class_weight': 'balanced'}",9,0.6845,0.6746,0.7309,0.605,0.2089,0.6772,0.7406,0.5961,0.2053
regular_season_only,percentile_core,LogisticRegression,"{'penalty': 'l1', 'C': 0.1, 'solver': 'liblinear', 'class_weight': 'balanced'}",51,0.6843,0.6732,0.7342,0.605,0.2086,0.6827,0.7423,0.5966,0.2053
regular_season_only,percentile_core,LogisticRegression,"{'penalty': 'l2', 'C': 100, 'solver': 'lbfgs', 'class_weight': 'balanced'}",51,0.6845,0.675,0.7341,0.6051,0.2087,0.6829,0.7426,0.5964,0.2052
regular_season_only,percentile_core,LogisticRegression,"{'penalty': 'l2', 'C': 0.1, 'solver': 'lbfgs', 'class_weight': 'balanced'}",51,0.6846,0.6747,0.7341,0.6051,0.2087,0.6831,0.7426,0.5964,0.2052
regular_season_only,percentile_core,LogisticRegression,"{'penalty': 'l1', 'C': 1, 'solver': 'liblinear', 'class_weight': 'balanced'}",51,0.6845,0.675,0.734,0.6051,0.2087,0.6829,0.7425,0.5965,0.2052
regular_season_only,percentile_core,LogisticRegression,"{'penalty': 'l2', 'C': 1, 'solver': 'lbfgs', 'class_weight': 'balanced'}",51,0.6845,0.675,0.7341,0.6051,0.2087,0.6829,0.7426,0.5964,0.2052
regular_season_only,percentile_core,LogisticRegression,"{'penalty': 'l2', 'C': 0.01, 'solver': 'lbfgs', 'class_weight': 'balanced'}",51,0.6843,0.6735,0.7339,0.6051,0.2087,0.684,0.7425,0.5964,0.2052
regular_season_only,percentile_core,LogisticRegression,"{'penalty': 'l2', 'C': 10, 'solver': 'lbfgs', 'class_weight': 'balanced'}",51,0.6845,0.675,0.7341,0.6051,0.2087,0.6829,0.7426,0.5964,0.2052
regular_season_only,regular_core_diff_only,LogisticRegression,"{'penalty': 'l2', 'C': 0.001, 'solver': 'lbfgs', 'class_weight': 'balanced'}",15,0.6854,0.6723,0.7315,0.6052,0.2089,0.6809,0.7441,0.5941,0.2043
all_games,percentile_core,LogisticRegression,"{'penalty': 'l1', 'C': 0.001, 'solver': 'liblinear', 'class_weight': 'None'}",51,0.6929,0.6721,0.7289,0.6052,0.2089,0.6773,0.7323,0.6033,0.2079
all_games,era_adjusted_diff_only,LogisticRegression,"{'penalty': 'l2', 'C': 0.1, 'solver': 'lbfgs', 'class_weight': 'None'}",17,0.6967,0.6685,0.7306,0.6052,0.2089,0.6795,0.7393,0.6,0.2063
regular_season_only,percentile_core,LogisticRegression,"{'penalty': 'l1', 'C': 0.01, 'solver': 'liblinear', 'class_weight': 'balanced'}",51,0.684,0.6723,0.7342,0.6052,0.2088,0.6809,0.7407,0.5984,0.206
regular_season_only,percentile_core,LogisticRegression,"{'penalty': 'l1', 'C': 10, 'solver': 'liblinear', 'class_weight': 'balanced'}",51,0.6842,0.6747,0.734,0.6052,0.2087,0.6827,0.7425,0.5965,0.2052
all_games,era_adjusted_diff_only,LogisticRegression,"{'penalty': 'l2', 'C': 0.01, 'solver': 'lbfgs', 'class_weight': 'None'}",17,0.6958,0.666,0.7301,0.6052,0.209,0.6798,0.7388,0.6001,0.2064
all_games,era_adjusted_diff_only,LogisticRegression,"{'penalty': 'l1', 'C': 1, 'solver': 'liblinear', 'class_weight': 'None'}",17,0.6969,0.6682,0.7306,0.6052,0.2089,0.6793,0.7393,0.6,0.2063
all_games,era_adjusted_core,LogisticRegression,"{'penalty': 'l1', 'C': 0.01, 'solver': 'liblinear', 'class_weight': 'balanced'}",66,0.6838,0.6751,0.7317,0.6052,0.209,0.6804,0.7409,0.5963,0.2054
all_games,era_adjusted_diff_only,LogisticRegression,"{'penalty': 'l1', 'C': 10, 'solver': 'liblinear', 'class_weight': 'None'}",17,0.6971,0.6682,0.7306,0.6053,0.209,0.6795,0.7393,0.6001,0.2063
all_games,era_adjusted_diff_only,LogisticRegression,"{'penalty': 'l2', 'C': 100, 'solver': 'lbfgs', 'class_weight': 'None'}",17,0.697,0.668,0.7305,0.6053,0.209,0.6804,0.7393,0.6001,0.2063
all_games,era_adjusted_diff_only,LogisticRegression,"{'penalty': 'l2', 'C': 1, 'solver': 'lbfgs', 'class_weight': 'None'}",17,0.6971,0.668,0.7305,0.6053,0.209,0.6798,0.7393,0.6001,0.2063
all_games,era_adjusted_diff_only,LogisticRegression,"{'penalty': 'l2', 'C': 10, 'solver': 'lbfgs', 'class_weight': 'None'}",17,0.6971,0.668,0.7305,0.6053,0.209,0.6806,0.7393,0.6001,0.2063
playoffs_only,regular_plus_playoff_context,LogisticRegression,"{'penalty': 'l2', 'C': 0.01, 'solver': 'lbfgs', 'class_weight': 'None'}",70,0.73,0.684,0.7633,0.6053,0.2071,0.6925,0.7629,0.579,0.1973
all_games,regular_core_diff_only,LogisticRegression,"{'penalty': 'l2', 'C': 0.01, 'solver': 'lbfgs', 'class_weight': 'balanced'}",15,0.6833,0.6748,0.7303,0.6054,0.2091,0.6787,0.7401,0.5966,0.2055
regular_season_only,regular_core_home_away_diff,LogisticRegression,"{'penalty': 'l1', 'C': 0.01, 'solver': 'liblinear', 'class_weight': 'balanced'}",49,0.6867,0.669,0.7358,0.6054,0.209,0.6846,0.7474,0.5933,0.2041
regular_season_only,regular_plus_playoff_context,LogisticRegression,"{'penalty': 'l1', 'C': 0.01, 'solver': 'liblinear', 'class_weight': 'balanced'}",70,0.6868,0.6693,0.7358,0.6054,0.209,0.685,0.7474,0.5933,0.2041
all_games,percentile_core,RandomForest,"{'n_estimators': 300, 'max_depth': 8}",51,0.7333,0.6646,0.73,0.6054,0.2091,0.6772,0.7339,0.6036,0.2078
all_games,minimal_strong_diff,LogisticRegression,"{'penalty': 'l2', 'C': 0.01, 'solver': 'lbfgs', 'class_weight': 'balanced'}",9,0.6835,0.6751,0.7303,0.6054,0.2091,0.6773,0.74,0.5966,0.2055
all_games,regular_plus_playoff_context,LogisticRegression,"{'penalty': 'l2', 'C': 10, 'solver': 'lbfgs', 'class_weight': 'balanced'}",70,0.6848,0.6776,0.7327,0.6054,0.2089,0.6768,0.7405,0.5962,0.2054
regular_season_only,regular_all_home_away_diff,LogisticRegression,"{'penalty': 'l1', 'C': 0.01, 'solver': 'liblinear', 'class_weight': 'balanced'}",196,0.6862,0.6684,0.7358,0.6055,0.2091,0.6829,0.7476,0.5936,0.2042
all_games,era_adjusted_core,LogisticRegression,"{'penalty': 'l2', 'C': 0.001, 'solver': 'lbfgs', 'class_weight': 'None'}",66,0.6944,0.6633,0.7298,0.6055,0.2092,0.6791,0.7385,0.5996,0.2063
all_games,regular_plus_playoff_context,LogisticRegression,"{'penalty': 'l2', 'C': 100, 'solver': 'lbfgs', 'class_weight': 'balanced'}",70,0.6849,0.6776,0.7328,0.6055,0.209,0.6762,0.7405,0.5963,0.2054
all_games,regular_plus_playoff_context,LogisticRegression,"{'penalty': 'l2', 'C': 1, 'solver': 'lbfgs', 'class_weight': 'balanced'}",70,0.6849,0.6782,0.7328,0.6055,0.209,0.6768,0.7405,0.5963,0.2054
all_games,minimal_strong_diff,LogisticRegression,"{'penalty': 'l1', 'C': 0.01, 'solver': 'liblinear', 'class_weight': 'balanced'}",9,0.6833,0.6732,0.7311,0.6056,0.2092,0.6789,0.7408,0.5965,0.2055
all_games,regular_plus_playoff_context,LogisticRegression,"{'penalty': 'l2', 'C': 0.1, 'solver': 'lbfgs', 'class_weight': 'balanced'}",70,0.6851,0.6782,0.7329,0.6056,0.209,0.676,0.7406,0.5963,0.2054
all_games,regular_core_diff_only,LogisticRegression,"{'penalty': 'l1', 'C': 0.01, 'solver': 'liblinear', 'class_weight': 'balanced'}",15,0.6834,0.6726,0.731,0.6056,0.2092,0.6785,0.7408,0.5965,0.2055
regular_season_only,percentile_core,LogisticRegression,"{'penalty': 'l2', 'C': 0.001, 'solver': 'lbfgs', 'class_weight': 'balanced'}",51,0.6844,0.6723,0.7327,0.6056,0.209,0.6801,0.7418,0.5968,0.2054
all_games,regular_plus_playoff_context,LogisticRegression,"{'penalty': 'l1', 'C': 10, 'solver': 'liblinear', 'class_weight': 'balanced'}",70,0.6853,0.676,0.7329,0.6058,0.2091,0.6752,0.7406,0.5967,0.2055
all_games,regular_plus_playoff_context,LogisticRegression,"{'penalty': 'l1', 'C': 1, 'solver': 'liblinear', 'class_weight': 'balanced'}",70,0.6852,0.6743,0.733,0.6058,0.2091,0.6752,0.7406,0.5966,0.2055
all_games,regular_core_home_away_diff,LogisticRegression,"{'penalty': 'l2', 'C': 1, 'solver': 'lbfgs', 'class_weight': 'balanced'}",49,0.6846,0.6743,0.7321,0.6059,0.2092,0.6783,0.74,0.5966,0.2056
all_games,regular_core_home_away_diff,LogisticRegression,"{'penalty': 'l2', 'C': 100, 'solver': 'lbfgs', 'class_weight': 'balanced'}",49,0.6846,0.6746,0.7321,0.6059,0.2092,0.6785,0.74,0.5966,0.2056
all_games,regular_core_home_away_diff,LogisticRegression,"{'penalty': 'l2', 'C': 10, 'solver': 'lbfgs', 'class_weight': 'balanced'}",49,0.6846,0.6746,0.7321,0.6059,0.2092,0.6785,0.74,0.5966,0.2056
all_games,minimal_strong_diff,RandomForest,"{'n_estimators': 300, 'max_depth': 8}",9,0.7221,0.6613,0.7293,0.6059,0.2093,0.6772,0.7378,0.6012,0.2067
all_games,percentile_core,LogisticRegression,"{'penalty': 'l1', 'C': 0.1, 'solver': 'liblinear', 'class_weight': 'None'}",51,0.6953,0.6663,0.7307,0.606,0.2093,0.6802,0.7361,0.6026,0.2074
regular_season_only,era_adjusted_diff_only,LogisticRegression,"{'penalty': 'l2', 'C': 0.001, 'solver': 'lbfgs', 'class_weight': 'balanced'}",17,0.6852,0.6717,0.7312,0.606,0.2093,0.6766,0.7432,0.5953,0.2047
all_games,regular_core_home_away_diff,LogisticRegression,"{'penalty': 'l2', 'C': 0.1, 'solver': 'lbfgs', 'class_weight': 'balanced'}",49,0.6844,0.6743,0.7322,0.606,0.2093,0.6791,0.7401,0.5966,0.2056
all_games,regular_core_diff_only,HistGradientBoosting,"{'max_iter': 300, 'learning_rate': 0.05}",15,0.7167,0.6652,0.7297,0.606,0.2094,0.6754,0.7377,0.6018,0.207
all_games,percentile_core,LogisticRegression,"{'penalty': 'l2', 'C': 0.01, 'solver': 'lbfgs', 'class_weight': 'None'}",51,0.6952,0.6646,0.7306,0.6061,0.2093,0.6812,0.7363,0.6025,0.2073
regular_season_only,minimal_era_adjusted_diff,LogisticRegression,"{'penalty': 'l1', 'C': 0.001, 'solver': 'liblinear', 'class_weight': 'None'}",7,0.6909,0.6661,0.726,0.6061,0.2092,0.6788,0.7382,0.6001,0.2065
regular_season_only,minimal_era_adjusted_diff,LogisticRegression,"{'penalty': 'l1', 'C': 0.01, 'solver': 'liblinear', 'class_weight': 'None'}",7,0.6911,0.6598,0.7262,0.6061,0.2094,0.6778,0.7384,0.5996,0.2063
all_games,regular_plus_playoff_context,LogisticRegression,"{'penalty': 'l2', 'C': 0.01, 'solver': 'lbfgs', 'class_weight': 'balanced'}",70,0.6853,0.6771,0.7331,0.6061,0.2092,0.6752,0.7406,0.5965,0.2055
all_games,regular_core_diff_only,RandomForest,"{'n_estimators': 300, 'max_depth': 8}",15,0.724,0.6646,0.7292,0.6062,0.2093,0.6791,0.7372,0.602,0.2069
all_games,regular_core_home_away_diff,LogisticRegression,"{'penalty': 'l1', 'C': 10, 'solver': 'liblinear', 'class_weight': 'balanced'}",49,0.6843,0.674,0.7322,0.6062,0.2093,0.6779,0.74,0.5971,0.2058
all_games,regular_core_home_away_diff,LogisticRegression,"{'penalty': 'l1', 'C': 1, 'solver': 'liblinear', 'class_weight': 'balanced'}",49,0.6846,0.6743,0.7322,0.6062,0.2093,0.6785,0.7401,0.5969,0.2057
all_games,era_adjusted_diff_only,LogisticRegression,"{'penalty': 'l1', 'C': 0.1, 'solver': 'liblinear', 'class_weight': 'balanced'}",17,0.6846,0.6726,0.7308,0.6062,0.2093,0.6773,0.7393,0.5982,0.206
all_games,percentile_core,LogisticRegression,"{'penalty': 'l2', 'C': 0.1, 'solver': 'lbfgs', 'class_weight': 'None'}",51,0.6952,0.6663,0.7307,0.6062,0.2093,0.6802,0.7365,0.6025,0.2073
all_games,percentile_core,LogisticRegression,"{'penalty': 'l2', 'C': 1, 'solver': 'lbfgs', 'class_weight': 'None'}",51,0.6951,0.666,0.7307,0.6063,0.2094,0.68,0.7365,0.6025,0.2073
all_games,percentile_core,LogisticRegression,"{'penalty': 'l2', 'C': 100, 'solver': 'lbfgs', 'class_weight': 'None'}",51,0.6951,0.666,0.7306,0.6063,0.2094,0.68,0.7365,0.6025,0.2073
all_games,percentile_core,LogisticRegression,"{'penalty': 'l1', 'C': 10, 'solver': 'liblinear', 'class_weight': 'None'}",51,0.6948,0.6666,0.7306,0.6063,0.2094,0.6798,0.7365,0.6025,0.2073
all_games,percentile_core,LogisticRegression,"{'penalty': 'l2', 'C': 10, 'solver': 'lbfgs', 'class_weight': 'None'}",51,0.6951,0.666,0.7306,0.6063,0.2094,0.68,0.7365,0.6025,0.2073
all_games,percentile_core,LogisticRegression,"{'penalty': 'l2', 'C': 0.001, 'solver': 'lbfgs', 'class_weight': 'None'}",51,0.6936,0.6652,0.7296,0.6063,0.2095,0.6758,0.7353,0.6029,0.2076
all_games,percentile_core,LogisticRegression,"{'penalty': 'l1', 'C': 1, 'solver': 'liblinear', 'class_weight': 'None'}",51,0.6953,0.6671,0.7306,0.6063,0.2094,0.6808,0.7364,0.6025,0.2073
regular_season_only,minimal_era_adjusted_diff,LogisticRegression,"{'penalty': 'l2', 'C': 0.001, 'solver': 'lbfgs', 'class_weight': 'None'}",7,0.691,0.6589,0.7266,0.6064,0.2095,0.6815,0.739,0.5993,0.2062
all_games,era_adjusted_diff_only,LogisticRegression,"{'penalty': 'l1', 'C': 0.01, 'solver': 'liblinear', 'class_weight': 'balanced'}",17,0.6832,0.6718,0.731,0.6064,0.2095,0.6789,0.7394,0.5986,0.2062
all_games,minimal_strong_diff,LogisticRegression,"{'penalty': 'l2', 'C': 0.001, 'solver': 'lbfgs', 'class_weight': 'None'}",9,0.6944,0.6616,0.728,0.6064,0.2096,0.6821,0.7375,0.5998,0.2065
all_games,regular_plus_playoff_context,HistGradientBoosting,"{'max_iter': 300, 'learning_rate': 0.05}",70,0.7188,0.6646,0.7259,0.6064,0.2096,0.6793,0.7384,0.5986,0.2058
all_games,percentile_core,HistGradientBoosting,"{'max_iter': 300, 'learning_rate': 0.05}",51,0.72,0.6693,0.7286,0.6064,0.2095,0.6785,0.7334,0.604,0.2081
all_games,era_adjusted_core,RandomForest,"{'n_estimators': 300, 'max_depth': 8}",66,0.7313,0.6641,0.7291,0.6064,0.2094,0.6772,0.7372,0.6015,0.2069
all_games,era_adjusted_diff_only,LogisticRegression,"{'penalty': 'l2', 'C': 0.01, 'solver': 'lbfgs', 'class_weight': 'balanced'}",17,0.6844,0.6718,0.7301,0.6065,0.2095,0.6775,0.7388,0.5985,0.2061
all_games,era_adjusted_core,HistGradientBoosting,"{'max_iter': 300, 'learning_rate': 0.05}",66,0.7208,0.6663,0.729,0.6065,0.2095,0.6779,0.7368,0.6015,0.207
all_games,era_adjusted_core,LogisticRegression,"{'penalty': 'l2', 'C': 0.001, 'solver': 'lbfgs', 'class_weight': 'balanced'}",66,0.6828,0.6737,0.7298,0.6065,0.2095,0.676,0.7385,0.598,0.206
all_games,era_adjusted_diff_only,LogisticRegression,"{'penalty': 'l2', 'C': 0.1, 'solver': 'lbfgs', 'class_weight': 'balanced'}",17,0.6843,0.6724,0.7305,0.6065,0.2095,0.6781,0.7392,0.5984,0.2061
all_games,regular_core_home_away_diff,LogisticRegression,"{'penalty': 'l2', 'C': 0.01, 'solver': 'lbfgs', 'class_weight': 'balanced'}",49,0.685,0.6724,0.732,0.6066,0.2095,0.6773,0.7399,0.597,0.2057
all_games,era_adjusted_diff_only,LogisticRegression,"{'penalty': 'l1', 'C': 1, 'solver': 'liblinear', 'class_weight': 'balanced'}",17,0.6844,0.6724,0.7306,0.6066,0.2095,0.6773,0.7393,0.5985,0.2061
all_games,regular_core_diff_only,LogisticRegression,"{'penalty': 'l2', 'C': 0.001, 'solver': 'lbfgs', 'class_weight': 'None'}",15,0.6946,0.6633,0.7278,0.6066,0.2097,0.6793,0.7374,0.6001,0.2066
all_games,era_adjusted_diff_only,LogisticRegression,"{'penalty': 'l1', 'C': 10, 'solver': 'liblinear', 'class_weight': 'balanced'}",17,0.6844,0.6721,0.7306,0.6067,0.2096,0.6773,0.7392,0.5986,0.2061
all_games,era_adjusted_diff_only,LogisticRegression,"{'penalty': 'l2', 'C': 100, 'solver': 'lbfgs', 'class_weight': 'balanced'}",17,0.6841,0.6718,0.7305,0.6067,0.2096,0.6762,0.7392,0.5986,0.2061
all_games,era_adjusted_diff_only,LogisticRegression,"{'penalty': 'l2', 'C': 1, 'solver': 'lbfgs', 'class_weight': 'balanced'}",17,0.6841,0.6713,0.7305,0.6067,0.2096,0.6773,0.7392,0.5985,0.2061
all_games,regular_plus_playoff_context,LogisticRegression,"{'penalty': 'l1', 'C': 0.1, 'solver': 'liblinear', 'class_weight': 'balanced'}",70,0.6846,0.6715,0.7332,0.6067,0.2095,0.6745,0.7409,0.5969,0.2057
all_games,era_adjusted_diff_only,LogisticRegression,"{'penalty': 'l2', 'C': 10, 'solver': 'lbfgs', 'class_weight': 'balanced'}",17,0.6841,0.6718,0.7305,0.6067,0.2096,0.6762,0.7392,0.5986,0.2061
regular_season_only,regular_plus_playoff_context,LogisticRegression,"{'penalty': 'l2', 'C': 0.001, 'solver': 'lbfgs', 'class_weight': 'balanced'}",70,0.685,0.6699,0.7341,0.6068,0.2095,0.678,0.7448,0.5948,0.2046
all_games,era_adjusted_diff_only,LogisticRegression,"{'penalty': 'l2', 'C': 0.001, 'solver': 'lbfgs', 'class_weight': 'None'}",17,0.6937,0.663,0.7275,0.6068,0.2097,0.6787,0.7364,0.6014,0.207
all_games,regular_core_home_away_diff,HistGradientBoosting,"{'max_iter': 300, 'learning_rate': 0.05}",49,0.717,0.6666,0.7256,0.6069,0.2099,0.6821,0.7365,0.5989,0.2061
regular_season_only,regular_core_home_away_diff,LogisticRegression,"{'penalty': 'l2', 'C': 0.001, 'solver': 'lbfgs', 'class_weight': 'balanced'}",49,0.6856,0.669,0.7336,0.6069,0.2096,0.6803,0.7449,0.5945,0.2046
all_games,regular_core_home_away_diff,LogisticRegression,"{'penalty': 'l1', 'C': 0.1, 'solver': 'liblinear', 'class_weight': 'balanced'}",49,0.6847,0.6699,0.7323,0.6072,0.2098,0.675,0.7404,0.5973,0.2059
all_games,percentile_core,LogisticRegression,"{'penalty': 'l2', 'C': 0.01, 'solver': 'lbfgs', 'class_weight': 'balanced'}",51,0.6812,0.6713,0.7306,0.6073,0.2097,0.6775,0.7363,0.6009,0.2072
all_games,percentile_core,LogisticRegression,"{'penalty': 'l1', 'C': 0.1, 'solver': 'liblinear', 'class_weight': 'balanced'}",51,0.681,0.6721,0.7307,0.6074,0.2097,0.676,0.7361,0.6011,0.2073
all_games,percentile_core,LogisticRegression,"{'penalty': 'l2', 'C': 0.1, 'solver': 'lbfgs', 'class_weight': 'balanced'}",51,0.6815,0.6704,0.7307,0.6074,0.2097,0.6768,0.7365,0.6009,0.2072
all_games,percentile_core,LogisticRegression,"{'penalty': 'l1', 'C': 1, 'solver': 'liblinear', 'class_weight': 'balanced'}",51,0.6812,0.6699,0.7306,0.6075,0.2097,0.6772,0.7365,0.6009,0.2072
all_games,percentile_core,LogisticRegression,"{'penalty': 'l1', 'C': 10, 'solver': 'liblinear', 'class_weight': 'balanced'}",51,0.6812,0.6702,0.7306,0.6075,0.2097,0.6768,0.7365,0.6009,0.2072
all_games,percentile_core,LogisticRegression,"{'penalty': 'l2', 'C': 10, 'solver': 'lbfgs', 'class_weight': 'balanced'}",51,0.6814,0.6702,0.7306,0.6075,0.2097,0.6766,0.7365,0.6009,0.2072
all_games,percentile_core,LogisticRegression,"{'penalty': 'l2', 'C': 1, 'solver': 'lbfgs', 'class_weight': 'balanced'}",51,0.6814,0.6702,0.7306,0.6075,0.2097,0.6766,0.7365,0.6009,0.2072
all_games,percentile_core,LogisticRegression,"{'penalty': 'l2', 'C': 100, 'solver': 'lbfgs', 'class_weight': 'balanced'}",51,0.6814,0.6702,0.7306,0.6075,0.2097,0.6766,0.7365,0.6009,0.2072
all_games,era_adjusted_diff_only,RandomForest,"{'n_estimators': 300, 'max_depth': 8}",17,0.7266,0.6638,0.728,0.6076,0.2099,0.676,0.737,0.6019,0.207
all_games,regular_plus_playoff_context,LogisticRegression,"{'penalty': 'l1', 'C': 0.01, 'solver': 'liblinear', 'class_weight': 'balanced'}",70,0.684,0.6691,0.7325,0.6076,0.21,0.6754,0.7412,0.5976,0.206
regular_season_only,minimal_era_adjusted_diff,LogisticRegression,"{'penalty': 'l1', 'C': 0.1, 'solver': 'liblinear', 'class_weight': 'None'}",7,0.692,0.6589,0.7263,0.6076,0.2099,0.6803,0.7388,0.6006,0.2065
regular_season_only,minimal_era_adjusted_diff,LogisticRegression,"{'penalty': 'l2', 'C': 0.01, 'solver': 'lbfgs', 'class_weight': 'None'}",7,0.692,0.6589,0.7264,0.6076,0.2099,0.6811,0.739,0.6004,0.2064
all_games,minimal_strong_diff,LogisticRegression,"{'penalty': 'l2', 'C': 0.001, 'solver': 'lbfgs', 'class_weight': 'balanced'}",9,0.6818,0.6721,0.728,0.6076,0.21,0.6745,0.7375,0.5987,0.2064
all_games,regular_core_diff_only,LogisticRegression,"{'penalty': 'l2', 'C': 0.001, 'solver': 'lbfgs', 'class_weight': 'balanced'}",15,0.6822,0.6724,0.7278,0.6077,0.2101,0.6735,0.7374,0.5989,0.2065
all_games,percentile_core,LogisticRegression,"{'penalty': 'l2', 'C': 0.001, 'solver': 'lbfgs', 'class_weight': 'balanced'}",51,0.6808,0.6682,0.7295,0.6077,0.2099,0.6739,0.7353,0.6015,0.2075
all_games,percentile_core,LogisticRegression,"{'penalty': 'l1', 'C': 0.01, 'solver': 'liblinear', 'class_weight': 'balanced'}",51,0.6806,0.6702,0.7305,0.6077,0.2099,0.675,0.7346,0.6029,0.208
regular_season_only,minimal_era_adjusted_diff,LogisticRegression,"{'penalty': 'l2', 'C': 100, 'solver': 'lbfgs', 'class_weight': 'None'}",7,0.6917,0.6598,0.7264,0.6078,0.2099,0.6811,0.7388,0.6007,0.2065
regular_season_only,minimal_era_adjusted_diff,LogisticRegression,"{'penalty': 'l2', 'C': 10, 'solver': 'lbfgs', 'class_weight': 'None'}",7,0.6917,0.6598,0.7263,0.6078,0.2099,0.6811,0.7388,0.6007,0.2065
regular_season_only,minimal_era_adjusted_diff,LogisticRegression,"{'penalty': 'l2', 'C': 0.1, 'solver': 'lbfgs', 'class_weight': 'None'}",7,0.6918,0.6595,0.7264,0.6078,0.2099,0.6811,0.7388,0.6007,0.2065
all_games,era_adjusted_diff_only,HistGradientBoosting,"{'max_iter': 300, 'learning_rate': 0.05}",17,0.7229,0.6666,0.7281,0.6078,0.2099,0.6756,0.7364,0.6021,0.2072
regular_season_only,minimal_era_adjusted_diff,LogisticRegression,"{'penalty': 'l2', 'C': 1, 'solver': 'lbfgs', 'class_weight': 'None'}",7,0.6918,0.6595,0.7263,0.6078,0.2099,0.6811,0.7388,0.6007,0.2065
regular_season_only,minimal_era_adjusted_diff,LogisticRegression,"{'penalty': 'l1', 'C': 1, 'solver': 'liblinear', 'class_weight': 'None'}",7,0.6918,0.661,0.7263,0.6078,0.2099,0.6809,0.7388,0.6008,0.2065
regular_season_only,minimal_era_adjusted_diff,LogisticRegression,"{'penalty': 'l1', 'C': 10, 'solver': 'liblinear', 'class_weight': 'None'}",7,0.6918,0.661,0.7263,0.6079,0.21,0.6809,0.7388,0.6008,0.2065
all_games,regular_core_home_away_diff,LogisticRegression,"{'penalty': 'l1', 'C': 0.01, 'solver': 'liblinear', 'class_weight': 'balanced'}",49,0.6838,0.6674,0.7318,0.6079,0.2102,0.6762,0.7407,0.5979,0.2061
all_games,minimal_strong_diff,HistGradientBoosting,"{'max_iter': 300, 'learning_rate': 0.05}",9,0.7157,0.6635,0.7271,0.6081,0.2103,0.6783,0.7365,0.6024,0.2072
all_games,regular_all_home_away_diff,LogisticRegression,"{'penalty': 'l1', 'C': 0.01, 'solver': 'liblinear', 'class_weight': 'balanced'}",196,0.6833,0.6677,0.7317,0.6083,0.2103,0.675,0.741,0.598,0.2062
all_games,regular_plus_playoff_context,LogisticRegression,"{'penalty': 'l2', 'C': 0.001, 'solver': 'lbfgs', 'class_weight': 'balanced'}",70,0.6829,0.6721,0.7315,0.6083,0.2101,0.6733,0.7393,0.5987,0.2064
regular_season_only,era_adjusted_diff_only,LogisticRegression,"{'penalty': 'l1', 'C': 0.001, 'solver': 'liblinear', 'class_weight': 'balanced'}",17,0.678,0.669,0.735,0.6085,0.2102,0.6794,0.7462,0.6002,0.2066
regular_season_only,minimal_era_adjusted_diff,RandomForest,"{'n_estimators': 300, 'max_depth': 8}",7,0.722,0.6575,0.7253,0.6085,0.2101,0.6747,0.7379,0.6019,0.2069
all_games,era_adjusted_diff_only,LogisticRegression,"{'penalty': 'l2', 'C': 0.001, 'solver': 'lbfgs', 'class_weight': 'balanced'}",17,0.6824,0.6707,0.7274,0.6085,0.2104,0.6722,0.7364,0.6002,0.2069
all_games,minimal_era_adjusted_diff,LogisticRegression,"{'penalty': 'l1', 'C': 0.001, 'solver': 'liblinear', 'class_weight': 'None'}",7,0.6893,0.6644,0.7219,0.6089,0.2105,0.6737,0.7313,0.6039,0.2082
all_games,regular_core_home_away_diff,LogisticRegression,"{'penalty': 'l2', 'C': 0.001, 'solver': 'lbfgs', 'class_weight': 'balanced'}",49,0.6827,0.6669,0.7296,0.6093,0.2106,0.6737,0.7381,0.5992,0.2067
regular_season_only,regular_plus_playoff_context,LogisticRegression,"{'penalty': 'l1', 'C': 0.001, 'solver': 'liblinear', 'class_weight': 'balanced'}",70,0.678,0.669,0.7351,0.6095,0.2106,0.6794,0.7475,0.5986,0.206
regular_season_only,regular_core_diff_only,LogisticRegression,"{'penalty': 'l1', 'C': 0.001, 'solver': 'liblinear', 'class_weight': 'balanced'}",15,0.678,0.669,0.7351,0.6095,0.2106,0.6794,0.7475,0.5986,0.206
regular_season_only,minimal_era_adjusted_diff,LogisticRegression,"{'penalty': 'l2', 'C': 0.001, 'solver': 'lbfgs', 'class_weight': 'balanced'}",7,0.6811,0.6655,0.7266,0.6095,0.2108,0.6714,0.739,0.5986,0.2062
regular_season_only,era_adjusted_core,LogisticRegression,"{'penalty': 'l1', 'C': 0.001, 'solver': 'liblinear', 'class_weight': 'balanced'}",66,0.678,0.669,0.7351,0.6095,0.2106,0.6794,0.7475,0.5986,0.206
regular_season_only,regular_all_home_away_diff,LogisticRegression,"{'penalty': 'l1', 'C': 0.001, 'solver': 'liblinear', 'class_weight': 'balanced'}",196,0.678,0.669,0.7351,0.6095,0.2106,0.6794,0.7475,0.5986,0.206
regular_season_only,minimal_strong_diff,LogisticRegression,"{'penalty': 'l1', 'C': 0.001, 'solver': 'liblinear', 'class_weight': 'balanced'}",9,0.678,0.669,0.7351,0.6095,0.2106,0.6794,0.7475,0.5986,0.206
regular_season_only,regular_core_home_away_diff,LogisticRegression,"{'penalty': 'l1', 'C': 0.001, 'solver': 'liblinear', 'class_weight': 'balanced'}",49,0.678,0.669,0.7351,0.6095,0.2106,0.6794,0.7474,0.5986,0.206
regular_season_only,minimal_era_adjusted_diff,HistGradientBoosting,"{'max_iter': 300, 'learning_rate': 0.05}",7,0.7142,0.664,0.7245,0.6096,0.2105,0.671,0.735,0.6038,0.2077
all_games,minimal_era_adjusted_diff,LogisticRegression,"{'penalty': 'l1', 'C': 0.01, 'solver': 'liblinear', 'class_weight': 'None'}",7,0.6904,0.6605,0.7223,0.61,0.211,0.6745,0.7316,0.6046,0.2085
all_games,minimal_era_adjusted_diff,LogisticRegression,"{'penalty': 'l2', 'C': 0.001, 'solver': 'lbfgs', 'class_weight': 'None'}",7,0.6896,0.658,0.7227,0.6102,0.2112,0.6768,0.7322,0.6043,0.2084
regular_season_only,minimal_era_adjusted_diff,LogisticRegression,"{'penalty': 'l1', 'C': 0.01, 'solver': 'liblinear', 'class_weight': 'balanced'}",7,0.6781,0.6676,0.7262,0.6105,0.2112,0.6737,0.7384,0.5998,0.2067
regular_season_only,minimal_era_adjusted_diff,LogisticRegression,"{'penalty': 'l2', 'C': 0.01, 'solver': 'lbfgs', 'class_weight': 'balanced'}",7,0.6814,0.6687,0.7264,0.6106,0.2112,0.6745,0.739,0.5995,0.2065
regular_season_only,minimal_era_adjusted_diff,LogisticRegression,"{'penalty': 'l1', 'C': 0.1, 'solver': 'liblinear', 'class_weight': 'balanced'}",7,0.6808,0.6682,0.7263,0.6107,0.2112,0.6745,0.7387,0.5997,0.2066
regular_season_only,minimal_era_adjusted_diff,LogisticRegression,"{'penalty': 'l1', 'C': 10, 'solver': 'liblinear', 'class_weight': 'balanced'}",7,0.681,0.669,0.7263,0.6108,0.2113,0.6747,0.7388,0.5999,0.2066
regular_season_only,minimal_era_adjusted_diff,LogisticRegression,"{'penalty': 'l2', 'C': 10, 'solver': 'lbfgs', 'class_weight': 'balanced'}",7,0.6809,0.669,0.7264,0.6108,0.2113,0.6745,0.7388,0.5998,0.2066
regular_season_only,minimal_era_adjusted_diff,LogisticRegression,"{'penalty': 'l1', 'C': 1, 'solver': 'liblinear', 'class_weight': 'balanced'}",7,0.681,0.6684,0.7263,0.6108,0.2113,0.6747,0.7388,0.5999,0.2066
regular_season_only,minimal_era_adjusted_diff,LogisticRegression,"{'penalty': 'l2', 'C': 100, 'solver': 'lbfgs', 'class_weight': 'balanced'}",7,0.6809,0.669,0.7264,0.6108,0.2113,0.6745,0.7388,0.5998,0.2066
regular_season_only,minimal_era_adjusted_diff,LogisticRegression,"{'penalty': 'l2', 'C': 0.1, 'solver': 'lbfgs', 'class_weight': 'balanced'}",7,0.681,0.6687,0.7263,0.6108,0.2113,0.6745,0.7388,0.5998,0.2066
regular_season_only,minimal_era_adjusted_diff,LogisticRegression,"{'penalty': 'l2', 'C': 1, 'solver': 'lbfgs', 'class_weight': 'balanced'}",7,0.6809,0.669,0.7263,0.6108,0.2113,0.6745,0.7388,0.5998,0.2066
all_games,era_adjusted_diff_only,LogisticRegression,"{'penalty': 'l1', 'C': 0.001, 'solver': 'liblinear', 'class_weight': 'balanced'}",17,0.6742,0.6655,0.731,0.6111,0.2114,0.6725,0.7395,0.6044,0.2085
regular_season_only,percentile_core,LogisticRegression,"{'penalty': 'l1', 'C': 0.001, 'solver': 'liblinear', 'class_weight': 'balanced'}",51,0.68,0.6679,0.7328,0.6112,0.2113,0.6817,0.7383,0.6059,0.209
all_games,minimal_era_adjusted_diff,LogisticRegression,"{'penalty': 'l1', 'C': 0.1, 'solver': 'liblinear', 'class_weight': 'None'}",7,0.6906,0.6591,0.7224,0.6113,0.2114,0.6772,0.7319,0.6055,0.2086
all_games,minimal_era_adjusted_diff,LogisticRegression,"{'penalty': 'l2', 'C': 0.01, 'solver': 'lbfgs', 'class_weight': 'None'}",7,0.6916,0.6589,0.7223,0.6114,0.2115,0.6781,0.7321,0.6055,0.2086
all_games,minimal_era_adjusted_diff,LogisticRegression,"{'penalty': 'l1', 'C': 1, 'solver': 'liblinear', 'class_weight': 'None'}",7,0.6906,0.6583,0.7223,0.6115,0.2115,0.6772,0.732,0.6057,0.2087
all_games,minimal_era_adjusted_diff,LogisticRegression,"{'penalty': 'l1', 'C': 10, 'solver': 'liblinear', 'class_weight': 'None'}",7,0.6907,0.658,0.7223,0.6116,0.2115,0.6772,0.732,0.6057,0.2087
all_games,minimal_era_adjusted_diff,LogisticRegression,"{'penalty': 'l2', 'C': 100, 'solver': 'lbfgs', 'class_weight': 'None'}",7,0.6909,0.6594,0.7222,0.6116,0.2116,0.6768,0.732,0.6058,0.2087
all_games,minimal_era_adjusted_diff,LogisticRegression,"{'penalty': 'l2', 'C': 0.1, 'solver': 'lbfgs', 'class_weight': 'None'}",7,0.6908,0.6591,0.7222,0.6116,0.2116,0.6768,0.732,0.6058,0.2087
all_games,minimal_era_adjusted_diff,LogisticRegression,"{'penalty': 'l2', 'C': 10, 'solver': 'lbfgs', 'class_weight': 'None'}",7,0.6909,0.6594,0.7222,0.6116,0.2116,0.6768,0.732,0.6058,0.2087
all_games,minimal_era_adjusted_diff,LogisticRegression,"{'penalty': 'l2', 'C': 1, 'solver': 'lbfgs', 'class_weight': 'None'}",7,0.6909,0.6586,0.7222,0.6116,0.2116,0.6768,0.732,0.6058,0.2087
regular_season_only,regular_all_home_away_diff,LogisticRegression,"{'penalty': 'l2', 'C': 0.001, 'solver': 'lbfgs', 'class_weight': 'balanced'}",196,0.6858,0.6655,0.7344,0.6118,0.2115,0.6739,0.7457,0.6004,0.2071
all_games,regular_all_home_away_diff,LogisticRegression,"{'penalty': 'l1', 'C': 0.001, 'solver': 'liblinear', 'class_weight': 'balanced'}",196,0.6742,0.6655,0.7311,0.612,0.2118,0.6725,0.7408,0.6027,0.2079
all_games,regular_plus_playoff_context,LogisticRegression,"{'penalty': 'l1', 'C': 0.001, 'solver': 'liblinear', 'class_weight': 'balanced'}",70,0.6742,0.6655,0.7311,0.612,0.2118,0.6725,0.7408,0.6027,0.2079
all_games,regular_core_diff_only,LogisticRegression,"{'penalty': 'l1', 'C': 0.001, 'solver': 'liblinear', 'class_weight': 'balanced'}",15,0.6742,0.6655,0.7311,0.612,0.2118,0.6725,0.7407,0.6027,0.2079
all_games,minimal_strong_diff,LogisticRegression,"{'penalty': 'l1', 'C': 0.001, 'solver': 'liblinear', 'class_weight': 'balanced'}",9,0.6742,0.6655,0.7311,0.612,0.2118,0.6725,0.7408,0.6027,0.2079
all_games,regular_core_home_away_diff,LogisticRegression,"{'penalty': 'l1', 'C': 0.001, 'solver': 'liblinear', 'class_weight': 'balanced'}",49,0.6742,0.6655,0.7311,0.612,0.2118,0.6725,0.7408,0.6027,0.2079
all_games,era_adjusted_core,LogisticRegression,"{'penalty': 'l1', 'C': 0.001, 'solver': 'liblinear', 'class_weight': 'balanced'}",66,0.6742,0.6655,0.7311,0.612,0.2118,0.6725,0.7408,0.6027,0.2079
all_games,minimal_era_adjusted_diff,LogisticRegression,"{'penalty': 'l2', 'C': 0.001, 'solver': 'lbfgs', 'class_weight': 'balanced'}",7,0.6777,0.6652,0.7227,0.6121,0.212,0.6676,0.7322,0.6034,0.2084
regular_season_only,regular_all_home_away_diff,LogisticRegression,"{'penalty': 'l1', 'C': 0.1, 'solver': 'liblinear', 'class_weight': 'balanced'}",196,0.6879,0.6658,0.7355,0.6121,0.2117,0.6728,0.7474,0.6027,0.2081
all_games,minimal_era_adjusted_diff,RandomForest,"{'n_estimators': 300, 'max_depth': 8}",7,0.7172,0.6583,0.721,0.6128,0.212,0.6718,0.7309,0.6068,0.209
all_games,minimal_era_adjusted_diff,LogisticRegression,"{'penalty': 'l1', 'C': 0.01, 'solver': 'liblinear', 'class_weight': 'balanced'}",7,0.6745,0.6655,0.7223,0.613,0.2123,0.6691,0.7317,0.6046,0.2089
all_games,minimal_era_adjusted_diff,LogisticRegression,"{'penalty': 'l1', 'C': 0.1, 'solver': 'liblinear', 'class_weight': 'balanced'}",7,0.6768,0.6655,0.7224,0.6131,0.2123,0.6695,0.7319,0.6045,0.2087
all_games,minimal_era_adjusted_diff,LogisticRegression,"{'penalty': 'l1', 'C': 1, 'solver': 'liblinear', 'class_weight': 'balanced'}",7,0.6771,0.6649,0.7223,0.6132,0.2124,0.6695,0.7319,0.6046,0.2088
all_games,minimal_era_adjusted_diff,LogisticRegression,"{'penalty': 'l2', 'C': 0.01, 'solver': 'lbfgs', 'class_weight': 'balanced'}",7,0.6774,0.6649,0.7222,0.6132,0.2124,0.6683,0.7321,0.6044,0.2087
all_games,minimal_era_adjusted_diff,LogisticRegression,"{'penalty': 'l1', 'C': 10, 'solver': 'liblinear', 'class_weight': 'balanced'}",7,0.6772,0.6649,0.7223,0.6132,0.2124,0.6695,0.7319,0.6046,0.2088
all_games,minimal_era_adjusted_diff,LogisticRegression,"{'penalty': 'l2', 'C': 1, 'solver': 'lbfgs', 'class_weight': 'balanced'}",7,0.6771,0.6657,0.7222,0.6133,0.2124,0.6697,0.732,0.6047,0.2088
all_games,minimal_era_adjusted_diff,LogisticRegression,"{'penalty': 'l2', 'C': 100, 'solver': 'lbfgs', 'class_weight': 'balanced'}",7,0.6771,0.6657,0.7222,0.6133,0.2124,0.6697,0.732,0.6047,0.2088
all_games,minimal_era_adjusted_diff,LogisticRegression,"{'penalty': 'l2', 'C': 10, 'solver': 'lbfgs', 'class_weight': 'balanced'}",7,0.6771,0.6657,0.7222,0.6133,0.2124,0.6697,0.732,0.6047,0.2088
all_games,minimal_era_adjusted_diff,LogisticRegression,"{'penalty': 'l2', 'C': 0.1, 'solver': 'lbfgs', 'class_weight': 'balanced'}",7,0.6771,0.6652,0.7221,0.6133,0.2124,0.6693,0.732,0.6047,0.2088
all_games,percentile_core,LogisticRegression,"{'penalty': 'l1', 'C': 0.001, 'solver': 'liblinear', 'class_weight': 'balanced'}",51,0.6763,0.6649,0.7289,0.6136,0.2124,0.6747,0.7323,0.6096,0.2107
all_games,minimal_era_adjusted_diff,HistGradientBoosting,"{'max_iter': 300, 'learning_rate': 0.05}",7,0.7072,0.6569,0.7191,0.6137,0.2125,0.6687,0.7304,0.6067,0.2092
all_games,regular_all_home_away_diff,LogisticRegression,"{'penalty': 'l2', 'C': 0.001, 'solver': 'lbfgs', 'class_weight': 'balanced'}",196,0.6837,0.6611,0.7307,0.6143,0.2127,0.6649,0.7392,0.6062,0.2097
regular_season_only,minimal_era_adjusted_diff,LogisticRegression,"{'penalty': 'l1', 'C': 0.001, 'solver': 'liblinear', 'class_weight': 'balanced'}",7,0.6748,0.6604,0.726,0.6149,0.2131,0.6704,0.7382,0.6059,0.2091
regular_season_only,regular_all_home_away_diff,LogisticRegression,"{'penalty': 'l2', 'C': 0.01, 'solver': 'lbfgs', 'class_weight': 'balanced'}",196,0.6874,0.6625,0.7354,0.6154,0.213,0.6654,0.7467,0.6094,0.2108
all_games,regular_all_home_away_diff,LogisticRegression,"{'penalty': 'l1', 'C': 0.1, 'solver': 'liblinear', 'class_weight': 'balanced'}",196,0.6856,0.6619,0.7316,0.6155,0.2132,0.6635,0.7408,0.6085,0.2108
all_games,minimal_era_adjusted_diff,LogisticRegression,"{'penalty': 'l1', 'C': 0.001, 'solver': 'liblinear', 'class_weight': 'balanced'}",7,0.6708,0.6577,0.7219,0.6173,0.2143,0.6643,0.7313,0.6101,0.2111
regular_season_only,regular_all_home_away_diff,LogisticRegression,"{'penalty': 'l2', 'C': 0.1, 'solver': 'lbfgs', 'class_weight': 'balanced'}",196,0.6878,0.6613,0.735,0.6179,0.2141,0.6522,0.7449,0.622,0.2158
regular_season_only,regular_all_home_away_diff,LogisticRegression,"{'penalty': 'l1', 'C': 1, 'solver': 'liblinear', 'class_weight': 'balanced'}",196,0.6876,0.6613,0.735,0.6183,0.2142,0.651,0.7448,0.6233,0.2164
all_games,regular_all_home_away_diff,LogisticRegression,"{'penalty': 'l2', 'C': 0.01, 'solver': 'lbfgs', 'class_weight': 'balanced'}",196,0.6841,0.6566,0.7315,0.6189,0.2146,0.6534,0.7399,0.6172,0.2143
regular_season_only,regular_all_home_away_diff,LogisticRegression,"{'penalty': 'l2', 'C': 1, 'solver': 'lbfgs', 'class_weight': 'balanced'}",196,0.6872,0.6613,0.7349,0.6203,0.215,0.6407,0.7416,0.6387,0.2222
regular_season_only,regular_all_home_away_diff,LogisticRegression,"{'penalty': 'l2', 'C': 100, 'solver': 'lbfgs', 'class_weight': 'balanced'}",196,0.687,0.6622,0.735,0.6204,0.2151,0.6405,0.7412,0.6411,0.2231
regular_season_only,regular_all_home_away_diff,LogisticRegression,"{'penalty': 'l2', 'C': 10, 'solver': 'lbfgs', 'class_weight': 'balanced'}",196,0.6866,0.6619,0.735,0.6205,0.2151,0.6405,0.7412,0.6408,0.223
regular_season_only,regular_all_home_away_diff,LogisticRegression,"{'penalty': 'l1', 'C': 10, 'solver': 'liblinear', 'class_weight': 'balanced'}",196,0.6872,0.6619,0.7352,0.6214,0.2155,0.6397,0.7421,0.6405,0.223
all_games,regular_all_home_away_diff,LogisticRegression,"{'penalty': 'l2', 'C': 0.1, 'solver': 'lbfgs', 'class_weight': 'balanced'}",196,0.6851,0.6553,0.7309,0.6218,0.2158,0.6417,0.7375,0.6314,0.2199
all_games,regular_all_home_away_diff,LogisticRegression,"{'penalty': 'l1', 'C': 1, 'solver': 'liblinear', 'class_weight': 'balanced'}",196,0.6849,0.6539,0.7309,0.6225,0.2161,0.6403,0.7372,0.6338,0.221
playoffs_only,regular_plus_playoff_context,LogisticRegression,"{'penalty': 'l2', 'C': 0.001, 'solver': 'lbfgs', 'class_weight': 'None'}",70,0.7134,0.672,0.7525,0.6231,0.2163,0.6716,0.7314,0.607,0.2094
all_games,regular_all_home_away_diff,LogisticRegression,"{'penalty': 'l2', 'C': 1, 'solver': 'lbfgs', 'class_weight': 'balanced'}",196,0.685,0.6555,0.7308,0.6235,0.2165,0.6315,0.7342,0.6454,0.2253
all_games,regular_all_home_away_diff,LogisticRegression,"{'penalty': 'l2', 'C': 10, 'solver': 'lbfgs', 'class_weight': 'balanced'}",196,0.6852,0.6564,0.7309,0.6237,0.2166,0.6303,0.733,0.65,0.2271
all_games,regular_all_home_away_diff,LogisticRegression,"{'penalty': 'l2', 'C': 100, 'solver': 'lbfgs', 'class_weight': 'balanced'}",196,0.6851,0.6553,0.7309,0.6238,0.2166,0.6296,0.7329,0.6508,0.2274
all_games,regular_all_home_away_diff,LogisticRegression,"{'penalty': 'l1', 'C': 10, 'solver': 'liblinear', 'class_weight': 'balanced'}",196,0.6849,0.6539,0.7311,0.6244,0.2169,0.6288,0.7339,0.6495,0.227
playoffs_only,percentile_core,LogisticRegression,"{'penalty': 'l2', 'C': 0.01, 'solver': 'lbfgs', 'class_weight': 'balanced'}",51,0.6362,0.62,0.6795,0.6379,0.2238,0.5851,0.6155,0.6782,0.2414
playoffs_only,percentile_core,LogisticRegression,"{'penalty': 'l1', 'C': 0.1, 'solver': 'liblinear', 'class_weight': 'balanced'}",51,0.6291,0.608,0.6797,0.6388,0.2243,0.5851,0.6189,0.6743,0.2402
playoffs_only,percentile_core,LogisticRegression,"{'penalty': 'l2', 'C': 0.1, 'solver': 'lbfgs', 'class_weight': 'balanced'}",51,0.6397,0.58,0.6766,0.6396,0.2245,0.5821,0.614,0.6814,0.2425
playoffs_only,percentile_core,LogisticRegression,"{'penalty': 'l2', 'C': 1, 'solver': 'lbfgs', 'class_weight': 'balanced'}",51,0.6403,0.58,0.6774,0.64,0.2247,0.594,0.6109,0.6831,0.2431
playoffs_only,percentile_core,LogisticRegression,"{'penalty': 'l1', 'C': 10, 'solver': 'liblinear', 'class_weight': 'balanced'}",51,0.6403,0.58,0.6776,0.6401,0.2247,0.594,0.6107,0.6832,0.2431
playoffs_only,percentile_core,LogisticRegression,"{'penalty': 'l2', 'C': 10, 'solver': 'lbfgs', 'class_weight': 'balanced'}",51,0.6403,0.58,0.6779,0.6401,0.2247,0.594,0.6102,0.6834,0.2432
playoffs_only,percentile_core,LogisticRegression,"{'penalty': 'l2', 'C': 100, 'solver': 'lbfgs', 'class_weight': 'balanced'}",51,0.6403,0.58,0.6778,0.6401,0.2247,0.594,0.6101,0.6834,0.2432
playoffs_only,percentile_core,LogisticRegression,"{'penalty': 'l1', 'C': 1, 'solver': 'liblinear', 'class_weight': 'balanced'}",51,0.6374,0.58,0.6756,0.6402,0.2248,0.5821,0.613,0.6808,0.2423
playoffs_only,percentile_core,LogisticRegression,"{'penalty': 'l2', 'C': 0.001, 'solver': 'lbfgs', 'class_weight': 'balanced'}",51,0.6262,0.636,0.6852,0.6403,0.2246,0.5851,0.6154,0.6718,0.2391
playoffs_only,era_adjusted_diff_only,LogisticRegression,"{'penalty': 'l1', 'C': 0.1, 'solver': 'liblinear', 'class_weight': 'balanced'}",17,0.6268,0.632,0.6786,0.6415,0.2252,0.5821,0.6177,0.6734,0.2399
playoffs_only,minimal_strong_diff,LogisticRegression,"{'penalty': 'l1', 'C': 0.1, 'solver': 'liblinear', 'class_weight': 'balanced'}",9,0.6274,0.608,0.6767,0.642,0.2255,0.5791,0.6254,0.6675,0.2376
playoffs_only,regular_core_diff_only,LogisticRegression,"{'penalty': 'l1', 'C': 0.1, 'solver': 'liblinear', 'class_weight': 'balanced'}",15,0.6285,0.616,0.6777,0.6423,0.2257,0.5791,0.6189,0.6701,0.2388
playoffs_only,minimal_strong_diff,LogisticRegression,"{'penalty': 'l2', 'C': 0.01, 'solver': 'lbfgs', 'class_weight': 'balanced'}",9,0.6297,0.644,0.6744,0.6433,0.226,0.594,0.6223,0.6676,0.2376
playoffs_only,regular_all_home_away_diff,LogisticRegression,"{'penalty': 'l2', 'C': 0.001, 'solver': 'lbfgs', 'class_weight': 'balanced'}",196,0.6362,0.644,0.6716,0.6434,0.2262,0.5851,0.6204,0.6709,0.2388
playoffs_only,minimal_strong_diff,LogisticRegression,"{'penalty': 'l1', 'C': 1, 'solver': 'liblinear', 'class_weight': 'balanced'}",9,0.635,0.648,0.6724,0.6437,0.2262,0.5881,0.622,0.6693,0.2383
playoffs_only,minimal_strong_diff,LogisticRegression,"{'penalty': 'l2', 'C': 0.1, 'solver': 'lbfgs', 'class_weight': 'balanced'}",9,0.6327,0.644,0.6723,0.644,0.2263,0.5881,0.621,0.6696,0.2384
playoffs_only,era_adjusted_diff_only,LogisticRegression,"{'penalty': 'l2', 'C': 0.01, 'solver': 'lbfgs', 'class_weight': 'balanced'}",17,0.6244,0.644,0.6722,0.6443,0.2263,0.591,0.6156,0.675,0.2404
playoffs_only,minimal_strong_diff,LogisticRegression,"{'penalty': 'l1', 'C': 10, 'solver': 'liblinear', 'class_weight': 'balanced'}",9,0.6327,0.648,0.6722,0.6444,0.2265,0.5851,0.6208,0.6701,0.2386
playoffs_only,era_adjusted_core,LogisticRegression,"{'penalty': 'l1', 'C': 0.1, 'solver': 'liblinear', 'class_weight': 'balanced'}",66,0.625,0.624,0.6687,0.6444,0.2268,0.5881,0.6172,0.6719,0.2392
playoffs_only,minimal_strong_diff,LogisticRegression,"{'penalty': 'l2', 'C': 10, 'solver': 'lbfgs', 'class_weight': 'balanced'}",9,0.6321,0.648,0.6716,0.6445,0.2265,0.5851,0.621,0.6702,0.2386
playoffs_only,minimal_strong_diff,LogisticRegression,"{'penalty': 'l2', 'C': 100, 'solver': 'lbfgs', 'class_weight': 'balanced'}",9,0.6321,0.648,0.6716,0.6445,0.2265,0.5851,0.621,0.6702,0.2386
playoffs_only,minimal_strong_diff,LogisticRegression,"{'penalty': 'l2', 'C': 1, 'solver': 'lbfgs', 'class_weight': 'balanced'}",9,0.6327,0.648,0.6711,0.6445,0.2265,0.591,0.6202,0.6701,0.2386
playoffs_only,regular_core_diff_only,LogisticRegression,"{'penalty': 'l2', 'C': 0.01, 'solver': 'lbfgs', 'class_weight': 'balanced'}",15,0.6309,0.652,0.672,0.6446,0.2266,0.5881,0.6176,0.6723,0.2396
playoffs_only,minimal_era_adjusted_diff,LogisticRegression,"{'penalty': 'l1', 'C': 1, 'solver': 'liblinear', 'class_weight': 'balanced'}",7,0.6279,0.64,0.6711,0.6447,0.2266,0.597,0.613,0.6714,0.2392
playoffs_only,minimal_era_adjusted_diff,LogisticRegression,"{'penalty': 'l2', 'C': 1, 'solver': 'lbfgs', 'class_weight': 'balanced'}",7,0.6303,0.652,0.6729,0.6447,0.2265,0.603,0.6148,0.6704,0.2387
playoffs_only,era_adjusted_diff_only,LogisticRegression,"{'penalty': 'l1', 'C': 1, 'solver': 'liblinear', 'class_weight': 'balanced'}",17,0.6344,0.644,0.6761,0.6448,0.226,0.5791,0.6186,0.6722,0.2392
playoffs_only,minimal_era_adjusted_diff,LogisticRegression,"{'penalty': 'l1', 'C': 10, 'solver': 'liblinear', 'class_weight': 'balanced'}",7,0.6297,0.636,0.6728,0.6449,0.2266,0.603,0.6104,0.6699,0.2386
playoffs_only,minimal_era_adjusted_diff,LogisticRegression,"{'penalty': 'l1', 'C': 0.1, 'solver': 'liblinear', 'class_weight': 'balanced'}",7,0.6138,0.644,0.6685,0.6449,0.2268,0.5821,0.6164,0.6735,0.2402
playoffs_only,minimal_era_adjusted_diff,LogisticRegression,"{'penalty': 'l2', 'C': 100, 'solver': 'lbfgs', 'class_weight': 'balanced'}",7,0.6285,0.636,0.6727,0.645,0.2267,0.603,0.6109,0.6698,0.2385
playoffs_only,minimal_era_adjusted_diff,LogisticRegression,"{'penalty': 'l2', 'C': 10, 'solver': 'lbfgs', 'class_weight': 'balanced'}",7,0.6297,0.636,0.6732,0.645,0.2266,0.603,0.6106,0.6699,0.2385
playoffs_only,regular_core_home_away_diff,LogisticRegression,"{'penalty': 'l1', 'C': 0.1, 'solver': 'liblinear', 'class_weight': 'balanced'}",49,0.6291,0.616,0.6669,0.6452,0.2271,0.5851,0.6181,0.6678,0.2377
playoffs_only,era_adjusted_diff_only,LogisticRegression,"{'penalty': 'l2', 'C': 0.1, 'solver': 'lbfgs', 'class_weight': 'balanced'}",17,0.6333,0.644,0.6754,0.6455,0.2264,0.5851,0.6179,0.6747,0.2401
playoffs_only,minimal_era_adjusted_diff,LogisticRegression,"{'penalty': 'l2', 'C': 0.1, 'solver': 'lbfgs', 'class_weight': 'balanced'}",7,0.6185,0.64,0.6669,0.6457,0.2271,0.591,0.6164,0.6728,0.2398
playoffs_only,regular_all_home_away_diff,LogisticRegression,"{'penalty': 'l1', 'C': 0.1, 'solver': 'liblinear', 'class_weight': 'balanced'}",196,0.6374,0.584,0.6646,0.6457,0.228,0.5821,0.6177,0.673,0.2401
playoffs_only,minimal_era_adjusted_diff,LogisticRegression,"{'penalty': 'l2', 'C': 0.01, 'solver': 'lbfgs', 'class_weight': 'balanced'}",7,0.6185,0.628,0.6666,0.6458,0.2272,0.591,0.6165,0.6709,0.239
playoffs_only,era_adjusted_diff_only,LogisticRegression,"{'penalty': 'l2', 'C': 1, 'solver': 'lbfgs', 'class_weight': 'balanced'}",17,0.6297,0.64,0.6763,0.6459,0.2263,0.591,0.6191,0.6724,0.2393
playoffs_only,era_adjusted_core,LogisticRegression,"{'penalty': 'l2', 'C': 0.001, 'solver': 'lbfgs', 'class_weight': 'balanced'}",66,0.6297,0.648,0.6734,0.646,0.2273,0.5881,0.6174,0.6698,0.2383
playoffs_only,regular_core_diff_only,LogisticRegression,"{'penalty': 'l1', 'C': 1, 'solver': 'liblinear', 'class_weight': 'balanced'}",15,0.6285,0.636,0.6704,0.6464,0.2273,0.5791,0.6161,0.6758,0.241
playoffs_only,era_adjusted_diff_only,LogisticRegression,"{'penalty': 'l1', 'C': 10, 'solver': 'liblinear', 'class_weight': 'balanced'}",17,0.6321,0.636,0.6751,0.6464,0.2265,0.5701,0.6197,0.6719,0.2392
playoffs_only,era_adjusted_diff_only,LogisticRegression,"{'penalty': 'l2', 'C': 10, 'solver': 'lbfgs', 'class_weight': 'balanced'}",17,0.6321,0.636,0.6746,0.6466,0.2265,0.5701,0.6199,0.672,0.2392
playoffs_only,era_adjusted_diff_only,LogisticRegression,"{'penalty': 'l2', 'C': 100, 'solver': 'lbfgs', 'class_weight': 'balanced'}",17,0.6321,0.632,0.6745,0.6468,0.2266,0.5701,0.6197,0.672,0.2392
playoffs_only,regular_core_home_away_diff,LogisticRegression,"{'penalty': 'l2', 'C': 0.01, 'solver': 'lbfgs', 'class_weight': 'balanced'}",49,0.6333,0.644,0.6673,0.6468,0.2274,0.603,0.6171,0.6682,0.2375
playoffs_only,regular_core_diff_only,LogisticRegression,"{'penalty': 'l2', 'C': 0.1, 'solver': 'lbfgs', 'class_weight': 'balanced'}",15,0.6291,0.636,0.6675,0.6471,0.2277,0.5791,0.6174,0.6759,0.2411
playoffs_only,regular_core_home_away_diff,LogisticRegression,"{'penalty': 'l2', 'C': 0.001, 'solver': 'lbfgs', 'class_weight': 'balanced'}",49,0.6279,0.668,0.6727,0.6481,0.2281,0.5761,0.6207,0.6637,0.2357
playoffs_only,era_adjusted_core,LogisticRegression,"{'penalty': 'l2', 'C': 0.01, 'solver': 'lbfgs', 'class_weight': 'balanced'}",66,0.6256,0.636,0.6672,0.6482,0.2281,0.5851,0.6158,0.6732,0.2395
playoffs_only,regular_all_home_away_diff,LogisticRegression,"{'penalty': 'l2', 'C': 0.01, 'solver': 'lbfgs', 'class_weight': 'balanced'}",196,0.6498,0.588,0.6656,0.6493,0.2292,0.5522,0.6175,0.6947,0.25
playoffs_only,regular_core_diff_only,LogisticRegression,"{'penalty': 'l2', 'C': 1, 'solver': 'lbfgs', 'class_weight': 'balanced'}",15,0.6268,0.636,0.6592,0.6506,0.2293,0.5821,0.6133,0.6788,0.2423
playoffs_only,regular_core_home_away_diff,LogisticRegression,"{'penalty': 'l1', 'C': 1, 'solver': 'liblinear', 'class_weight': 'balanced'}",49,0.6368,0.628,0.6586,0.6509,0.2292,0.606,0.616,0.6717,0.2391
playoffs_only,regular_core_diff_only,LogisticRegression,"{'penalty': 'l1', 'C': 10, 'solver': 'liblinear', 'class_weight': 'balanced'}",15,0.6268,0.636,0.6595,0.651,0.2294,0.5821,0.6122,0.6791,0.2424
playoffs_only,era_adjusted_diff_only,LogisticRegression,"{'penalty': 'l2', 'C': 0.001, 'solver': 'lbfgs', 'class_weight': 'balanced'}",17,0.6285,0.66,0.674,0.6515,0.2297,0.5881,0.6171,0.6697,0.2384
playoffs_only,regular_core_diff_only,LogisticRegression,"{'penalty': 'l2', 'C': 10, 'solver': 'lbfgs', 'class_weight': 'balanced'}",15,0.6268,0.636,0.6602,0.6515,0.2297,0.5821,0.613,0.6795,0.2426
playoffs_only,regular_core_diff_only,LogisticRegression,"{'penalty': 'l2', 'C': 100, 'solver': 'lbfgs', 'class_weight': 'balanced'}",15,0.6262,0.636,0.6599,0.6516,0.2297,0.5821,0.613,0.6796,0.2426
playoffs_only,regular_core_home_away_diff,LogisticRegression,"{'penalty': 'l2', 'C': 0.1, 'solver': 'lbfgs', 'class_weight': 'balanced'}",49,0.6392,0.608,0.6575,0.6516,0.2294,0.6,0.6159,0.6708,0.2387
playoffs_only,era_adjusted_core,LogisticRegression,"{'penalty': 'l2', 'C': 0.1, 'solver': 'lbfgs', 'class_weight': 'balanced'}",66,0.6291,0.644,0.6659,0.6524,0.2294,0.597,0.61,0.6752,0.2401
playoffs_only,minimal_strong_diff,LogisticRegression,"{'penalty': 'l2', 'C': 0.001, 'solver': 'lbfgs', 'class_weight': 'balanced'}",9,0.6244,0.636,0.6799,0.6528,0.2303,0.5851,0.6258,0.6652,0.2364
playoffs_only,regular_all_home_away_diff,LogisticRegression,"{'penalty': 'l1', 'C': 0.01, 'solver': 'liblinear', 'class_weight': 'balanced'}",196,0.6162,0.62,0.6711,0.6531,0.2305,0.5821,0.6346,0.6644,0.236
playoffs_only,regular_core_diff_only,LogisticRegression,"{'penalty': 'l2', 'C': 0.001, 'solver': 'lbfgs', 'class_weight': 'balanced'}",15,0.6291,0.64,0.6733,0.6531,0.2304,0.5881,0.6227,0.6667,0.2371
playoffs_only,percentile_core,LogisticRegression,"{'penalty': 'l1', 'C': 0.01, 'solver': 'liblinear', 'class_weight': 'balanced'}",51,0.6173,0.616,0.6649,0.6536,0.2307,0.5851,0.6354,0.6641,0.2359
playoffs_only,era_adjusted_core,LogisticRegression,"{'penalty': 'l1', 'C': 0.01, 'solver': 'liblinear', 'class_weight': 'balanced'}",66,0.6167,0.628,0.6772,0.6538,0.2308,0.5881,0.6272,0.6672,0.2373
playoffs_only,era_adjusted_diff_only,LogisticRegression,"{'penalty': 'l1', 'C': 0.01, 'solver': 'liblinear', 'class_weight': 'balanced'}",17,0.6167,0.628,0.6772,0.6538,0.2308,0.5881,0.6272,0.6672,0.2373
playoffs_only,era_adjusted_core,LogisticRegression,"{'penalty': 'l1', 'C': 1, 'solver': 'liblinear', 'class_weight': 'balanced'}",66,0.6297,0.62,0.6634,0.6539,0.2298,0.594,0.5996,0.6797,0.2418
playoffs_only,regular_core_diff_only,LogisticRegression,"{'penalty': 'l1', 'C': 0.01, 'solver': 'liblinear', 'class_weight': 'balanced'}",15,0.615,0.628,0.6754,0.6552,0.2315,0.5851,0.6284,0.6656,0.2366
playoffs_only,regular_core_home_away_diff,LogisticRegression,"{'penalty': 'l1', 'C': 0.01, 'solver': 'liblinear', 'class_weight': 'balanced'}",49,0.615,0.628,0.6754,0.6552,0.2315,0.5851,0.6284,0.6656,0.2366
playoffs_only,minimal_strong_diff,LogisticRegression,"{'penalty': 'l1', 'C': 0.01, 'solver': 'liblinear', 'class_weight': 'balanced'}",9,0.615,0.628,0.6754,0.6552,0.2315,0.5851,0.6284,0.6656,0.2366
playoffs_only,regular_core_home_away_diff,RandomForest,"{'n_estimators': 300, 'max_depth': 8}",49,0.7795,0.636,0.6783,0.6554,0.2311,0.6209,0.5968,0.6642,0.2358
playoffs_only,regular_core_home_away_diff,LogisticRegression,"{'penalty': 'l2', 'C': 1, 'solver': 'lbfgs', 'class_weight': 'balanced'}",49,0.6374,0.612,0.6536,0.6558,0.2313,0.594,0.6146,0.6749,0.2406
playoffs_only,regular_core_home_away_diff,LogisticRegression,"{'penalty': 'l1', 'C': 10, 'solver': 'liblinear', 'class_weight': 'balanced'}",49,0.6397,0.608,0.654,0.6565,0.2316,0.5881,0.6144,0.678,0.242
playoffs_only,regular_core_home_away_diff,LogisticRegression,"{'penalty': 'l2', 'C': 10, 'solver': 'lbfgs', 'class_weight': 'balanced'}",49,0.6415,0.608,0.6545,0.657,0.2319,0.5761,0.6138,0.6788,0.2424
playoffs_only,regular_core_home_away_diff,LogisticRegression,"{'penalty': 'l2', 'C': 100, 'solver': 'lbfgs', 'class_weight': 'balanced'}",49,0.6403,0.608,0.655,0.6573,0.232,0.5731,0.6148,0.6793,0.2427
playoffs_only,era_adjusted_core,LogisticRegression,"{'penalty': 'l2', 'C': 1, 'solver': 'lbfgs', 'class_weight': 'balanced'}",66,0.6362,0.604,0.6595,0.6576,0.2311,0.5672,0.584,0.6862,0.2448
playoffs_only,regular_all_home_away_diff,LogisticRegression,"{'penalty': 'l2', 'C': 0.1, 'solver': 'lbfgs', 'class_weight': 'None'}",196,0.6963,0.58,0.6532,0.6576,0.2317,0.5552,0.5917,0.7019,0.2534
playoffs_only,minimal_era_adjusted_diff,LogisticRegression,"{'penalty': 'l1', 'C': 0.01, 'solver': 'liblinear', 'class_weight': 'balanced'}",7,0.6026,0.624,0.6648,0.6589,0.2332,0.5851,0.6199,0.6698,0.2386
playoffs_only,minimal_era_adjusted_diff,LogisticRegression,"{'penalty': 'l2', 'C': 0.001, 'solver': 'lbfgs', 'class_weight': 'balanced'}",7,0.6162,0.644,0.6726,0.6592,0.2333,0.597,0.6193,0.6708,0.2389
playoffs_only,regular_all_home_away_diff,LogisticRegression,"{'penalty': 'l1', 'C': 0.01, 'solver': 'liblinear', 'class_weight': 'None'}",196,0.6822,0.612,0.6704,0.6595,0.2335,0.6388,0.634,0.6546,0.2312
playoffs_only,percentile_core,LogisticRegression,"{'penalty': 'l1', 'C': 0.01, 'solver': 'liblinear', 'class_weight': 'None'}",51,0.6769,0.616,0.6641,0.6599,0.2337,0.6358,0.6371,0.6544,0.2311
playoffs_only,regular_all_home_away_diff,RandomForest,"{'n_estimators': 300, 'max_depth': 8}",196,0.7807,0.632,0.6755,0.6602,0.2332,0.6179,0.6142,0.6659,0.2359
playoffs_only,era_adjusted_core,LogisticRegression,"{'penalty': 'l1', 'C': 10, 'solver': 'liblinear', 'class_weight': 'balanced'}",66,0.6368,0.596,0.6569,0.6602,0.2322,0.5433,0.5536,0.6956,0.2495
playoffs_only,era_adjusted_core,LogisticRegression,"{'penalty': 'l1', 'C': 0.01, 'solver': 'liblinear', 'class_weight': 'None'}",66,0.6769,0.592,0.677,0.6604,0.2339,0.6388,0.6272,0.6573,0.2325
playoffs_only,era_adjusted_diff_only,LogisticRegression,"{'penalty': 'l1', 'C': 0.01, 'solver': 'liblinear', 'class_weight': 'None'}",17,0.6769,0.592,0.677,0.6604,0.2339,0.6388,0.6272,0.6573,0.2325
playoffs_only,era_adjusted_core,LogisticRegression,"{'penalty': 'l2', 'C': 10, 'solver': 'lbfgs', 'class_weight': 'balanced'}",66,0.638,0.596,0.6576,0.6605,0.2324,0.5403,0.5523,0.6968,0.25
playoffs_only,era_adjusted_core,LogisticRegression,"{'penalty': 'l2', 'C': 100, 'solver': 'lbfgs', 'class_weight': 'balanced'}",66,0.6386,0.596,0.6549,0.6616,0.2329,0.5463,0.5402,0.7014,0.2523
playoffs_only,regular_core_home_away_diff,LogisticRegression,"{'penalty': 'l1', 'C': 0.01, 'solver': 'liblinear', 'class_weight': 'None'}",49,0.6745,0.592,0.6753,0.6617,0.2346,0.6209,0.6284,0.6559,0.2319
playoffs_only,minimal_strong_diff,LogisticRegression,"{'penalty': 'l1', 'C': 0.01, 'solver': 'liblinear', 'class_weight': 'None'}",9,0.6745,0.592,0.6753,0.6617,0.2346,0.6209,0.6284,0.6559,0.2319
playoffs_only,regular_core_diff_only,LogisticRegression,"{'penalty': 'l1', 'C': 0.01, 'solver': 'liblinear', 'class_weight': 'None'}",15,0.6745,0.592,0.6753,0.6617,0.2346,0.6209,0.6284,0.6559,0.2319
playoffs_only,regular_all_home_away_diff,LogisticRegression,"{'penalty': 'l1', 'C': 0.1, 'solver': 'liblinear', 'class_weight': 'None'}",196,0.6851,0.612,0.6615,0.663,0.234,0.6269,0.6181,0.674,0.2381
playoffs_only,percentile_core,LogisticRegression,"{'penalty': 'l1', 'C': 0.1, 'solver': 'liblinear', 'class_weight': 'None'}",51,0.681,0.628,0.677,0.6636,0.2337,0.6269,0.618,0.6772,0.2393
playoffs_only,minimal_era_adjusted_diff,LogisticRegression,"{'penalty': 'l1', 'C': 0.01, 'solver': 'liblinear', 'class_weight': 'None'}",7,0.6775,0.604,0.6648,0.6647,0.236,0.6299,0.6199,0.6598,0.2336
playoffs_only,percentile_core,RandomForest,"{'n_estimators': 300, 'max_depth': 8}",51,0.7789,0.644,0.6783,0.6651,0.2337,0.603,0.6008,0.6934,0.2455
playoffs_only,regular_all_home_away_diff,LogisticRegression,"{'penalty': 'l2', 'C': 0.01, 'solver': 'lbfgs', 'class_weight': 'None'}",196,0.6816,0.608,0.6635,0.6661,0.2344,0.6119,0.6142,0.6695,0.237
playoffs_only,percentile_core,LogisticRegression,"{'penalty': 'l2', 'C': 0.01, 'solver': 'lbfgs', 'class_weight': 'None'}",51,0.6733,0.628,0.6792,0.6664,0.2346,0.6119,0.6138,0.6865,0.242
playoffs_only,era_adjusted_diff_only,LogisticRegression,"{'penalty': 'l1', 'C': 0.1, 'solver': 'liblinear', 'class_weight': 'None'}",17,0.6787,0.608,0.6775,0.6666,0.2348,0.6269,0.6172,0.6744,0.2383
playoffs_only,minimal_strong_diff,LogisticRegression,"{'penalty': 'l1', 'C': 0.1, 'solver': 'liblinear', 'class_weight': 'None'}",9,0.6751,0.624,0.6769,0.6666,0.2352,0.6388,0.6265,0.6676,0.236
playoffs_only,regular_core_diff_only,LogisticRegression,"{'penalty': 'l1', 'C': 0.1, 'solver': 'liblinear', 'class_weight': 'None'}",15,0.6792,0.62,0.6788,0.6671,0.2354,0.6299,0.6181,0.6709,0.2371
playoffs_only,percentile_core,LogisticRegression,"{'penalty': 'l2', 'C': 0.001, 'solver': 'lbfgs', 'class_weight': 'None'}",51,0.658,0.612,0.685,0.6672,0.2367,0.6149,0.6149,0.6754,0.2391
playoffs_only,regular_all_home_away_diff,LogisticRegression,"{'penalty': 'l2', 'C': 0.1, 'solver': 'lbfgs', 'class_weight': 'balanced'}",196,0.6769,0.6,0.6522,0.6686,0.2379,0.4896,0.5961,0.7739,0.2829
playoffs_only,era_adjusted_core,LogisticRegression,"{'penalty': 'l1', 'C': 0.1, 'solver': 'liblinear', 'class_weight': 'None'}",66,0.681,0.624,0.6687,0.669,0.2362,0.6269,0.6159,0.6769,0.2392
playoffs_only,regular_core_home_away_diff,LogisticRegression,"{'penalty': 'l1', 'C': 0.1, 'solver': 'liblinear', 'class_weight': 'None'}",49,0.681,0.628,0.6673,0.6691,0.2364,0.6299,0.6174,0.6718,0.2376
playoffs_only,minimal_era_adjusted_diff,LogisticRegression,"{'penalty': 'l1', 'C': 0.1, 'solver': 'liblinear', 'class_weight': 'None'}",7,0.6787,0.628,0.6675,0.6693,0.2362,0.6179,0.617,0.6736,0.2381
playoffs_only,regular_all_home_away_diff,LogisticRegression,"{'penalty': 'l1', 'C': 1, 'solver': 'liblinear', 'class_weight': 'None'}",196,0.7105,0.6,0.6424,0.6701,0.2369,0.5582,0.5703,0.7072,0.2554
playoffs_only,percentile_core,LogisticRegression,"{'penalty': 'l2', 'C': 0.1, 'solver': 'lbfgs', 'class_weight': 'None'}",51,0.681,0.628,0.6769,0.6704,0.2357,0.6209,0.6116,0.6942,0.2444
playoffs_only,regular_all_home_away_diff,LogisticRegression,"{'penalty': 'l2', 'C': 0.001, 'solver': 'lbfgs', 'class_weight': 'None'}",196,0.6716,0.616,0.6701,0.6706,0.2371,0.6209,0.6177,0.6757,0.2385
playoffs_only,percentile_core,LogisticRegression,"{'penalty': 'l1', 'C': 1, 'solver': 'liblinear', 'class_weight': 'None'}",51,0.6822,0.628,0.6747,0.6708,0.2357,0.6269,0.6119,0.6938,0.2444
playoffs_only,minimal_strong_diff,LogisticRegression,"{'penalty': 'l2', 'C': 0.01, 'solver': 'lbfgs', 'class_weight': 'None'}",9,0.6775,0.616,0.674,0.6712,0.2371,0.6328,0.6221,0.6712,0.2372
playoffs_only,percentile_core,LogisticRegression,"{'penalty': 'l2', 'C': 1, 'solver': 'lbfgs', 'class_weight': 'None'}",51,0.684,0.62,0.6763,0.6719,0.2363,0.6269,0.609,0.698,0.2455
playoffs_only,minimal_strong_diff,LogisticRegression,"{'penalty': 'l1', 'C': 1, 'solver': 'liblinear', 'class_weight': 'None'}",9,0.6798,0.624,0.6729,0.6721,0.2366,0.6358,0.6219,0.6732,0.2378
playoffs_only,percentile_core,LogisticRegression,"{'penalty': 'l1', 'C': 10, 'solver': 'liblinear', 'class_weight': 'None'}",51,0.6822,0.62,0.6763,0.6721,0.2363,0.6269,0.6096,0.6977,0.2453
playoffs_only,percentile_core,LogisticRegression,"{'penalty': 'l2', 'C': 10, 'solver': 'lbfgs', 'class_weight': 'None'}",51,0.6816,0.62,0.6767,0.6722,0.2364,0.6269,0.61,0.6984,0.2456
playoffs_only,minimal_era_adjusted_diff,LogisticRegression,"{'penalty': 'l1', 'C': 1, 'solver': 'liblinear', 'class_weight': 'None'}",7,0.6739,0.628,0.6717,0.6723,0.2367,0.6239,0.6136,0.6756,0.2389
playoffs_only,percentile_core,LogisticRegression,"{'penalty': 'l2', 'C': 100, 'solver': 'lbfgs', 'class_weight': 'None'}",51,0.6816,0.62,0.6768,0.6723,0.2364,0.6269,0.6096,0.6982,0.2455
playoffs_only,era_adjusted_diff_only,LogisticRegression,"{'penalty': 'l2', 'C': 0.01, 'solver': 'lbfgs', 'class_weight': 'None'}",17,0.6769,0.608,0.673,0.6725,0.2372,0.609,0.6159,0.6796,0.24
playoffs_only,minimal_strong_diff,LogisticRegression,"{'penalty': 'l2', 'C': 0.1, 'solver': 'lbfgs', 'class_weight': 'None'}",9,0.6769,0.624,0.6725,0.6726,0.2369,0.6388,0.6206,0.6739,0.238
playoffs_only,regular_core_diff_only,LogisticRegression,"{'penalty': 'l2', 'C': 0.01, 'solver': 'lbfgs', 'class_weight': 'None'}",15,0.6781,0.608,0.6716,0.6726,0.2378,0.6299,0.6172,0.6765,0.239
playoffs_only,minimal_era_adjusted_diff,LogisticRegression,"{'penalty': 'l2', 'C': 1, 'solver': 'lbfgs', 'class_weight': 'None'}",7,0.6733,0.632,0.6719,0.6727,0.2368,0.6269,0.6122,0.6752,0.2389
playoffs_only,era_adjusted_core,LogisticRegression,"{'penalty': 'l2', 'C': 0.001, 'solver': 'lbfgs', 'class_weight': 'None'}",66,0.6639,0.612,0.6739,0.6728,0.2388,0.6209,0.6175,0.6743,0.2387
playoffs_only,minimal_era_adjusted_diff,LogisticRegression,"{'penalty': 'l1', 'C': 10, 'solver': 'liblinear', 'class_weight': 'None'}",7,0.6704,0.632,0.6709,0.6729,0.2369,0.6179,0.6113,0.6749,0.2391
playoffs_only,minimal_era_adjusted_diff,LogisticRegression,"{'penalty': 'l2', 'C': 10, 'solver': 'lbfgs', 'class_weight': 'None'}",7,0.6704,0.632,0.6712,0.673,0.2369,0.6179,0.6113,0.6749,0.2391
playoffs_only,minimal_era_adjusted_diff,LogisticRegression,"{'penalty': 'l2', 'C': 0.01, 'solver': 'lbfgs', 'class_weight': 'None'}",7,0.6722,0.62,0.6659,0.673,0.238,0.6209,0.6166,0.6743,0.2385
playoffs_only,minimal_era_adjusted_diff,LogisticRegression,"{'penalty': 'l2', 'C': 100, 'solver': 'lbfgs', 'class_weight': 'None'}",7,0.6692,0.636,0.6713,0.6731,0.2369,0.6179,0.6112,0.6749,0.2391
playoffs_only,minimal_strong_diff,LogisticRegression,"{'penalty': 'l1', 'C': 10, 'solver': 'liblinear', 'class_weight': 'None'}",9,0.6804,0.624,0.6713,0.6732,0.237,0.6358,0.6211,0.6746,0.2382
playoffs_only,minimal_strong_diff,LogisticRegression,"{'penalty': 'l2', 'C': 1, 'solver': 'lbfgs', 'class_weight': 'None'}",9,0.6816,0.624,0.6706,0.6733,0.237,0.6358,0.621,0.6746,0.2382
playoffs_only,minimal_strong_diff,LogisticRegression,"{'penalty': 'l2', 'C': 100, 'solver': 'lbfgs', 'class_weight': 'None'}",9,0.6816,0.624,0.6709,0.6733,0.237,0.6358,0.6214,0.6748,0.2383
playoffs_only,minimal_strong_diff,LogisticRegression,"{'penalty': 'l2', 'C': 10, 'solver': 'lbfgs', 'class_weight': 'None'}",9,0.6816,0.624,0.6709,0.6733,0.237,0.6358,0.6214,0.6747,0.2383
playoffs_only,era_adjusted_diff_only,LogisticRegression,"{'penalty': 'l1', 'C': 1, 'solver': 'liblinear', 'class_weight': 'None'}",17,0.6828,0.616,0.6764,0.6734,0.236,0.6149,0.6181,0.6775,0.2395
playoffs_only,minimal_era_adjusted_diff,LogisticRegression,"{'penalty': 'l2', 'C': 0.1, 'solver': 'lbfgs', 'class_weight': 'None'}",7,0.6751,0.632,0.6667,0.6735,0.2372,0.6209,0.6164,0.6771,0.2392
playoffs_only,era_adjusted_diff_only,LogisticRegression,"{'penalty': 'l2', 'C': 0.1, 'solver': 'lbfgs', 'class_weight': 'None'}",17,0.6804,0.612,0.6746,0.6744,0.2366,0.6269,0.6164,0.6802,0.24
playoffs_only,regular_all_home_away_diff,LogisticRegression,"{'penalty': 'l2', 'C': 1, 'solver': 'lbfgs', 'class_weight': 'None'}",196,0.7099,0.592,0.6385,0.6747,0.2384,0.5254,0.5423,0.7601,0.2779
playoffs_only,regular_core_diff_only,LogisticRegression,"{'penalty': 'l1', 'C': 1, 'solver': 'liblinear', 'class_weight': 'None'}",15,0.684,0.604,0.6688,0.6749,0.2379,0.6299,0.6164,0.6801,0.2402
playoffs_only,era_adjusted_diff_only,LogisticRegression,"{'penalty': 'l2', 'C': 1, 'solver': 'lbfgs', 'class_weight': 'None'}",17,0.6828,0.612,0.6751,0.6749,0.2361,0.6239,0.6173,0.6784,0.2399
playoffs_only,era_adjusted_diff_only,LogisticRegression,"{'penalty': 'l1', 'C': 10, 'solver': 'liblinear', 'class_weight': 'None'}",17,0.6863,0.62,0.6747,0.6753,0.2362,0.609,0.6175,0.6777,0.24
playoffs_only,era_adjusted_diff_only,LogisticRegression,"{'penalty': 'l2', 'C': 10, 'solver': 'lbfgs', 'class_weight': 'None'}",17,0.6863,0.62,0.6747,0.6755,0.2362,0.6149,0.6177,0.6779,0.24
playoffs_only,regular_core_diff_only,LogisticRegression,"{'penalty': 'l2', 'C': 0.1, 'solver': 'lbfgs', 'class_weight': 'None'}",15,0.6822,0.604,0.668,0.6757,0.2383,0.6299,0.6175,0.6807,0.2403
playoffs_only,era_adjusted_diff_only,LogisticRegression,"{'penalty': 'l2', 'C': 100, 'solver': 'lbfgs', 'class_weight': 'None'}",17,0.6857,0.62,0.675,0.6757,0.2363,0.6149,0.6169,0.6779,0.2401
playoffs_only,regular_all_home_away_diff,LogisticRegression,"{'penalty': 'l1', 'C': 1, 'solver': 'liblinear', 'class_weight': 'balanced'}",196,0.6728,0.58,0.6423,0.6768,0.2413,0.5015,0.5752,0.754,0.2748
playoffs_only,era_adjusted_core,LogisticRegression,"{'penalty': 'l2', 'C': 0.01, 'solver': 'lbfgs', 'class_weight': 'None'}",66,0.6804,0.6,0.6657,0.6774,0.239,0.6209,0.6148,0.6822,0.2408
playoffs_only,era_adjusted_diff_only,LogisticRegression,"{'penalty': 'l2', 'C': 0.001, 'solver': 'lbfgs', 'class_weight': 'None'}",17,0.658,0.56,0.6746,0.678,0.2422,0.606,0.6175,0.6722,0.2389
playoffs_only,regular_core_home_away_diff,LogisticRegression,"{'penalty': 'l2', 'C': 0.001, 'solver': 'lbfgs', 'class_weight': 'None'}",49,0.6574,0.568,0.6723,0.6783,0.2418,0.609,0.6203,0.6721,0.2384
playoffs_only,era_adjusted_core,RandomForest,"{'n_estimators': 300, 'max_depth': 8}",66,0.7795,0.628,0.6587,0.6783,0.2394,0.6179,0.5961,0.6919,0.2442
playoffs_only,minimal_strong_diff,LogisticRegression,"{'penalty': 'l2', 'C': 0.001, 'solver': 'lbfgs', 'class_weight': 'None'}",9,0.6533,0.56,0.681,0.6793,0.243,0.603,0.6257,0.6677,0.2372
playoffs_only,regular_core_diff_only,LogisticRegression,"{'penalty': 'l2', 'C': 1, 'solver': 'lbfgs', 'class_weight': 'None'}",15,0.681,0.608,0.6601,0.6793,0.2395,0.6239,0.6138,0.6835,0.2414
playoffs_only,regular_core_diff_only,LogisticRegression,"{'penalty': 'l1', 'C': 10, 'solver': 'liblinear', 'class_weight': 'None'}",15,0.6798,0.608,0.6603,0.6794,0.2395,0.6269,0.6134,0.6838,0.2415
playoffs_only,regular_core_diff_only,LogisticRegression,"{'penalty': 'l2', 'C': 0.001, 'solver': 'lbfgs', 'class_weight': 'None'}",15,0.6568,0.56,0.6733,0.6795,0.243,0.6179,0.6225,0.6693,0.2377
playoffs_only,regular_core_diff_only,LogisticRegression,"{'penalty': 'l2', 'C': 10, 'solver': 'lbfgs', 'class_weight': 'None'}",15,0.6798,0.608,0.6592,0.6802,0.2399,0.6269,0.6125,0.6841,0.2417
playoffs_only,regular_core_diff_only,LogisticRegression,"{'penalty': 'l2', 'C': 100, 'solver': 'lbfgs', 'class_weight': 'None'}",15,0.6798,0.608,0.6583,0.6803,0.2399,0.6269,0.6123,0.6842,0.2417
playoffs_only,regular_core_home_away_diff,LogisticRegression,"{'penalty': 'l2', 'C': 0.01, 'solver': 'lbfgs', 'class_weight': 'None'}",49,0.684,0.604,0.6673,0.6811,0.241,0.6328,0.6168,0.6812,0.2406
playoffs_only,regular_core_diff_only,RandomForest,"{'n_estimators': 300, 'max_depth': 8}",15,0.7724,0.6,0.6487,0.6812,0.2416,0.6119,0.5998,0.6857,0.2429
playoffs_only,minimal_era_adjusted_diff,LogisticRegression,"{'penalty': 'l2', 'C': 0.001, 'solver': 'lbfgs', 'class_weight': 'None'}",7,0.6486,0.552,0.6728,0.685,0.2459,0.5761,0.6194,0.6727,0.2397
playoffs_only,regular_core_home_away_diff,LogisticRegression,"{'penalty': 'l1', 'C': 1, 'solver': 'liblinear', 'class_weight': 'None'}",49,0.6869,0.6,0.6583,0.6852,0.242,0.6299,0.6136,0.6799,0.2399
playoffs_only,regular_all_home_away_diff,LogisticRegression,"{'penalty': 'l2', 'C': 1, 'solver': 'lbfgs', 'class_weight': 'balanced'}",196,0.6816,0.572,0.641,0.6852,0.2444,0.4776,0.5457,0.8177,0.2994
playoffs_only,era_adjusted_core,LogisticRegression,"{'penalty': 'l2', 'C': 0.1, 'solver': 'lbfgs', 'class_weight': 'None'}",66,0.6875,0.62,0.6632,0.686,0.2412,0.6269,0.6085,0.691,0.244
playoffs_only,regular_core_home_away_diff,LogisticRegression,"{'penalty': 'l2', 'C': 100, 'solver': 'lbfgs', 'class_weight': 'None'}",49,0.6857,0.592,0.6533,0.6865,0.2423,0.6328,0.6113,0.6762,0.2386
playoffs_only,minimal_era_adjusted_diff,RandomForest,"{'n_estimators': 300, 'max_depth': 8}",7,0.7659,0.596,0.6448,0.6868,0.2439,0.606,0.5743,0.7082,0.2504
playoffs_only,era_adjusted_diff_only,RandomForest,"{'n_estimators': 300, 'max_depth': 8}",17,0.7777,0.608,0.6416,0.6869,0.2439,0.6239,0.593,0.6895,0.2438
playoffs_only,regular_core_home_away_diff,LogisticRegression,"{'penalty': 'l1', 'C': 10, 'solver': 'liblinear', 'class_weight': 'None'}",49,0.6851,0.604,0.6552,0.687,0.2425,0.6328,0.6114,0.6769,0.2388
playoffs_only,regular_core_home_away_diff,LogisticRegression,"{'penalty': 'l2', 'C': 10, 'solver': 'lbfgs', 'class_weight': 'None'}",49,0.6857,0.592,0.6543,0.6873,0.2426,0.6328,0.6117,0.6767,0.2387
playoffs_only,regular_core_home_away_diff,LogisticRegression,"{'penalty': 'l2', 'C': 0.1, 'solver': 'lbfgs', 'class_weight': 'None'}",49,0.6881,0.596,0.6575,0.6879,0.243,0.6299,0.6128,0.6812,0.2404
playoffs_only,era_adjusted_core,LogisticRegression,"{'penalty': 'l1', 'C': 1, 'solver': 'liblinear', 'class_weight': 'None'}",66,0.6828,0.616,0.6619,0.6893,0.2421,0.6299,0.5982,0.7016,0.2481
playoffs_only,minimal_strong_diff,RandomForest,"{'n_estimators': 300, 'max_depth': 8}",9,0.7724,0.628,0.6477,0.6895,0.244,0.6328,0.5808,0.6997,0.2479
playoffs_only,regular_core_home_away_diff,LogisticRegression,"{'penalty': 'l2', 'C': 1, 'solver': 'lbfgs', 'class_weight': 'None'}",49,0.6863,0.596,0.6525,0.6896,0.2435,0.6358,0.6134,0.6793,0.2396
playoffs_only,era_adjusted_core,LogisticRegression,"{'penalty': 'l2', 'C': 1, 'solver': 'lbfgs', 'class_weight': 'None'}",66,0.6822,0.612,0.6585,0.6931,0.2429,0.6179,0.5808,0.7075,0.2508
playoffs_only,regular_plus_playoff_context,LogisticRegression,"{'penalty': 'l1', 'C': 0.001, 'solver': 'liblinear', 'class_weight': 'balanced'}",70,0.3538,0.464,0.5,0.6931,0.25,0.4239,0.5,0.6931,0.25
playoffs_only,regular_plus_playoff_context,LogisticRegression,"{'penalty': 'l1', 'C': 0.001, 'solver': 'liblinear', 'class_weight': 'None'}",70,0.3538,0.464,0.5,0.6931,0.25,0.4239,0.5,0.6931,0.25
playoffs_only,minimal_era_adjusted_diff,LogisticRegression,"{'penalty': 'l1', 'C': 0.001, 'solver': 'liblinear', 'class_weight': 'balanced'}",7,0.3538,0.464,0.5,0.6931,0.25,0.4239,0.5,0.6931,0.25
playoffs_only,minimal_era_adjusted_diff,LogisticRegression,"{'penalty': 'l1', 'C': 0.001, 'solver': 'liblinear', 'class_weight': 'None'}",7,0.3538,0.464,0.5,0.6931,0.25,0.4239,0.5,0.6931,0.25
playoffs_only,regular_core_diff_only,LogisticRegression,"{'penalty': 'l1', 'C': 0.001, 'solver': 'liblinear', 'class_weight': 'None'}",15,0.3538,0.464,0.5,0.6931,0.25,0.4239,0.5,0.6931,0.25
playoffs_only,regular_core_diff_only,LogisticRegression,"{'penalty': 'l1', 'C': 0.001, 'solver': 'liblinear', 'class_weight': 'balanced'}",15,0.3538,0.464,0.5,0.6931,0.25,0.4239,0.5,0.6931,0.25
playoffs_only,percentile_core,LogisticRegression,"{'penalty': 'l1', 'C': 0.001, 'solver': 'liblinear', 'class_weight': 'None'}",51,0.3538,0.464,0.5,0.6931,0.25,0.4239,0.5,0.6931,0.25
playoffs_only,era_adjusted_diff_only,LogisticRegression,"{'penalty': 'l1', 'C': 0.001, 'solver': 'liblinear', 'class_weight': 'None'}",17,0.3538,0.464,0.5,0.6931,0.25,0.4239,0.5,0.6931,0.25
playoffs_only,percentile_core,LogisticRegression,"{'penalty': 'l1', 'C': 0.001, 'solver': 'liblinear', 'class_weight': 'balanced'}",51,0.3538,0.464,0.5,0.6931,0.25,0.4239,0.5,0.6931,0.25
playoffs_only,minimal_strong_diff,LogisticRegression,"{'penalty': 'l1', 'C': 0.001, 'solver': 'liblinear', 'class_weight': 'balanced'}",9,0.3538,0.464,0.5,0.6931,0.25,0.4239,0.5,0.6931,0.25
playoffs_only,minimal_strong_diff,LogisticRegression,"{'penalty': 'l1', 'C': 0.001, 'solver': 'liblinear', 'class_weight': 'None'}",9,0.3538,0.464,0.5,0.6931,0.25,0.4239,0.5,0.6931,0.25
playoffs_only,era_adjusted_diff_only,LogisticRegression,"{'penalty': 'l1', 'C': 0.001, 'solver': 'liblinear', 'class_weight': 'balanced'}",17,0.3538,0.464,0.5,0.6931,0.25,0.4239,0.5,0.6931,0.25
playoffs_only,regular_all_home_away_diff,LogisticRegression,"{'penalty': 'l1', 'C': 0.001, 'solver': 'liblinear', 'class_weight': 'None'}",196,0.3538,0.464,0.5,0.6931,0.25,0.4239,0.5,0.6931,0.25
playoffs_only,regular_all_home_away_diff,LogisticRegression,"{'penalty': 'l1', 'C': 0.001, 'solver': 'liblinear', 'class_weight': 'balanced'}",196,0.3538,0.464,0.5,0.6931,0.25,0.4239,0.5,0.6931,0.25
playoffs_only,regular_core_home_away_diff,LogisticRegression,"{'penalty': 'l1', 'C': 0.001, 'solver': 'liblinear', 'class_weight': 'None'}",49,0.3538,0.464,0.5,0.6931,0.25,0.4239,0.5,0.6931,0.25
playoffs_only,era_adjusted_core,LogisticRegression,"{'penalty': 'l1', 'C': 0.001, 'solver': 'liblinear', 'class_weight': 'balanced'}",66,0.3538,0.464,0.5,0.6931,0.25,0.4239,0.5,0.6931,0.25
playoffs_only,era_adjusted_core,LogisticRegression,"{'penalty': 'l1', 'C': 0.001, 'solver': 'liblinear', 'class_weight': 'None'}",66,0.3538,0.464,0.5,0.6931,0.25,0.4239,0.5,0.6931,0.25
playoffs_only,regular_core_home_away_diff,LogisticRegression,"{'penalty': 'l1', 'C': 0.001, 'solver': 'liblinear', 'class_weight': 'balanced'}",49,0.3538,0.464,0.5,0.6931,0.25,0.4239,0.5,0.6931,0.25
playoffs_only,era_adjusted_core,LogisticRegression,"{'penalty': 'l1', 'C': 10, 'solver': 'liblinear', 'class_weight': 'None'}",66,0.6822,0.62,0.6534,0.6965,0.2444,0.5881,0.5445,0.7201,0.2569
playoffs_only,era_adjusted_core,LogisticRegression,"{'penalty': 'l2', 'C': 10, 'solver': 'lbfgs', 'class_weight': 'None'}",66,0.6804,0.604,0.6524,0.6969,0.2446,0.597,0.5452,0.7203,0.2568
playoffs_only,era_adjusted_core,LogisticRegression,"{'penalty': 'l2', 'C': 100, 'solver': 'lbfgs', 'class_weight': 'None'}",66,0.6792,0.608,0.6521,0.6983,0.2453,0.5791,0.5297,0.7256,0.2593
playoffs_only,regular_all_home_away_diff,LogisticRegression,"{'penalty': 'l2', 'C': 10, 'solver': 'lbfgs', 'class_weight': 'balanced'}",196,0.6846,0.564,0.6206,0.6993,0.2501,0.4746,0.492,0.8175,0.3004
playoffs_only,regular_all_home_away_diff,LogisticRegression,"{'penalty': 'l2', 'C': 10, 'solver': 'lbfgs', 'class_weight': 'None'}",196,0.7058,0.596,0.6164,0.7011,0.2473,0.5045,0.491,0.7954,0.2911
playoffs_only,regular_all_home_away_diff,LogisticRegression,"{'penalty': 'l1', 'C': 10, 'solver': 'liblinear', 'class_weight': 'balanced'}",196,0.6804,0.564,0.6197,0.7042,0.2518,0.4806,0.4841,0.8178,0.3002
playoffs_only,regular_all_home_away_diff,LogisticRegression,"{'penalty': 'l1', 'C': 10, 'solver': 'liblinear', 'class_weight': 'None'}",196,0.7111,0.596,0.6139,0.7094,0.2498,0.5045,0.4826,0.8037,0.2935
playoffs_only,regular_all_home_away_diff,LogisticRegression,"{'penalty': 'l2', 'C': 100, 'solver': 'lbfgs', 'class_weight': 'balanced'}",196,0.6763,0.548,0.6093,0.7187,0.2577,0.4537,0.4758,0.8439,0.3103
playoffs_only,regular_all_home_away_diff,LogisticRegression,"{'penalty': 'l2', 'C': 100, 'solver': 'lbfgs', 'class_weight': 'None'}",196,0.7123,0.608,0.6067,0.7251,0.2552,0.4866,0.4711,0.8397,0.3067
playoffs_only,regular_plus_playoff_context,HistGradientBoosting,"{'max_iter': 300, 'learning_rate': 0.05}",70,0.7883,0.704,0.7777,0.7937,0.2263,0.6836,0.7723,0.8623,0.2403
playoffs_only,percentile_core,HistGradientBoosting,"{'max_iter': 300, 'learning_rate': 0.05}",51,0.7883,0.62,0.6579,0.8284,0.2683,0.597,0.5896,0.9863,0.2899
playoffs_only,minimal_era_adjusted_diff,HistGradientBoosting,"{'max_iter': 300, 'learning_rate': 0.05}",7,0.7883,0.56,0.6177,0.8311,0.28,0.591,0.56,0.8816,0.282
playoffs_only,regular_core_diff_only,HistGradientBoosting,"{'max_iter': 300, 'learning_rate': 0.05}",15,0.7883,0.628,0.6273,0.8332,0.2717,0.6119,0.5912,0.8379,0.2785
playoffs_only,era_adjusted_core,HistGradientBoosting,"{'max_iter': 300, 'learning_rate': 0.05}",66,0.7883,0.612,0.6504,0.8404,0.2689,0.6269,0.5945,0.8847,0.2852
playoffs_only,minimal_strong_diff,HistGradientBoosting,"{'max_iter': 300, 'learning_rate': 0.05}",9,0.7883,0.588,0.6007,0.8593,0.2882,0.6,0.5798,0.8575,0.283
playoffs_only,era_adjusted_diff_only,HistGradientBoosting,"{'max_iter': 300, 'learning_rate': 0.05}",17,0.7883,0.608,0.6335,0.8625,0.2762,0.6239,0.5781,0.8417,0.2749
playoffs_only,regular_core_home_away_diff,HistGradientBoosting,"{'max_iter': 300, 'learning_rate': 0.05}",49,0.7883,0.616,0.6556,0.8806,0.2763,0.597,0.6221,1.005,0.2951
playoffs_only,regular_all_home_away_diff,HistGradientBoosting,"{'max_iter': 300, 'learning_rate': 0.05}",196,0.7883,0.624,0.6809,0.918,0.287,0.6209,0.6338,1.0959,0.2997
