dataset_filter,feature_set,model_type,hyperparameters,feature_count,train_rows,train_accuracy,validation_accuracy,validation_roc_auc,validation_log_loss,validation_brier_score
both_teams_20_games,era_adjusted_plus_playoff_context,LogisticRegression,"{'penalty': 'l1', 'C': 0.001, 'solver': 'liblinear', 'class_weight': 'None'}",54,29834,0.6849,0.6438,0.6941,0.6282,0.2193
both_teams_20_games,era_adjusted_diff_plus_playoff_diff,LogisticRegression,"{'penalty': 'l1', 'C': 0.001, 'solver': 'liblinear', 'class_weight': 'None'}",18,29834,0.6847,0.6438,0.6941,0.6282,0.2193
both_teams_20_games,era_adjusted_core,LogisticRegression,"{'penalty': 'l1', 'C': 0.001, 'solver': 'liblinear', 'class_weight': 'None'}",42,29834,0.6849,0.6438,0.6941,0.6282,0.2193
both_teams_20_games,era_adjusted_diff_only,LogisticRegression,"{'penalty': 'l1', 'C': 0.001, 'solver': 'liblinear', 'class_weight': 'None'}",14,29834,0.6848,0.6442,0.6941,0.6282,0.2193
both_teams_20_games,era_neutral_record,LogisticRegression,"{'penalty': 'l1', 'C': 0.001, 'solver': 'liblinear', 'class_weight': 'None'}",9,29834,0.6852,0.6438,0.694,0.6285,0.2194
both_teams_20_games,minimal_era_adjusted_diff,LogisticRegression,"{'penalty': 'l1', 'C': 0.001, 'solver': 'liblinear', 'class_weight': 'None'}",6,29834,0.6833,0.646,0.6917,0.6292,0.2198
all_games,era_adjusted_plus_playoff_context,LogisticRegression,"{'penalty': 'l2', 'C': 0.001, 'solver': 'lbfgs', 'class_weight': 'balanced'}",54,38739,0.6592,0.6442,0.6963,0.6298,0.2199
regular_season_only,era_adjusted_core,LogisticRegression,"{'penalty': 'l2', 'C': 0.001, 'solver': 'lbfgs', 'class_weight': 'balanced'}",42,36251,0.6611,0.6471,0.6956,0.6299,0.2199
regular_season_only,era_adjusted_plus_playoff_context,LogisticRegression,"{'penalty': 'l2', 'C': 0.001, 'solver': 'lbfgs', 'class_weight': 'balanced'}",54,36251,0.6611,0.6471,0.6956,0.6299,0.2199
all_games,era_adjusted_diff_plus_playoff_diff,LogisticRegression,"{'penalty': 'l2', 'C': 0.001, 'solver': 'lbfgs', 'class_weight': 'balanced'}",18,38739,0.6581,0.6449,0.6959,0.63,0.22
all_games,era_adjusted_plus_playoff_context,LogisticRegression,"{'penalty': 'l2', 'C': 0.01, 'solver': 'lbfgs', 'class_weight': 'balanced'}",54,38739,0.659,0.6431,0.6954,0.6301,0.22
all_games,era_adjusted_core,LogisticRegression,"{'penalty': 'l2', 'C': 0.001, 'solver': 'lbfgs', 'class_weight': 'balanced'}",42,38739,0.6593,0.646,0.6958,0.6301,0.22
all_games,era_adjusted_plus_playoff_context,LogisticRegression,"{'penalty': 'l1', 'C': 0.1, 'solver': 'liblinear', 'class_weight': 'balanced'}",54,38739,0.6586,0.6431,0.6952,0.6302,0.2201
regular_season_only,era_adjusted_core,LogisticRegression,"{'penalty': 'l2', 'C': 0.01, 'solver': 'lbfgs', 'class_weight': 'balanced'}",42,36251,0.6609,0.6457,0.6948,0.6302,0.22
regular_season_only,era_adjusted_plus_playoff_context,LogisticRegression,"{'penalty': 'l2', 'C': 0.01, 'solver': 'lbfgs', 'class_weight': 'balanced'}",54,36251,0.6609,0.6457,0.6948,0.6302,0.22
all_games,era_adjusted_plus_playoff_context,LogisticRegression,"{'penalty': 'l2', 'C': 1, 'solver': 'lbfgs', 'class_weight': 'balanced'}",54,38739,0.6587,0.642,0.695,0.6303,0.2201
all_games,era_adjusted_plus_playoff_context,LogisticRegression,"{'penalty': 'l2', 'C': 100, 'solver': 'lbfgs', 'class_weight': 'balanced'}",54,38739,0.6587,0.642,0.695,0.6303,0.2201
all_games,era_adjusted_plus_playoff_context,LogisticRegression,"{'penalty': 'l2', 'C': 10, 'solver': 'lbfgs', 'class_weight': 'balanced'}",54,38739,0.6587,0.642,0.695,0.6303,0.2201
all_games,era_adjusted_plus_playoff_context,LogisticRegression,"{'penalty': 'l1', 'C': 10, 'solver': 'liblinear', 'class_weight': 'balanced'}",54,38739,0.6587,0.642,0.695,0.6303,0.2201
regular_season_only,era_adjusted_core,LogisticRegression,"{'penalty': 'l1', 'C': 1, 'solver': 'liblinear', 'class_weight': 'balanced'}",42,36251,0.6605,0.6438,0.6946,0.6303,0.2201
regular_season_only,era_adjusted_core,LogisticRegression,"{'penalty': 'l1', 'C': 10, 'solver': 'liblinear', 'class_weight': 'balanced'}",42,36251,0.6604,0.6434,0.6946,0.6303,0.2201
all_games,era_adjusted_plus_playoff_context,LogisticRegression,"{'penalty': 'l1', 'C': 1, 'solver': 'liblinear', 'class_weight': 'balanced'}",54,38739,0.6587,0.6416,0.695,0.6303,0.2201
regular_season_only,era_adjusted_core,LogisticRegression,"{'penalty': 'l2', 'C': 10, 'solver': 'lbfgs', 'class_weight': 'balanced'}",42,36251,0.6605,0.6434,0.6946,0.6303,0.2201
regular_season_only,era_adjusted_plus_playoff_context,LogisticRegression,"{'penalty': 'l2', 'C': 0.1, 'solver': 'lbfgs', 'class_weight': 'balanced'}",54,36251,0.6607,0.6438,0.6946,0.6303,0.2201
regular_season_only,era_adjusted_plus_playoff_context,LogisticRegression,"{'penalty': 'l2', 'C': 10, 'solver': 'lbfgs', 'class_weight': 'balanced'}",54,36251,0.6605,0.6434,0.6946,0.6303,0.2201
regular_season_only,era_adjusted_plus_playoff_context,LogisticRegression,"{'penalty': 'l2', 'C': 100, 'solver': 'lbfgs', 'class_weight': 'balanced'}",54,36251,0.6605,0.6434,0.6946,0.6303,0.2201
regular_season_only,era_adjusted_plus_playoff_context,LogisticRegression,"{'penalty': 'l2', 'C': 1, 'solver': 'lbfgs', 'class_weight': 'balanced'}",54,36251,0.6605,0.6438,0.6946,0.6303,0.2201
regular_season_only,era_adjusted_core,LogisticRegression,"{'penalty': 'l2', 'C': 0.1, 'solver': 'lbfgs', 'class_weight': 'balanced'}",42,36251,0.6607,0.6438,0.6946,0.6303,0.2201
regular_season_only,era_adjusted_core,LogisticRegression,"{'penalty': 'l2', 'C': 100, 'solver': 'lbfgs', 'class_weight': 'balanced'}",42,36251,0.6605,0.6434,0.6946,0.6303,0.2201
regular_season_only,era_adjusted_core,LogisticRegression,"{'penalty': 'l1', 'C': 0.1, 'solver': 'liblinear', 'class_weight': 'balanced'}",42,36251,0.6608,0.6453,0.6947,0.6303,0.2201
regular_season_only,era_adjusted_core,LogisticRegression,"{'penalty': 'l2', 'C': 1, 'solver': 'lbfgs', 'class_weight': 'balanced'}",42,36251,0.6605,0.6438,0.6946,0.6303,0.2201
all_games,era_adjusted_plus_playoff_context,LogisticRegression,"{'penalty': 'l2', 'C': 0.1, 'solver': 'lbfgs', 'class_weight': 'balanced'}",54,38739,0.6586,0.6423,0.6951,0.6303,0.2201
regular_season_only,era_adjusted_plus_playoff_context,LogisticRegression,"{'penalty': 'l1', 'C': 1, 'solver': 'liblinear', 'class_weight': 'balanced'}",54,36251,0.6605,0.6434,0.6946,0.6303,0.2201
regular_season_only,era_adjusted_plus_playoff_context,LogisticRegression,"{'penalty': 'l1', 'C': 10, 'solver': 'liblinear', 'class_weight': 'balanced'}",54,36251,0.6604,0.6434,0.6946,0.6303,0.2201
regular_season_only,era_adjusted_plus_playoff_context,LogisticRegression,"{'penalty': 'l1', 'C': 0.1, 'solver': 'liblinear', 'class_weight': 'balanced'}",54,36251,0.661,0.6453,0.6947,0.6303,0.2201
all_games,era_adjusted_core,LogisticRegression,"{'penalty': 'l2', 'C': 0.01, 'solver': 'lbfgs', 'class_weight': 'balanced'}",42,38739,0.6586,0.6412,0.6949,0.6304,0.2201
all_games,era_adjusted_diff_plus_playoff_diff,LogisticRegression,"{'penalty': 'l2', 'C': 0.01, 'solver': 'lbfgs', 'class_weight': 'balanced'}",18,38739,0.6579,0.6442,0.695,0.6304,0.2202
all_games,era_adjusted_core,LogisticRegression,"{'penalty': 'l1', 'C': 0.1, 'solver': 'liblinear', 'class_weight': 'balanced'}",42,38739,0.6589,0.6416,0.6949,0.6304,0.2202
all_games,era_adjusted_diff_plus_playoff_diff,LogisticRegression,"{'penalty': 'l2', 'C': 1, 'solver': 'lbfgs', 'class_weight': 'balanced'}",18,38739,0.658,0.6446,0.6948,0.6305,0.2203
regular_season_only,era_adjusted_diff_plus_playoff_diff,LogisticRegression,"{'penalty': 'l2', 'C': 0.001, 'solver': 'lbfgs', 'class_weight': 'balanced'}",18,36251,0.6605,0.6453,0.695,0.6305,0.2203
all_games,era_adjusted_core,LogisticRegression,"{'penalty': 'l1', 'C': 1, 'solver': 'liblinear', 'class_weight': 'balanced'}",42,38739,0.6586,0.6434,0.6947,0.6305,0.2202
regular_season_only,era_adjusted_diff_only,LogisticRegression,"{'penalty': 'l2', 'C': 0.001, 'solver': 'lbfgs', 'class_weight': 'balanced'}",14,36251,0.6605,0.6453,0.695,0.6305,0.2203
all_games,era_adjusted_core,LogisticRegression,"{'penalty': 'l2', 'C': 100, 'solver': 'lbfgs', 'class_weight': 'balanced'}",42,38739,0.6587,0.6431,0.6946,0.6305,0.2202
all_games,era_adjusted_diff_plus_playoff_diff,LogisticRegression,"{'penalty': 'l2', 'C': 100, 'solver': 'lbfgs', 'class_weight': 'balanced'}",18,38739,0.658,0.6446,0.6947,0.6305,0.2203
all_games,era_adjusted_diff_plus_playoff_diff,LogisticRegression,"{'penalty': 'l2', 'C': 0.1, 'solver': 'lbfgs', 'class_weight': 'balanced'}",18,38739,0.6579,0.6446,0.6948,0.6305,0.2203
all_games,era_adjusted_diff_plus_playoff_diff,LogisticRegression,"{'penalty': 'l2', 'C': 10, 'solver': 'lbfgs', 'class_weight': 'balanced'}",18,38739,0.658,0.6446,0.6947,0.6305,0.2203
all_games,era_adjusted_diff_plus_playoff_diff,LogisticRegression,"{'penalty': 'l1', 'C': 10, 'solver': 'liblinear', 'class_weight': 'balanced'}",18,38739,0.6583,0.6446,0.6947,0.6305,0.2203
all_games,era_adjusted_core,LogisticRegression,"{'penalty': 'l1', 'C': 10, 'solver': 'liblinear', 'class_weight': 'balanced'}",42,38739,0.6587,0.6434,0.6946,0.6305,0.2202
all_games,era_adjusted_core,LogisticRegression,"{'penalty': 'l2', 'C': 10, 'solver': 'lbfgs', 'class_weight': 'balanced'}",42,38739,0.6587,0.6431,0.6946,0.6305,0.2202
all_games,era_adjusted_core,LogisticRegression,"{'penalty': 'l2', 'C': 0.1, 'solver': 'lbfgs', 'class_weight': 'balanced'}",42,38739,0.6585,0.6434,0.6947,0.6305,0.2202
all_games,era_adjusted_diff_only,LogisticRegression,"{'penalty': 'l2', 'C': 0.001, 'solver': 'lbfgs', 'class_weight': 'balanced'}",14,38739,0.6585,0.6446,0.6951,0.6306,0.2203
all_games,era_adjusted_diff_plus_playoff_diff,LogisticRegression,"{'penalty': 'l1', 'C': 0.1, 'solver': 'liblinear', 'class_weight': 'balanced'}",18,38739,0.6579,0.6449,0.6948,0.6306,0.2203
all_games,era_adjusted_diff_plus_playoff_diff,LogisticRegression,"{'penalty': 'l1', 'C': 1, 'solver': 'liblinear', 'class_weight': 'balanced'}",18,38739,0.6583,0.6446,0.6947,0.6306,0.2203
all_games,era_adjusted_core,LogisticRegression,"{'penalty': 'l2', 'C': 1, 'solver': 'lbfgs', 'class_weight': 'balanced'}",42,38739,0.6585,0.6434,0.6946,0.6306,0.2202
all_games,era_adjusted_plus_playoff_context,LogisticRegression,"{'penalty': 'l1', 'C': 0.01, 'solver': 'liblinear', 'class_weight': 'balanced'}",54,38739,0.6581,0.6431,0.6956,0.6308,0.2203
regular_season_only,era_adjusted_core,LogisticRegression,"{'penalty': 'l1', 'C': 0.01, 'solver': 'liblinear', 'class_weight': 'balanced'}",42,36251,0.6602,0.6479,0.6952,0.6308,0.2204
regular_season_only,era_adjusted_diff_plus_playoff_diff,LogisticRegression,"{'penalty': 'l2', 'C': 0.01, 'solver': 'lbfgs', 'class_weight': 'balanced'}",18,36251,0.6605,0.6442,0.6939,0.6309,0.2204
regular_season_only,era_adjusted_diff_only,LogisticRegression,"{'penalty': 'l2', 'C': 0.01, 'solver': 'lbfgs', 'class_weight': 'balanced'}",14,36251,0.6605,0.6442,0.6939,0.6309,0.2204
regular_season_only,era_neutral_record,LogisticRegression,"{'penalty': 'l1', 'C': 1, 'solver': 'liblinear', 'class_weight': 'balanced'}",9,36251,0.6612,0.6416,0.6943,0.6309,0.2204
regular_season_only,era_neutral_record,LogisticRegression,"{'penalty': 'l1', 'C': 10, 'solver': 'liblinear', 'class_weight': 'balanced'}",9,36251,0.6613,0.6416,0.6943,0.6309,0.2204
regular_season_only,era_adjusted_plus_playoff_context,LogisticRegression,"{'penalty': 'l1', 'C': 0.01, 'solver': 'liblinear', 'class_weight': 'balanced'}",54,36251,0.6601,0.6483,0.6952,0.6309,0.2204
all_games,era_adjusted_diff_only,LogisticRegression,"{'penalty': 'l2', 'C': 0.01, 'solver': 'lbfgs', 'class_weight': 'balanced'}",14,38739,0.6578,0.6446,0.694,0.631,0.2205
regular_season_only,era_neutral_record,LogisticRegression,"{'penalty': 'l2', 'C': 100, 'solver': 'lbfgs', 'class_weight': 'balanced'}",9,36251,0.6611,0.6423,0.6943,0.631,0.2204
regular_season_only,era_neutral_record,LogisticRegression,"{'penalty': 'l2', 'C': 10, 'solver': 'lbfgs', 'class_weight': 'balanced'}",9,36251,0.6611,0.6423,0.6943,0.631,0.2204
regular_season_only,era_neutral_record,LogisticRegression,"{'penalty': 'l2', 'C': 0.01, 'solver': 'lbfgs', 'class_weight': 'balanced'}",9,36251,0.6614,0.6431,0.6942,0.631,0.2204
regular_season_only,era_neutral_record,LogisticRegression,"{'penalty': 'l2', 'C': 0.1, 'solver': 'lbfgs', 'class_weight': 'balanced'}",9,36251,0.6611,0.6442,0.6942,0.631,0.2204
all_games,era_adjusted_diff_plus_playoff_diff,LogisticRegression,"{'penalty': 'l1', 'C': 0.01, 'solver': 'liblinear', 'class_weight': 'balanced'}",18,38739,0.6579,0.6423,0.6953,0.631,0.2205
all_games,era_adjusted_core,LogisticRegression,"{'penalty': 'l1', 'C': 0.01, 'solver': 'liblinear', 'class_weight': 'balanced'}",42,38739,0.658,0.6449,0.6953,0.631,0.2204
regular_season_only,era_adjusted_diff_plus_playoff_diff,LogisticRegression,"{'penalty': 'l1', 'C': 0.1, 'solver': 'liblinear', 'class_weight': 'balanced'}",18,36251,0.66,0.6453,0.6937,0.631,0.2205
regular_season_only,era_adjusted_diff_only,LogisticRegression,"{'penalty': 'l1', 'C': 0.1, 'solver': 'liblinear', 'class_weight': 'balanced'}",14,36251,0.66,0.6449,0.6937,0.631,0.2205
regular_season_only,era_neutral_record,LogisticRegression,"{'penalty': 'l2', 'C': 1, 'solver': 'lbfgs', 'class_weight': 'balanced'}",9,36251,0.661,0.6427,0.6943,0.631,0.2204
regular_season_only,era_neutral_record,LogisticRegression,"{'penalty': 'l2', 'C': 0.001, 'solver': 'lbfgs', 'class_weight': 'balanced'}",9,36251,0.6613,0.6464,0.6945,0.631,0.2204
all_games,era_neutral_record,LogisticRegression,"{'penalty': 'l1', 'C': 1, 'solver': 'liblinear', 'class_weight': 'balanced'}",9,38739,0.6589,0.642,0.6944,0.6311,0.2205
regular_season_only,era_adjusted_diff_plus_playoff_diff,LogisticRegression,"{'penalty': 'l2', 'C': 0.1, 'solver': 'lbfgs', 'class_weight': 'balanced'}",18,36251,0.66,0.6449,0.6936,0.6311,0.2205
regular_season_only,era_adjusted_diff_plus_playoff_diff,LogisticRegression,"{'penalty': 'l2', 'C': 1, 'solver': 'lbfgs', 'class_weight': 'balanced'}",18,36251,0.6601,0.6449,0.6935,0.6311,0.2205
regular_season_only,era_adjusted_diff_plus_playoff_diff,LogisticRegression,"{'penalty': 'l2', 'C': 100, 'solver': 'lbfgs', 'class_weight': 'balanced'}",18,36251,0.6601,0.6449,0.6935,0.6311,0.2205
regular_season_only,era_adjusted_diff_plus_playoff_diff,LogisticRegression,"{'penalty': 'l1', 'C': 10, 'solver': 'liblinear', 'class_weight': 'balanced'}",18,36251,0.6601,0.6446,0.6936,0.6311,0.2205
regular_season_only,minimal_era_adjusted_diff,LogisticRegression,"{'penalty': 'l2', 'C': 0.01, 'solver': 'lbfgs', 'class_weight': 'balanced'}",6,36251,0.6589,0.6416,0.694,0.6311,0.2205
regular_season_only,era_adjusted_diff_plus_playoff_diff,LogisticRegression,"{'penalty': 'l1', 'C': 1, 'solver': 'liblinear', 'class_weight': 'balanced'}",18,36251,0.6601,0.6446,0.6936,0.6311,0.2205
regular_season_only,minimal_era_adjusted_diff,LogisticRegression,"{'penalty': 'l2', 'C': 0.001, 'solver': 'lbfgs', 'class_weight': 'balanced'}",6,36251,0.6595,0.6434,0.6944,0.6311,0.2205
regular_season_only,era_adjusted_diff_only,LogisticRegression,"{'penalty': 'l1', 'C': 10, 'solver': 'liblinear', 'class_weight': 'balanced'}",14,36251,0.6601,0.6446,0.6936,0.6311,0.2205
regular_season_only,era_adjusted_diff_only,LogisticRegression,"{'penalty': 'l2', 'C': 1, 'solver': 'lbfgs', 'class_weight': 'balanced'}",14,36251,0.6601,0.6449,0.6935,0.6311,0.2205
regular_season_only,era_adjusted_diff_only,LogisticRegression,"{'penalty': 'l2', 'C': 0.1, 'solver': 'lbfgs', 'class_weight': 'balanced'}",14,36251,0.66,0.6449,0.6936,0.6311,0.2205
regular_season_only,era_neutral_record,LogisticRegression,"{'penalty': 'l1', 'C': 0.1, 'solver': 'liblinear', 'class_weight': 'balanced'}",9,36251,0.661,0.6438,0.6942,0.6311,0.2204
regular_season_only,era_adjusted_diff_only,LogisticRegression,"{'penalty': 'l2', 'C': 100, 'solver': 'lbfgs', 'class_weight': 'balanced'}",14,36251,0.6601,0.6449,0.6935,0.6311,0.2205
all_games,era_adjusted_diff_only,LogisticRegression,"{'penalty': 'l1', 'C': 0.1, 'solver': 'liblinear', 'class_weight': 'balanced'}",14,38739,0.6574,0.6446,0.6939,0.6311,0.2206
regular_season_only,era_adjusted_diff_plus_playoff_diff,LogisticRegression,"{'penalty': 'l2', 'C': 10, 'solver': 'lbfgs', 'class_weight': 'balanced'}",18,36251,0.6601,0.6449,0.6935,0.6311,0.2205
regular_season_only,era_adjusted_diff_only,LogisticRegression,"{'penalty': 'l1', 'C': 1, 'solver': 'liblinear', 'class_weight': 'balanced'}",14,36251,0.6601,0.6446,0.6936,0.6311,0.2205
regular_season_only,era_adjusted_diff_only,LogisticRegression,"{'penalty': 'l2', 'C': 10, 'solver': 'lbfgs', 'class_weight': 'balanced'}",14,36251,0.6601,0.6449,0.6935,0.6311,0.2205
all_games,era_neutral_record,LogisticRegression,"{'penalty': 'l1', 'C': 10, 'solver': 'liblinear', 'class_weight': 'balanced'}",9,38739,0.659,0.642,0.6944,0.6311,0.2204
regular_season_only,minimal_era_adjusted_diff,LogisticRegression,"{'penalty': 'l1', 'C': 1, 'solver': 'liblinear', 'class_weight': 'balanced'}",6,36251,0.6593,0.6431,0.694,0.6312,0.2205
regular_season_only,minimal_era_adjusted_diff,LogisticRegression,"{'penalty': 'l2', 'C': 10, 'solver': 'lbfgs', 'class_weight': 'balanced'}",6,36251,0.6593,0.6416,0.694,0.6312,0.2205
regular_season_only,minimal_era_adjusted_diff,LogisticRegression,"{'penalty': 'l1', 'C': 10, 'solver': 'liblinear', 'class_weight': 'balanced'}",6,36251,0.6593,0.6431,0.694,0.6312,0.2205
regular_season_only,minimal_era_adjusted_diff,LogisticRegression,"{'penalty': 'l2', 'C': 100, 'solver': 'lbfgs', 'class_weight': 'balanced'}",6,36251,0.6593,0.6416,0.694,0.6312,0.2205
regular_season_only,minimal_era_adjusted_diff,LogisticRegression,"{'penalty': 'l2', 'C': 1, 'solver': 'lbfgs', 'class_weight': 'balanced'}",6,36251,0.6592,0.6416,0.694,0.6312,0.2205
all_games,era_neutral_record,LogisticRegression,"{'penalty': 'l2', 'C': 10, 'solver': 'lbfgs', 'class_weight': 'balanced'}",9,38739,0.6589,0.6416,0.6944,0.6312,0.2205
all_games,era_adjusted_diff_only,LogisticRegression,"{'penalty': 'l1', 'C': 1, 'solver': 'liblinear', 'class_weight': 'balanced'}",14,38739,0.6579,0.6442,0.6937,0.6312,0.2206
all_games,era_adjusted_diff_only,LogisticRegression,"{'penalty': 'l1', 'C': 10, 'solver': 'liblinear', 'class_weight': 'balanced'}",14,38739,0.658,0.6442,0.6937,0.6312,0.2206
all_games,minimal_era_adjusted_diff,LogisticRegression,"{'penalty': 'l2', 'C': 0.001, 'solver': 'lbfgs', 'class_weight': 'balanced'}",6,38739,0.657,0.6427,0.6944,0.6312,0.2205
all_games,era_adjusted_diff_only,LogisticRegression,"{'penalty': 'l2', 'C': 10, 'solver': 'lbfgs', 'class_weight': 'balanced'}",14,38739,0.6579,0.6446,0.6936,0.6312,0.2206
all_games,era_adjusted_diff_only,LogisticRegression,"{'penalty': 'l2', 'C': 1, 'solver': 'lbfgs', 'class_weight': 'balanced'}",14,38739,0.6579,0.6446,0.6936,0.6312,0.2206
all_games,era_neutral_record,LogisticRegression,"{'penalty': 'l2', 'C': 100, 'solver': 'lbfgs', 'class_weight': 'balanced'}",9,38739,0.6589,0.6416,0.6944,0.6312,0.2205
regular_season_only,minimal_era_adjusted_diff,LogisticRegression,"{'penalty': 'l1', 'C': 0.1, 'solver': 'liblinear', 'class_weight': 'balanced'}",6,36251,0.6594,0.6427,0.6939,0.6312,0.2205
all_games,era_adjusted_diff_only,LogisticRegression,"{'penalty': 'l2', 'C': 100, 'solver': 'lbfgs', 'class_weight': 'balanced'}",14,38739,0.6579,0.6446,0.6936,0.6312,0.2206
all_games,era_adjusted_diff_only,LogisticRegression,"{'penalty': 'l2', 'C': 0.1, 'solver': 'lbfgs', 'class_weight': 'balanced'}",14,38739,0.6577,0.6446,0.6937,0.6312,0.2206
all_games,era_neutral_record,LogisticRegression,"{'penalty': 'l2', 'C': 1, 'solver': 'lbfgs', 'class_weight': 'balanced'}",9,38739,0.6589,0.6416,0.6944,0.6312,0.2205
all_games,era_neutral_record,LogisticRegression,"{'penalty': 'l2', 'C': 0.001, 'solver': 'lbfgs', 'class_weight': 'balanced'}",9,38739,0.6595,0.6449,0.6946,0.6312,0.2205
all_games,era_neutral_record,LogisticRegression,"{'penalty': 'l2', 'C': 0.01, 'solver': 'lbfgs', 'class_weight': 'balanced'}",9,38739,0.6593,0.6438,0.6943,0.6312,0.2205
all_games,era_neutral_record,LogisticRegression,"{'penalty': 'l2', 'C': 0.1, 'solver': 'lbfgs', 'class_weight': 'balanced'}",9,38739,0.6592,0.6416,0.6943,0.6312,0.2205
regular_season_only,minimal_era_adjusted_diff,LogisticRegression,"{'penalty': 'l2', 'C': 0.1, 'solver': 'lbfgs', 'class_weight': 'balanced'}",6,36251,0.6594,0.6416,0.694,0.6312,0.2205
all_games,minimal_era_adjusted_diff,LogisticRegression,"{'penalty': 'l2', 'C': 0.01, 'solver': 'lbfgs', 'class_weight': 'balanced'}",6,38739,0.6567,0.6431,0.6941,0.6313,0.2205
all_games,minimal_era_adjusted_diff,LogisticRegression,"{'penalty': 'l1', 'C': 1, 'solver': 'liblinear', 'class_weight': 'balanced'}",6,38739,0.6566,0.6438,0.6939,0.6313,0.2206
all_games,minimal_era_adjusted_diff,LogisticRegression,"{'penalty': 'l2', 'C': 0.1, 'solver': 'lbfgs', 'class_weight': 'balanced'}",6,38739,0.6565,0.6438,0.694,0.6313,0.2206
all_games,minimal_era_adjusted_diff,LogisticRegression,"{'penalty': 'l2', 'C': 1, 'solver': 'lbfgs', 'class_weight': 'balanced'}",6,38739,0.6564,0.6438,0.694,0.6313,0.2206
all_games,minimal_era_adjusted_diff,LogisticRegression,"{'penalty': 'l2', 'C': 10, 'solver': 'lbfgs', 'class_weight': 'balanced'}",6,38739,0.6564,0.6438,0.694,0.6313,0.2206
all_games,era_adjusted_diff_only,LogisticRegression,"{'penalty': 'l1', 'C': 0.01, 'solver': 'liblinear', 'class_weight': 'balanced'}",14,38739,0.6578,0.6438,0.6947,0.6313,0.2206
all_games,minimal_era_adjusted_diff,LogisticRegression,"{'penalty': 'l1', 'C': 10, 'solver': 'liblinear', 'class_weight': 'balanced'}",6,38739,0.6567,0.6438,0.6939,0.6313,0.2206
all_games,era_neutral_record,LogisticRegression,"{'penalty': 'l1', 'C': 0.1, 'solver': 'liblinear', 'class_weight': 'balanced'}",9,38739,0.6591,0.6408,0.6943,0.6313,0.2205
regular_season_only,era_adjusted_diff_only,LogisticRegression,"{'penalty': 'l1', 'C': 0.01, 'solver': 'liblinear', 'class_weight': 'balanced'}",14,36251,0.6592,0.6453,0.6944,0.6313,0.2206
all_games,minimal_era_adjusted_diff,LogisticRegression,"{'penalty': 'l2', 'C': 100, 'solver': 'lbfgs', 'class_weight': 'balanced'}",6,38739,0.6564,0.6438,0.694,0.6313,0.2206
all_games,era_adjusted_diff_plus_playoff_diff,LogisticRegression,"{'penalty': 'l1', 'C': 0.001, 'solver': 'liblinear', 'class_weight': 'None'}",18,38739,0.6758,0.6401,0.6936,0.6314,0.2208
regular_season_only,era_adjusted_diff_plus_playoff_diff,LogisticRegression,"{'penalty': 'l1', 'C': 0.001, 'solver': 'liblinear', 'class_weight': 'None'}",18,36251,0.6757,0.6416,0.6935,0.6314,0.2207
regular_season_only,era_adjusted_diff_plus_playoff_diff,LogisticRegression,"{'penalty': 'l1', 'C': 0.01, 'solver': 'liblinear', 'class_weight': 'balanced'}",18,36251,0.6593,0.6449,0.6944,0.6314,0.2206
regular_season_only,era_adjusted_core,LogisticRegression,"{'penalty': 'l1', 'C': 0.001, 'solver': 'liblinear', 'class_weight': 'None'}",42,36251,0.6757,0.6416,0.6935,0.6314,0.2207
all_games,minimal_era_adjusted_diff,LogisticRegression,"{'penalty': 'l1', 'C': 0.1, 'solver': 'liblinear', 'class_weight': 'balanced'}",6,38739,0.6566,0.6442,0.6939,0.6314,0.2206
all_games,era_adjusted_plus_playoff_context,LogisticRegression,"{'penalty': 'l1', 'C': 0.001, 'solver': 'liblinear', 'class_weight': 'None'}",54,38739,0.6759,0.6401,0.6936,0.6314,0.2208
all_games,era_adjusted_diff_only,LogisticRegression,"{'penalty': 'l1', 'C': 0.001, 'solver': 'liblinear', 'class_weight': 'None'}",14,38739,0.6758,0.6401,0.6936,0.6314,0.2208
playoffs_only,era_adjusted_core,LogisticRegression,"{'penalty': 'l1', 'C': 0.01, 'solver': 'liblinear', 'class_weight': 'None'}",42,2488,0.6805,0.6334,0.6943,0.6314,0.2208
regular_season_only,era_adjusted_plus_playoff_context,LogisticRegression,"{'penalty': 'l1', 'C': 0.001, 'solver': 'liblinear', 'class_weight': 'None'}",54,36251,0.6757,0.6416,0.6935,0.6314,0.2207
playoffs_only,era_adjusted_diff_only,LogisticRegression,"{'penalty': 'l1', 'C': 0.01, 'solver': 'liblinear', 'class_weight': 'None'}",14,2488,0.6805,0.6334,0.6943,0.6314,0.2208
playoffs_only,era_adjusted_diff_plus_playoff_diff,LogisticRegression,"{'penalty': 'l1', 'C': 0.01, 'solver': 'liblinear', 'class_weight': 'None'}",18,2488,0.6805,0.6334,0.6943,0.6314,0.2208
playoffs_only,era_adjusted_plus_playoff_context,LogisticRegression,"{'penalty': 'l1', 'C': 0.01, 'solver': 'liblinear', 'class_weight': 'None'}",54,2488,0.6805,0.6334,0.6943,0.6314,0.2208
all_games,era_adjusted_core,LogisticRegression,"{'penalty': 'l1', 'C': 0.001, 'solver': 'liblinear', 'class_weight': 'None'}",42,38739,0.6758,0.6401,0.6936,0.6314,0.2208
regular_season_only,era_adjusted_diff_only,LogisticRegression,"{'penalty': 'l1', 'C': 0.001, 'solver': 'liblinear', 'class_weight': 'None'}",14,36251,0.6757,0.6416,0.6935,0.6314,0.2207
playoffs_only,era_neutral_record,LogisticRegression,"{'penalty': 'l1', 'C': 0.01, 'solver': 'liblinear', 'class_weight': 'None'}",9,2488,0.6849,0.6357,0.6946,0.6317,0.221
regular_season_only,era_neutral_record,LogisticRegression,"{'penalty': 'l1', 'C': 0.01, 'solver': 'liblinear', 'class_weight': 'balanced'}",9,36251,0.6597,0.6427,0.6942,0.6317,0.2207
regular_season_only,era_neutral_record,LogisticRegression,"{'penalty': 'l1', 'C': 0.001, 'solver': 'liblinear', 'class_weight': 'None'}",9,36251,0.6752,0.6408,0.6934,0.6318,0.2209
all_games,era_neutral_record,LogisticRegression,"{'penalty': 'l1', 'C': 0.01, 'solver': 'liblinear', 'class_weight': 'balanced'}",9,38739,0.6579,0.6427,0.6944,0.6318,0.2208
all_games,era_neutral_record,LogisticRegression,"{'penalty': 'l1', 'C': 0.001, 'solver': 'liblinear', 'class_weight': 'None'}",9,38739,0.6758,0.639,0.6935,0.6319,0.221
regular_season_only,minimal_era_adjusted_diff,LogisticRegression,"{'penalty': 'l1', 'C': 0.01, 'solver': 'liblinear', 'class_weight': 'balanced'}",6,36251,0.6589,0.642,0.6936,0.6319,0.2208
both_teams_20_games,era_neutral_record,LogisticRegression,"{'penalty': 'l2', 'C': 0.001, 'solver': 'lbfgs', 'class_weight': 'balanced'}",9,29834,0.6675,0.6457,0.6952,0.6319,0.2206
all_games,era_adjusted_plus_playoff_context,LogisticRegression,"{'penalty': 'l1', 'C': 0.01, 'solver': 'liblinear', 'class_weight': 'None'}",54,38739,0.6764,0.6394,0.6957,0.632,0.2211
all_games,minimal_era_adjusted_diff,LogisticRegression,"{'penalty': 'l1', 'C': 0.001, 'solver': 'liblinear', 'class_weight': 'None'}",6,38739,0.6755,0.6394,0.6917,0.632,0.221
all_games,minimal_era_adjusted_diff,LogisticRegression,"{'penalty': 'l1', 'C': 0.01, 'solver': 'liblinear', 'class_weight': 'balanced'}",6,38739,0.6563,0.6412,0.6936,0.632,0.2209
regular_season_only,minimal_era_adjusted_diff,LogisticRegression,"{'penalty': 'l1', 'C': 0.001, 'solver': 'liblinear', 'class_weight': 'None'}",6,36251,0.6752,0.6423,0.6917,0.632,0.221
regular_season_only,era_adjusted_plus_playoff_context,LogisticRegression,"{'penalty': 'l1', 'C': 0.01, 'solver': 'liblinear', 'class_weight': 'None'}",54,36251,0.6767,0.6386,0.6952,0.6321,0.2211
both_teams_20_games,era_adjusted_diff_plus_playoff_diff,LogisticRegression,"{'penalty': 'l2', 'C': 0.001, 'solver': 'lbfgs', 'class_weight': 'balanced'}",18,29834,0.6668,0.6438,0.695,0.6321,0.2208
regular_season_only,era_adjusted_core,LogisticRegression,"{'penalty': 'l1', 'C': 0.01, 'solver': 'liblinear', 'class_weight': 'None'}",42,36251,0.6767,0.6386,0.6952,0.6321,0.2211
all_games,era_adjusted_core,LogisticRegression,"{'penalty': 'l1', 'C': 0.01, 'solver': 'liblinear', 'class_weight': 'None'}",42,38739,0.6762,0.6386,0.6953,0.6323,0.2212
all_games,era_adjusted_diff_plus_playoff_diff,LogisticRegression,"{'penalty': 'l2', 'C': 0.001, 'solver': 'lbfgs', 'class_weight': 'None'}",18,38739,0.6748,0.6453,0.6959,0.6323,0.2212
both_teams_20_games,era_adjusted_diff_only,LogisticRegression,"{'penalty': 'l2', 'C': 0.001, 'solver': 'lbfgs', 'class_weight': 'balanced'}",14,29834,0.6667,0.6427,0.6946,0.6324,0.221
all_games,era_adjusted_diff_plus_playoff_diff,LogisticRegression,"{'penalty': 'l1', 'C': 0.01, 'solver': 'liblinear', 'class_weight': 'None'}",18,38739,0.676,0.6397,0.6953,0.6324,0.2213
regular_season_only,era_adjusted_diff_only,LogisticRegression,"{'penalty': 'l1', 'C': 0.01, 'solver': 'liblinear', 'class_weight': 'None'}",14,36251,0.6752,0.639,0.6945,0.6325,0.2213
regular_season_only,era_adjusted_plus_playoff_context,LogisticRegression,"{'penalty': 'l2', 'C': 0.001, 'solver': 'lbfgs', 'class_weight': 'None'}",54,36251,0.6766,0.6405,0.6955,0.6325,0.2213
all_games,era_adjusted_plus_playoff_context,LogisticRegression,"{'penalty': 'l2', 'C': 0.001, 'solver': 'lbfgs', 'class_weight': 'None'}",54,38739,0.6763,0.6449,0.6962,0.6325,0.2213
regular_season_only,era_adjusted_core,LogisticRegression,"{'penalty': 'l2', 'C': 0.001, 'solver': 'lbfgs', 'class_weight': 'None'}",42,36251,0.6766,0.6405,0.6955,0.6325,0.2213
regular_season_only,era_adjusted_diff_plus_playoff_diff,LogisticRegression,"{'penalty': 'l1', 'C': 0.01, 'solver': 'liblinear', 'class_weight': 'None'}",18,36251,0.6751,0.6386,0.6945,0.6325,0.2213
regular_season_only,era_adjusted_diff_plus_playoff_diff,LogisticRegression,"{'penalty': 'l2', 'C': 0.001, 'solver': 'lbfgs', 'class_weight': 'None'}",18,36251,0.6749,0.6442,0.6951,0.6326,0.2214
regular_season_only,era_adjusted_diff_only,LogisticRegression,"{'penalty': 'l2', 'C': 0.001, 'solver': 'lbfgs', 'class_weight': 'None'}",14,36251,0.6749,0.6442,0.6951,0.6326,0.2214
all_games,era_adjusted_core,LogisticRegression,"{'penalty': 'l2', 'C': 0.001, 'solver': 'lbfgs', 'class_weight': 'None'}",42,38739,0.6763,0.6427,0.6957,0.6327,0.2214
both_teams_20_games,era_neutral_record,LogisticRegression,"{'penalty': 'l2', 'C': 0.01, 'solver': 'lbfgs', 'class_weight': 'balanced'}",9,29834,0.6678,0.6438,0.6949,0.6328,0.2209
all_games,era_adjusted_diff_plus_playoff_diff,LogisticRegression,"{'penalty': 'l2', 'C': 0.01, 'solver': 'lbfgs', 'class_weight': 'None'}",18,38739,0.6764,0.6397,0.695,0.6328,0.2214
all_games,era_adjusted_plus_playoff_context,RandomForest,"{'n_estimators': 300, 'max_depth': 8}",54,38739,0.7174,0.6471,0.6971,0.6328,0.221
all_games,era_adjusted_diff_only,LogisticRegression,"{'penalty': 'l1', 'C': 0.01, 'solver': 'liblinear', 'class_weight': 'None'}",14,38739,0.6758,0.6383,0.6947,0.6328,0.2215
both_teams_20_games,minimal_era_adjusted_diff,LogisticRegression,"{'penalty': 'l2', 'C': 0.001, 'solver': 'lbfgs', 'class_weight': 'balanced'}",6,29834,0.6644,0.6408,0.6936,0.6329,0.2212
all_games,era_adjusted_diff_plus_playoff_diff,LogisticRegression,"{'penalty': 'l1', 'C': 0.1, 'solver': 'liblinear', 'class_weight': 'None'}",18,38739,0.6765,0.6427,0.6948,0.6329,0.2215
both_teams_20_games,era_adjusted_plus_playoff_context,LogisticRegression,"{'penalty': 'l2', 'C': 0.001, 'solver': 'lbfgs', 'class_weight': 'balanced'}",54,29834,0.6684,0.6464,0.6949,0.633,0.2211
regular_season_only,minimal_era_adjusted_diff,LogisticRegression,"{'penalty': 'l1', 'C': 0.01, 'solver': 'liblinear', 'class_weight': 'None'}",6,36251,0.6749,0.6434,0.6936,0.633,0.2215
all_games,era_adjusted_diff_plus_playoff_diff,LogisticRegression,"{'penalty': 'l1', 'C': 1, 'solver': 'liblinear', 'class_weight': 'None'}",18,38739,0.6764,0.6401,0.6947,0.633,0.2215
all_games,era_adjusted_diff_only,LogisticRegression,"{'penalty': 'l2', 'C': 0.001, 'solver': 'lbfgs', 'class_weight': 'None'}",14,38739,0.6743,0.6434,0.6951,0.633,0.2215
all_games,era_adjusted_diff_plus_playoff_diff,LogisticRegression,"{'penalty': 'l2', 'C': 100, 'solver': 'lbfgs', 'class_weight': 'None'}",18,38739,0.6764,0.6386,0.6947,0.633,0.2215
all_games,era_adjusted_diff_plus_playoff_diff,LogisticRegression,"{'penalty': 'l2', 'C': 1, 'solver': 'lbfgs', 'class_weight': 'None'}",18,38739,0.6764,0.6386,0.6947,0.633,0.2215
all_games,era_adjusted_diff_plus_playoff_diff,LogisticRegression,"{'penalty': 'l2', 'C': 0.1, 'solver': 'lbfgs', 'class_weight': 'None'}",18,38739,0.6764,0.6394,0.6947,0.633,0.2215
all_games,era_adjusted_diff_plus_playoff_diff,LogisticRegression,"{'penalty': 'l2', 'C': 10, 'solver': 'lbfgs', 'class_weight': 'None'}",18,38739,0.6764,0.6386,0.6947,0.633,0.2215
all_games,era_adjusted_diff_plus_playoff_diff,LogisticRegression,"{'penalty': 'l1', 'C': 10, 'solver': 'liblinear', 'class_weight': 'None'}",18,38739,0.6765,0.6401,0.6947,0.633,0.2215
playoffs_only,minimal_era_adjusted_diff,LogisticRegression,"{'penalty': 'l1', 'C': 0.01, 'solver': 'liblinear', 'class_weight': 'None'}",6,2488,0.6797,0.6375,0.6917,0.633,0.2216
all_games,era_adjusted_plus_playoff_context,LogisticRegression,"{'penalty': 'l1', 'C': 0.1, 'solver': 'liblinear', 'class_weight': 'None'}",54,38739,0.6776,0.6434,0.6954,0.6331,0.2215
regular_season_only,era_adjusted_core,LogisticRegression,"{'penalty': 'l1', 'C': 0.1, 'solver': 'liblinear', 'class_weight': 'None'}",42,36251,0.678,0.6397,0.6947,0.6331,0.2215
regular_season_only,era_adjusted_plus_playoff_context,LogisticRegression,"{'penalty': 'l1', 'C': 0.1, 'solver': 'liblinear', 'class_weight': 'None'}",54,36251,0.678,0.6394,0.6947,0.6331,0.2215
regular_season_only,minimal_era_adjusted_diff,LogisticRegression,"{'penalty': 'l2', 'C': 0.001, 'solver': 'lbfgs', 'class_weight': 'None'}",6,36251,0.6739,0.642,0.6944,0.6331,0.2215
regular_season_only,era_adjusted_diff_plus_playoff_diff,LogisticRegression,"{'penalty': 'l2', 'C': 0.01, 'solver': 'lbfgs', 'class_weight': 'None'}",18,36251,0.6756,0.6397,0.6939,0.6332,0.2216
regular_season_only,era_adjusted_diff_plus_playoff_diff,LogisticRegression,"{'penalty': 'l1', 'C': 0.1, 'solver': 'liblinear', 'class_weight': 'None'}",18,36251,0.6758,0.6397,0.6937,0.6332,0.2216
both_teams_20_games,era_adjusted_core,LogisticRegression,"{'penalty': 'l2', 'C': 0.001, 'solver': 'lbfgs', 'class_weight': 'balanced'}",42,29834,0.6681,0.6453,0.6946,0.6332,0.2211
regular_season_only,era_adjusted_diff_only,LogisticRegression,"{'penalty': 'l1', 'C': 0.1, 'solver': 'liblinear', 'class_weight': 'None'}",14,36251,0.6758,0.6401,0.6937,0.6332,0.2216
both_teams_20_games,era_neutral_record,LogisticRegression,"{'penalty': 'l2', 'C': 0.1, 'solver': 'lbfgs', 'class_weight': 'balanced'}",9,29834,0.6678,0.6446,0.6949,0.6332,0.2211
all_games,era_adjusted_plus_playoff_context,LogisticRegression,"{'penalty': 'l2', 'C': 0.01, 'solver': 'lbfgs', 'class_weight': 'None'}",54,38739,0.6774,0.6416,0.6955,0.6332,0.2215
regular_season_only,era_adjusted_diff_only,LogisticRegression,"{'penalty': 'l2', 'C': 0.01, 'solver': 'lbfgs', 'class_weight': 'None'}",14,36251,0.6756,0.6397,0.6939,0.6332,0.2216
regular_season_only,era_adjusted_core,LogisticRegression,"{'penalty': 'l2', 'C': 0.01, 'solver': 'lbfgs', 'class_weight': 'None'}",42,36251,0.6776,0.6427,0.6948,0.6332,0.2216
regular_season_only,era_adjusted_plus_playoff_context,LogisticRegression,"{'penalty': 'l2', 'C': 0.01, 'solver': 'lbfgs', 'class_weight': 'None'}",54,36251,0.6776,0.6427,0.6948,0.6332,0.2216
regular_season_only,minimal_era_adjusted_diff,LogisticRegression,"{'penalty': 'l1', 'C': 10, 'solver': 'liblinear', 'class_weight': 'None'}",6,36251,0.6744,0.6453,0.6939,0.6333,0.2216
regular_season_only,minimal_era_adjusted_diff,LogisticRegression,"{'penalty': 'l2', 'C': 0.1, 'solver': 'lbfgs', 'class_weight': 'None'}",6,36251,0.6743,0.646,0.694,0.6333,0.2216
all_games,minimal_era_adjusted_diff,LogisticRegression,"{'penalty': 'l1', 'C': 0.01, 'solver': 'liblinear', 'class_weight': 'None'}",6,38739,0.6748,0.6434,0.6936,0.6333,0.2216
all_games,era_adjusted_core,RandomForest,"{'n_estimators': 300, 'max_depth': 8}",42,38739,0.7178,0.6442,0.6967,0.6333,0.2212
regular_season_only,minimal_era_adjusted_diff,LogisticRegression,"{'penalty': 'l2', 'C': 0.01, 'solver': 'lbfgs', 'class_weight': 'None'}",6,36251,0.6744,0.6453,0.694,0.6333,0.2215
regular_season_only,minimal_era_adjusted_diff,LogisticRegression,"{'penalty': 'l1', 'C': 0.1, 'solver': 'liblinear', 'class_weight': 'None'}",6,36251,0.6745,0.6446,0.6939,0.6333,0.2215
regular_season_only,minimal_era_adjusted_diff,LogisticRegression,"{'penalty': 'l1', 'C': 1, 'solver': 'liblinear', 'class_weight': 'None'}",6,36251,0.6745,0.6453,0.6939,0.6333,0.2216
regular_season_only,era_adjusted_diff_only,LogisticRegression,"{'penalty': 'l2', 'C': 100, 'solver': 'lbfgs', 'class_weight': 'None'}",14,36251,0.6762,0.6375,0.6935,0.6334,0.2217
regular_season_only,era_adjusted_core,LogisticRegression,"{'penalty': 'l2', 'C': 100, 'solver': 'lbfgs', 'class_weight': 'None'}",42,36251,0.6778,0.6427,0.6946,0.6334,0.2216
regular_season_only,era_adjusted_plus_playoff_context,LogisticRegression,"{'penalty': 'l2', 'C': 10, 'solver': 'lbfgs', 'class_weight': 'None'}",54,36251,0.6778,0.6416,0.6946,0.6334,0.2216
regular_season_only,minimal_era_adjusted_diff,LogisticRegression,"{'penalty': 'l2', 'C': 1, 'solver': 'lbfgs', 'class_weight': 'None'}",6,36251,0.6744,0.6457,0.6939,0.6334,0.2216
regular_season_only,era_adjusted_plus_playoff_context,LogisticRegression,"{'penalty': 'l2', 'C': 100, 'solver': 'lbfgs', 'class_weight': 'None'}",54,36251,0.6778,0.6427,0.6946,0.6334,0.2216
regular_season_only,era_adjusted_diff_only,LogisticRegression,"{'penalty': 'l1', 'C': 1, 'solver': 'liblinear', 'class_weight': 'None'}",14,36251,0.6765,0.6375,0.6935,0.6334,0.2217
regular_season_only,era_adjusted_core,LogisticRegression,"{'penalty': 'l2', 'C': 10, 'solver': 'lbfgs', 'class_weight': 'None'}",42,36251,0.6778,0.6416,0.6946,0.6334,0.2216
regular_season_only,era_adjusted_diff_only,LogisticRegression,"{'penalty': 'l2', 'C': 10, 'solver': 'lbfgs', 'class_weight': 'None'}",14,36251,0.6762,0.6375,0.6935,0.6334,0.2217
regular_season_only,era_adjusted_diff_plus_playoff_diff,LogisticRegression,"{'penalty': 'l2', 'C': 10, 'solver': 'lbfgs', 'class_weight': 'None'}",18,36251,0.6762,0.6375,0.6935,0.6334,0.2217
regular_season_only,era_adjusted_diff_plus_playoff_diff,LogisticRegression,"{'penalty': 'l2', 'C': 0.1, 'solver': 'lbfgs', 'class_weight': 'None'}",18,36251,0.6762,0.6375,0.6935,0.6334,0.2217
regular_season_only,era_adjusted_diff_plus_playoff_diff,LogisticRegression,"{'penalty': 'l2', 'C': 100, 'solver': 'lbfgs', 'class_weight': 'None'}",18,36251,0.6762,0.6375,0.6935,0.6334,0.2217
regular_season_only,minimal_era_adjusted_diff,LogisticRegression,"{'penalty': 'l2', 'C': 100, 'solver': 'lbfgs', 'class_weight': 'None'}",6,36251,0.6744,0.6457,0.6939,0.6334,0.2216
regular_season_only,minimal_era_adjusted_diff,LogisticRegression,"{'penalty': 'l2', 'C': 10, 'solver': 'lbfgs', 'class_weight': 'None'}",6,36251,0.6744,0.6457,0.6939,0.6334,0.2216
all_games,minimal_era_adjusted_diff,LogisticRegression,"{'penalty': 'l2', 'C': 0.001, 'solver': 'lbfgs', 'class_weight': 'None'}",6,38739,0.6736,0.6423,0.6944,0.6334,0.2217
regular_season_only,era_adjusted_diff_plus_playoff_diff,LogisticRegression,"{'penalty': 'l1', 'C': 1, 'solver': 'liblinear', 'class_weight': 'None'}",18,36251,0.6765,0.6375,0.6935,0.6334,0.2217
regular_season_only,era_adjusted_diff_only,LogisticRegression,"{'penalty': 'l1', 'C': 10, 'solver': 'liblinear', 'class_weight': 'None'}",14,36251,0.6764,0.6383,0.6935,0.6334,0.2217
regular_season_only,era_adjusted_diff_plus_playoff_diff,LogisticRegression,"{'penalty': 'l1', 'C': 10, 'solver': 'liblinear', 'class_weight': 'None'}",18,36251,0.6764,0.6383,0.6935,0.6334,0.2217
regular_season_only,era_adjusted_diff_only,LogisticRegression,"{'penalty': 'l2', 'C': 1, 'solver': 'lbfgs', 'class_weight': 'None'}",14,36251,0.6762,0.6375,0.6935,0.6334,0.2217
regular_season_only,era_adjusted_diff_only,LogisticRegression,"{'penalty': 'l2', 'C': 0.1, 'solver': 'lbfgs', 'class_weight': 'None'}",14,36251,0.6762,0.6375,0.6935,0.6334,0.2217
regular_season_only,era_neutral_record,LogisticRegression,"{'penalty': 'l1', 'C': 0.01, 'solver': 'liblinear', 'class_weight': 'None'}",9,36251,0.6758,0.6383,0.6942,0.6334,0.2217
all_games,era_adjusted_core,LogisticRegression,"{'penalty': 'l1', 'C': 0.1, 'solver': 'liblinear', 'class_weight': 'None'}",42,38739,0.6772,0.6401,0.6949,0.6334,0.2216
regular_season_only,era_adjusted_diff_plus_playoff_diff,LogisticRegression,"{'penalty': 'l2', 'C': 1, 'solver': 'lbfgs', 'class_weight': 'None'}",18,36251,0.6762,0.6375,0.6935,0.6334,0.2217
all_games,era_adjusted_plus_playoff_context,LogisticRegression,"{'penalty': 'l2', 'C': 0.1, 'solver': 'lbfgs', 'class_weight': 'None'}",54,38739,0.6776,0.6427,0.6952,0.6335,0.2216
both_teams_20_games,era_neutral_record,LogisticRegression,"{'penalty': 'l1', 'C': 10, 'solver': 'liblinear', 'class_weight': 'balanced'}",9,29834,0.6677,0.6431,0.695,0.6335,0.2211
regular_season_only,era_adjusted_core,LogisticRegression,"{'penalty': 'l1', 'C': 1, 'solver': 'liblinear', 'class_weight': 'None'}",42,36251,0.6779,0.642,0.6946,0.6335,0.2217
both_teams_20_games,era_neutral_record,LogisticRegression,"{'penalty': 'l2', 'C': 100, 'solver': 'lbfgs', 'class_weight': 'balanced'}",9,29834,0.6677,0.6431,0.695,0.6335,0.2212
regular_season_only,era_adjusted_core,LogisticRegression,"{'penalty': 'l1', 'C': 10, 'solver': 'liblinear', 'class_weight': 'None'}",42,36251,0.6778,0.6423,0.6945,0.6335,0.2217
all_games,era_adjusted_plus_playoff_context,LogisticRegression,"{'penalty': 'l1', 'C': 1, 'solver': 'liblinear', 'class_weight': 'None'}",54,38739,0.6776,0.6434,0.6952,0.6335,0.2216
both_teams_20_games,era_adjusted_diff_plus_playoff_diff,LogisticRegression,"{'penalty': 'l1', 'C': 0.01, 'solver': 'liblinear', 'class_weight': 'balanced'}",18,29834,0.6641,0.6423,0.694,0.6335,0.2214
all_games,era_adjusted_plus_playoff_context,LogisticRegression,"{'penalty': 'l2', 'C': 1, 'solver': 'lbfgs', 'class_weight': 'None'}",54,38739,0.6773,0.6431,0.6951,0.6335,0.2216
both_teams_20_games,era_neutral_record,LogisticRegression,"{'penalty': 'l1', 'C': 1, 'solver': 'liblinear', 'class_weight': 'balanced'}",9,29834,0.6678,0.6431,0.6949,0.6335,0.2211
both_teams_20_games,era_neutral_record,LogisticRegression,"{'penalty': 'l1', 'C': 0.1, 'solver': 'liblinear', 'class_weight': 'balanced'}",9,29834,0.6675,0.6434,0.6949,0.6335,0.2211
all_games,era_adjusted_plus_playoff_context,LogisticRegression,"{'penalty': 'l2', 'C': 100, 'solver': 'lbfgs', 'class_weight': 'None'}",54,38739,0.6774,0.6438,0.6952,0.6335,0.2216
regular_season_only,era_adjusted_core,LogisticRegression,"{'penalty': 'l2', 'C': 1, 'solver': 'lbfgs', 'class_weight': 'None'}",42,36251,0.6778,0.6416,0.6945,0.6335,0.2217
regular_season_only,era_adjusted_plus_playoff_context,LogisticRegression,"{'penalty': 'l2', 'C': 1, 'solver': 'lbfgs', 'class_weight': 'None'}",54,36251,0.6778,0.6416,0.6945,0.6335,0.2217
regular_season_only,era_adjusted_plus_playoff_context,LogisticRegression,"{'penalty': 'l1', 'C': 1, 'solver': 'liblinear', 'class_weight': 'None'}",54,36251,0.6779,0.642,0.6946,0.6335,0.2217
regular_season_only,era_adjusted_plus_playoff_context,LogisticRegression,"{'penalty': 'l1', 'C': 10, 'solver': 'liblinear', 'class_weight': 'None'}",54,36251,0.6778,0.6423,0.6945,0.6335,0.2217
all_games,era_adjusted_core,LogisticRegression,"{'penalty': 'l2', 'C': 0.01, 'solver': 'lbfgs', 'class_weight': 'None'}",42,38739,0.6769,0.639,0.695,0.6335,0.2217
both_teams_20_games,era_neutral_record,LogisticRegression,"{'penalty': 'l2', 'C': 1, 'solver': 'lbfgs', 'class_weight': 'balanced'}",9,29834,0.6677,0.6431,0.695,0.6335,0.2211
both_teams_20_games,era_neutral_record,LogisticRegression,"{'penalty': 'l2', 'C': 10, 'solver': 'lbfgs', 'class_weight': 'balanced'}",9,29834,0.6676,0.6431,0.695,0.6335,0.2212
regular_season_only,era_adjusted_plus_playoff_context,RandomForest,"{'n_estimators': 300, 'max_depth': 8}",54,36251,0.7188,0.6453,0.6955,0.6335,0.2214
regular_season_only,era_adjusted_plus_playoff_context,LogisticRegression,"{'penalty': 'l2', 'C': 0.1, 'solver': 'lbfgs', 'class_weight': 'None'}",54,36251,0.6776,0.6412,0.6945,0.6335,0.2217
both_teams_20_games,era_adjusted_plus_playoff_context,LogisticRegression,"{'penalty': 'l1', 'C': 0.01, 'solver': 'liblinear', 'class_weight': 'balanced'}",54,29834,0.6659,0.6412,0.6946,0.6335,0.2213
regular_season_only,era_adjusted_core,LogisticRegression,"{'penalty': 'l2', 'C': 0.1, 'solver': 'lbfgs', 'class_weight': 'None'}",42,36251,0.6776,0.6412,0.6945,0.6335,0.2217
all_games,era_adjusted_plus_playoff_context,LogisticRegression,"{'penalty': 'l2', 'C': 10, 'solver': 'lbfgs', 'class_weight': 'None'}",54,38739,0.6774,0.6438,0.6952,0.6335,0.2216
both_teams_20_games,era_adjusted_diff_only,LogisticRegression,"{'penalty': 'l1', 'C': 0.01, 'solver': 'liblinear', 'class_weight': 'balanced'}",14,29834,0.6641,0.642,0.6939,0.6336,0.2214
both_teams_20_games,era_adjusted_core,LogisticRegression,"{'penalty': 'l1', 'C': 0.01, 'solver': 'liblinear', 'class_weight': 'balanced'}",42,29834,0.6656,0.6416,0.6945,0.6336,0.2214
all_games,era_neutral_record,LogisticRegression,"{'penalty': 'l1', 'C': 0.01, 'solver': 'liblinear', 'class_weight': 'None'}",9,38739,0.6756,0.6371,0.6943,0.6336,0.2218
all_games,era_adjusted_diff_only,LogisticRegression,"{'penalty': 'l2', 'C': 0.01, 'solver': 'lbfgs', 'class_weight': 'None'}",14,38739,0.676,0.6386,0.694,0.6336,0.2218
all_games,minimal_era_adjusted_diff,LogisticRegression,"{'penalty': 'l2', 'C': 0.01, 'solver': 'lbfgs', 'class_weight': 'None'}",6,38739,0.6747,0.6446,0.6941,0.6336,0.2217
both_teams_20_games,era_neutral_record,LogisticRegression,"{'penalty': 'l1', 'C': 0.01, 'solver': 'liblinear', 'class_weight': 'balanced'}",9,29834,0.6651,0.6427,0.6948,0.6336,0.2213
regular_season_only,era_adjusted_core,RandomForest,"{'n_estimators': 300, 'max_depth': 8}",42,36251,0.7217,0.6457,0.6959,0.6336,0.2214
all_games,era_adjusted_diff_only,LogisticRegression,"{'penalty': 'l1', 'C': 0.1, 'solver': 'liblinear', 'class_weight': 'None'}",14,38739,0.6761,0.6408,0.6939,0.6336,0.2218
all_games,era_adjusted_plus_playoff_context,LogisticRegression,"{'penalty': 'l1', 'C': 10, 'solver': 'liblinear', 'class_weight': 'None'}",54,38739,0.6776,0.6442,0.6951,0.6336,0.2217
all_games,minimal_era_adjusted_diff,LogisticRegression,"{'penalty': 'l2', 'C': 10, 'solver': 'lbfgs', 'class_weight': 'None'}",6,38739,0.6746,0.6434,0.6939,0.6337,0.2217
all_games,era_adjusted_diff_only,LogisticRegression,"{'penalty': 'l2', 'C': 0.1, 'solver': 'lbfgs', 'class_weight': 'None'}",14,38739,0.676,0.6371,0.6937,0.6337,0.2218
all_games,era_adjusted_diff_only,LogisticRegression,"{'penalty': 'l1', 'C': 10, 'solver': 'liblinear', 'class_weight': 'None'}",14,38739,0.6761,0.6383,0.6937,0.6337,0.2218
all_games,minimal_era_adjusted_diff,LogisticRegression,"{'penalty': 'l1', 'C': 10, 'solver': 'liblinear', 'class_weight': 'None'}",6,38739,0.6745,0.6434,0.694,0.6337,0.2217
all_games,minimal_era_adjusted_diff,LogisticRegression,"{'penalty': 'l2', 'C': 1, 'solver': 'lbfgs', 'class_weight': 'None'}",6,38739,0.6745,0.6434,0.694,0.6337,0.2217
all_games,minimal_era_adjusted_diff,LogisticRegression,"{'penalty': 'l2', 'C': 100, 'solver': 'lbfgs', 'class_weight': 'None'}",6,38739,0.6746,0.6434,0.6939,0.6337,0.2217
all_games,era_adjusted_core,LogisticRegression,"{'penalty': 'l2', 'C': 0.1, 'solver': 'lbfgs', 'class_weight': 'None'}",42,38739,0.6776,0.6408,0.6948,0.6337,0.2218
all_games,era_adjusted_diff_only,LogisticRegression,"{'penalty': 'l1', 'C': 1, 'solver': 'liblinear', 'class_weight': 'None'}",14,38739,0.6761,0.6383,0.6937,0.6337,0.2218
all_games,minimal_era_adjusted_diff,LogisticRegression,"{'penalty': 'l1', 'C': 0.1, 'solver': 'liblinear', 'class_weight': 'None'}",6,38739,0.6748,0.6431,0.6939,0.6337,0.2217
all_games,minimal_era_adjusted_diff,LogisticRegression,"{'penalty': 'l2', 'C': 0.1, 'solver': 'lbfgs', 'class_weight': 'None'}",6,38739,0.6745,0.6438,0.694,0.6337,0.2217
all_games,minimal_era_adjusted_diff,LogisticRegression,"{'penalty': 'l1', 'C': 1, 'solver': 'liblinear', 'class_weight': 'None'}",6,38739,0.6745,0.6434,0.694,0.6337,0.2217
all_games,era_adjusted_diff_only,LogisticRegression,"{'penalty': 'l2', 'C': 10, 'solver': 'lbfgs', 'class_weight': 'None'}",14,38739,0.6758,0.6375,0.6936,0.6338,0.2218
all_games,era_adjusted_core,LogisticRegression,"{'penalty': 'l2', 'C': 1, 'solver': 'lbfgs', 'class_weight': 'None'}",42,38739,0.6776,0.6412,0.6947,0.6338,0.2218
all_games,era_adjusted_diff_only,LogisticRegression,"{'penalty': 'l2', 'C': 100, 'solver': 'lbfgs', 'class_weight': 'None'}",14,38739,0.6758,0.6375,0.6936,0.6338,0.2218
both_teams_20_games,era_adjusted_diff_plus_playoff_diff,LogisticRegression,"{'penalty': 'l2', 'C': 0.01, 'solver': 'lbfgs', 'class_weight': 'balanced'}",18,29834,0.6659,0.6427,0.6938,0.6338,0.2215
all_games,era_adjusted_core,LogisticRegression,"{'penalty': 'l1', 'C': 10, 'solver': 'liblinear', 'class_weight': 'None'}",42,38739,0.6776,0.6416,0.6947,0.6338,0.2218
all_games,era_adjusted_core,LogisticRegression,"{'penalty': 'l1', 'C': 1, 'solver': 'liblinear', 'class_weight': 'None'}",42,38739,0.6774,0.6412,0.6947,0.6338,0.2218
all_games,era_adjusted_diff_only,LogisticRegression,"{'penalty': 'l2', 'C': 1, 'solver': 'lbfgs', 'class_weight': 'None'}",14,38739,0.6758,0.6375,0.6936,0.6338,0.2218
all_games,era_adjusted_core,LogisticRegression,"{'penalty': 'l2', 'C': 10, 'solver': 'lbfgs', 'class_weight': 'None'}",42,38739,0.6777,0.6412,0.6947,0.6338,0.2218
all_games,era_adjusted_core,LogisticRegression,"{'penalty': 'l2', 'C': 100, 'solver': 'lbfgs', 'class_weight': 'None'}",42,38739,0.6776,0.6412,0.6947,0.6338,0.2218
both_teams_20_games,era_adjusted_diff_plus_playoff_diff,LogisticRegression,"{'penalty': 'l1', 'C': 0.1, 'solver': 'liblinear', 'class_weight': 'balanced'}",18,29834,0.6658,0.6438,0.6938,0.6339,0.2215
both_teams_20_games,era_adjusted_core,RandomForest,"{'n_estimators': 300, 'max_depth': 8}",42,29834,0.7266,0.6446,0.696,0.6339,0.2215
regular_season_only,era_neutral_record,LogisticRegression,"{'penalty': 'l1', 'C': 0.1, 'solver': 'liblinear', 'class_weight': 'None'}",9,36251,0.6756,0.6397,0.6942,0.634,0.2219
regular_season_only,era_neutral_record,LogisticRegression,"{'penalty': 'l2', 'C': 1, 'solver': 'lbfgs', 'class_weight': 'None'}",9,36251,0.6758,0.6397,0.6943,0.6341,0.222
regular_season_only,era_neutral_record,LogisticRegression,"{'penalty': 'l2', 'C': 0.1, 'solver': 'lbfgs', 'class_weight': 'None'}",9,36251,0.6756,0.639,0.6943,0.6341,0.222
regular_season_only,era_neutral_record,LogisticRegression,"{'penalty': 'l2', 'C': 0.001, 'solver': 'lbfgs', 'class_weight': 'None'}",9,36251,0.6753,0.6379,0.6946,0.6341,0.222
regular_season_only,era_neutral_record,LogisticRegression,"{'penalty': 'l2', 'C': 0.01, 'solver': 'lbfgs', 'class_weight': 'None'}",9,36251,0.6755,0.6383,0.6943,0.6341,0.222
playoffs_only,era_adjusted_diff_plus_playoff_diff,LogisticRegression,"{'penalty': 'l2', 'C': 0.001, 'solver': 'lbfgs', 'class_weight': 'balanced'}",18,2488,0.6194,0.6397,0.6959,0.6341,0.2219
regular_season_only,era_neutral_record,LogisticRegression,"{'penalty': 'l1', 'C': 10, 'solver': 'liblinear', 'class_weight': 'None'}",9,36251,0.6756,0.6397,0.6944,0.6341,0.222
regular_season_only,era_neutral_record,LogisticRegression,"{'penalty': 'l1', 'C': 1, 'solver': 'liblinear', 'class_weight': 'None'}",9,36251,0.6756,0.6397,0.6943,0.6341,0.222
regular_season_only,era_neutral_record,LogisticRegression,"{'penalty': 'l2', 'C': 100, 'solver': 'lbfgs', 'class_weight': 'None'}",9,36251,0.6757,0.6397,0.6943,0.6341,0.222
regular_season_only,era_neutral_record,LogisticRegression,"{'penalty': 'l2', 'C': 10, 'solver': 'lbfgs', 'class_weight': 'None'}",9,36251,0.6757,0.6397,0.6943,0.6341,0.222
both_teams_20_games,era_adjusted_plus_playoff_context,LogisticRegression,"{'penalty': 'l1', 'C': 0.01, 'solver': 'liblinear', 'class_weight': 'None'}",54,29834,0.6865,0.6423,0.6947,0.6342,0.2216
both_teams_20_games,era_adjusted_diff_plus_playoff_diff,LogisticRegression,"{'penalty': 'l2', 'C': 0.001, 'solver': 'lbfgs', 'class_weight': 'None'}",18,29834,0.6855,0.6457,0.6951,0.6342,0.2216
both_teams_20_games,era_adjusted_diff_only,LogisticRegression,"{'penalty': 'l2', 'C': 0.01, 'solver': 'lbfgs', 'class_weight': 'balanced'}",14,29834,0.6658,0.6423,0.6933,0.6342,0.2216
all_games,era_neutral_record,LogisticRegression,"{'penalty': 'l2', 'C': 0.001, 'solver': 'lbfgs', 'class_weight': 'None'}",9,38739,0.6752,0.6379,0.6947,0.6342,0.2221
all_games,era_neutral_record,LogisticRegression,"{'penalty': 'l1', 'C': 0.1, 'solver': 'liblinear', 'class_weight': 'None'}",9,38739,0.6755,0.6386,0.6944,0.6342,0.222
regular_season_only,era_adjusted_diff_only,RandomForest,"{'n_estimators': 300, 'max_depth': 8}",14,36251,0.7097,0.6446,0.6943,0.6343,0.2216
both_teams_20_games,era_adjusted_plus_playoff_context,LogisticRegression,"{'penalty': 'l2', 'C': 0.01, 'solver': 'lbfgs', 'class_weight': 'balanced'}",54,29834,0.6685,0.6427,0.6938,0.6343,0.2215
regular_season_only,era_adjusted_diff_only,HistGradientBoosting,"{'max_iter': 300, 'learning_rate': 0.05}",14,36251,0.6945,0.646,0.6936,0.6343,0.2218
both_teams_20_games,era_adjusted_core,LogisticRegression,"{'penalty': 'l1', 'C': 0.01, 'solver': 'liblinear', 'class_weight': 'None'}",42,29834,0.6863,0.6416,0.6946,0.6343,0.2216
all_games,era_neutral_record,LogisticRegression,"{'penalty': 'l1', 'C': 10, 'solver': 'liblinear', 'class_weight': 'None'}",9,38739,0.6756,0.6386,0.6946,0.6343,0.222
all_games,era_neutral_record,LogisticRegression,"{'penalty': 'l2', 'C': 10, 'solver': 'lbfgs', 'class_weight': 'None'}",9,38739,0.6755,0.639,0.6945,0.6343,0.222
all_games,era_neutral_record,LogisticRegression,"{'penalty': 'l2', 'C': 100, 'solver': 'lbfgs', 'class_weight': 'None'}",9,38739,0.6755,0.639,0.6945,0.6343,0.222
regular_season_only,era_adjusted_diff_plus_playoff_diff,RandomForest,"{'n_estimators': 300, 'max_depth': 8}",18,36251,0.7098,0.6475,0.6944,0.6343,0.2216
regular_season_only,era_adjusted_diff_plus_playoff_diff,HistGradientBoosting,"{'max_iter': 300, 'learning_rate': 0.05}",18,36251,0.6945,0.646,0.6936,0.6343,0.2218
both_teams_20_games,era_adjusted_diff_only,LogisticRegression,"{'penalty': 'l1', 'C': 0.1, 'solver': 'liblinear', 'class_weight': 'balanced'}",14,29834,0.6658,0.6434,0.6933,0.6343,0.2216
both_teams_20_games,era_adjusted_plus_playoff_context,LogisticRegression,"{'penalty': 'l1', 'C': 0.1, 'solver': 'liblinear', 'class_weight': 'balanced'}",54,29834,0.668,0.6431,0.6939,0.6343,0.2215
all_games,era_neutral_record,LogisticRegression,"{'penalty': 'l1', 'C': 1, 'solver': 'liblinear', 'class_weight': 'None'}",9,38739,0.6754,0.6383,0.6946,0.6343,0.222
all_games,era_neutral_record,LogisticRegression,"{'penalty': 'l2', 'C': 0.01, 'solver': 'lbfgs', 'class_weight': 'None'}",9,38739,0.6753,0.6379,0.6944,0.6343,0.2221
all_games,era_neutral_record,LogisticRegression,"{'penalty': 'l2', 'C': 1, 'solver': 'lbfgs', 'class_weight': 'None'}",9,38739,0.6755,0.639,0.6945,0.6343,0.222
playoffs_only,era_adjusted_plus_playoff_context,LogisticRegression,"{'penalty': 'l2', 'C': 0.001, 'solver': 'lbfgs', 'class_weight': 'balanced'}",54,2488,0.6254,0.6401,0.695,0.6343,0.2219
playoffs_only,era_adjusted_diff_only,LogisticRegression,"{'penalty': 'l2', 'C': 0.001, 'solver': 'lbfgs', 'class_weight': 'balanced'}",14,2488,0.6182,0.6397,0.6954,0.6343,0.222
all_games,era_neutral_record,LogisticRegression,"{'penalty': 'l2', 'C': 0.1, 'solver': 'lbfgs', 'class_weight': 'None'}",9,38739,0.6754,0.639,0.6944,0.6343,0.2221
all_games,era_adjusted_diff_only,RandomForest,"{'n_estimators': 300, 'max_depth': 8}",14,38739,0.7078,0.6438,0.6946,0.6344,0.2217
both_teams_20_games,era_adjusted_diff_plus_playoff_diff,LogisticRegression,"{'penalty': 'l1', 'C': 1, 'solver': 'liblinear', 'class_weight': 'balanced'}",18,29834,0.6655,0.6416,0.6932,0.6344,0.2217
both_teams_20_games,era_adjusted_diff_plus_playoff_diff,LogisticRegression,"{'penalty': 'l2', 'C': 0.1, 'solver': 'lbfgs', 'class_weight': 'balanced'}",18,29834,0.6653,0.6423,0.6932,0.6344,0.2217
both_teams_20_games,era_adjusted_diff_plus_playoff_diff,LogisticRegression,"{'penalty': 'l2', 'C': 10, 'solver': 'lbfgs', 'class_weight': 'balanced'}",18,29834,0.6655,0.6412,0.6931,0.6345,0.2218
both_teams_20_games,era_adjusted_core,LogisticRegression,"{'penalty': 'l1', 'C': 0.1, 'solver': 'liblinear', 'class_weight': 'balanced'}",42,29834,0.6677,0.6431,0.6935,0.6345,0.2216
both_teams_20_games,era_adjusted_diff_plus_playoff_diff,LogisticRegression,"{'penalty': 'l1', 'C': 0.01, 'solver': 'liblinear', 'class_weight': 'None'}",18,29834,0.6862,0.6457,0.6941,0.6345,0.2217
both_teams_20_games,era_adjusted_diff_plus_playoff_diff,LogisticRegression,"{'penalty': 'l1', 'C': 10, 'solver': 'liblinear', 'class_weight': 'balanced'}",18,29834,0.6656,0.642,0.6932,0.6345,0.2217
all_games,era_adjusted_core,HistGradientBoosting,"{'max_iter': 300, 'learning_rate': 0.05}",42,38739,0.7,0.6408,0.6944,0.6345,0.2218
both_teams_20_games,era_adjusted_diff_plus_playoff_diff,LogisticRegression,"{'penalty': 'l2', 'C': 1, 'solver': 'lbfgs', 'class_weight': 'balanced'}",18,29834,0.6655,0.6416,0.6931,0.6345,0.2217
both_teams_20_games,era_adjusted_diff_plus_playoff_diff,LogisticRegression,"{'penalty': 'l2', 'C': 100, 'solver': 'lbfgs', 'class_weight': 'balanced'}",18,29834,0.6655,0.6412,0.6931,0.6345,0.2218
both_teams_20_games,era_adjusted_core,LogisticRegression,"{'penalty': 'l2', 'C': 0.01, 'solver': 'lbfgs', 'class_weight': 'balanced'}",42,29834,0.6683,0.6434,0.6935,0.6345,0.2216
both_teams_20_games,era_adjusted_diff_only,LogisticRegression,"{'penalty': 'l1', 'C': 0.01, 'solver': 'liblinear', 'class_weight': 'None'}",14,29834,0.6862,0.6457,0.694,0.6346,0.2218
both_teams_20_games,era_adjusted_diff_only,LogisticRegression,"{'penalty': 'l2', 'C': 0.001, 'solver': 'lbfgs', 'class_weight': 'None'}",14,29834,0.6853,0.6442,0.6947,0.6346,0.2218
both_teams_20_games,era_adjusted_plus_playoff_context,RandomForest,"{'n_estimators': 300, 'max_depth': 8}",54,29834,0.726,0.6468,0.6953,0.6347,0.2217
both_teams_20_games,era_neutral_record,LogisticRegression,"{'penalty': 'l1', 'C': 0.01, 'solver': 'liblinear', 'class_weight': 'None'}",9,29834,0.6858,0.6427,0.6949,0.6347,0.2217
all_games,era_adjusted_diff_plus_playoff_diff,RandomForest,"{'n_estimators': 300, 'max_depth': 8}",18,38739,0.7067,0.6475,0.6939,0.6348,0.2218
both_teams_20_games,era_adjusted_diff_only,LogisticRegression,"{'penalty': 'l1', 'C': 1, 'solver': 'liblinear', 'class_weight': 'balanced'}",14,29834,0.6654,0.6416,0.6927,0.6348,0.2219
both_teams_20_games,era_adjusted_plus_playoff_context,LogisticRegression,"{'penalty': 'l1', 'C': 1, 'solver': 'liblinear', 'class_weight': 'balanced'}",54,29834,0.6687,0.6431,0.6933,0.6348,0.2217
both_teams_20_games,era_adjusted_diff_only,LogisticRegression,"{'penalty': 'l2', 'C': 0.1, 'solver': 'lbfgs', 'class_weight': 'balanced'}",14,29834,0.6652,0.6416,0.6927,0.6348,0.2219
both_teams_20_games,era_adjusted_plus_playoff_context,LogisticRegression,"{'penalty': 'l2', 'C': 0.1, 'solver': 'lbfgs', 'class_weight': 'balanced'}",54,29834,0.6682,0.6427,0.6933,0.6348,0.2217
both_teams_20_games,era_adjusted_diff_only,LogisticRegression,"{'penalty': 'l1', 'C': 10, 'solver': 'liblinear', 'class_weight': 'balanced'}",14,29834,0.6654,0.6412,0.6926,0.6349,0.2219
both_teams_20_games,era_neutral_record,LogisticRegression,"{'penalty': 'l2', 'C': 0.001, 'solver': 'lbfgs', 'class_weight': 'None'}",9,29834,0.686,0.6457,0.6953,0.6349,0.2219
both_teams_20_games,era_adjusted_plus_playoff_context,LogisticRegression,"{'penalty': 'l2', 'C': 1, 'solver': 'lbfgs', 'class_weight': 'balanced'}",54,29834,0.6683,0.6434,0.6932,0.6349,0.2217
both_teams_20_games,era_adjusted_plus_playoff_context,LogisticRegression,"{'penalty': 'l2', 'C': 100, 'solver': 'lbfgs', 'class_weight': 'balanced'}",54,29834,0.6684,0.6434,0.6932,0.6349,0.2217
both_teams_20_games,era_adjusted_plus_playoff_context,LogisticRegression,"{'penalty': 'l1', 'C': 10, 'solver': 'liblinear', 'class_weight': 'balanced'}",54,29834,0.6683,0.6431,0.6932,0.6349,0.2217
both_teams_20_games,era_adjusted_plus_playoff_context,LogisticRegression,"{'penalty': 'l2', 'C': 10, 'solver': 'lbfgs', 'class_weight': 'balanced'}",54,29834,0.6684,0.6434,0.6932,0.6349,0.2217
both_teams_20_games,era_adjusted_diff_only,LogisticRegression,"{'penalty': 'l2', 'C': 1, 'solver': 'lbfgs', 'class_weight': 'balanced'}",14,29834,0.6653,0.6412,0.6926,0.6349,0.2219
both_teams_20_games,era_adjusted_diff_only,LogisticRegression,"{'penalty': 'l2', 'C': 100, 'solver': 'lbfgs', 'class_weight': 'balanced'}",14,29834,0.6653,0.6412,0.6926,0.6349,0.2219
both_teams_20_games,era_adjusted_core,LogisticRegression,"{'penalty': 'l1', 'C': 1, 'solver': 'liblinear', 'class_weight': 'balanced'}",42,29834,0.6678,0.6442,0.693,0.6349,0.2218
both_teams_20_games,era_adjusted_diff_only,LogisticRegression,"{'penalty': 'l2', 'C': 10, 'solver': 'lbfgs', 'class_weight': 'balanced'}",14,29834,0.6653,0.6412,0.6926,0.6349,0.2219
both_teams_20_games,era_adjusted_core,LogisticRegression,"{'penalty': 'l1', 'C': 10, 'solver': 'liblinear', 'class_weight': 'balanced'}",42,29834,0.6681,0.6449,0.6928,0.635,0.2218
both_teams_20_games,minimal_era_adjusted_diff,LogisticRegression,"{'penalty': 'l2', 'C': 0.001, 'solver': 'lbfgs', 'class_weight': 'None'}",6,29834,0.6843,0.6457,0.6935,0.635,0.2219
both_teams_20_games,era_adjusted_core,LogisticRegression,"{'penalty': 'l2', 'C': 0.1, 'solver': 'lbfgs', 'class_weight': 'balanced'}",42,29834,0.6679,0.6446,0.693,0.635,0.2218
both_teams_20_games,era_adjusted_diff_plus_playoff_diff,LogisticRegression,"{'penalty': 'l1', 'C': 0.001, 'solver': 'liblinear', 'class_weight': 'balanced'}",18,29834,0.6573,0.6357,0.694,0.6351,0.2223
both_teams_20_games,era_adjusted_core,LogisticRegression,"{'penalty': 'l1', 'C': 0.001, 'solver': 'liblinear', 'class_weight': 'balanced'}",42,29834,0.6574,0.6357,0.6941,0.6351,0.2223
both_teams_20_games,era_adjusted_core,LogisticRegression,"{'penalty': 'l2', 'C': 100, 'solver': 'lbfgs', 'class_weight': 'balanced'}",42,29834,0.6679,0.6442,0.6927,0.6351,0.2218
both_teams_20_games,era_adjusted_diff_only,LogisticRegression,"{'penalty': 'l1', 'C': 0.001, 'solver': 'liblinear', 'class_weight': 'balanced'}",14,29834,0.6574,0.6357,0.6941,0.6351,0.2223
both_teams_20_games,era_adjusted_core,LogisticRegression,"{'penalty': 'l2', 'C': 1, 'solver': 'lbfgs', 'class_weight': 'balanced'}",42,29834,0.668,0.6442,0.6928,0.6351,0.2218
both_teams_20_games,era_adjusted_core,LogisticRegression,"{'penalty': 'l2', 'C': 10, 'solver': 'lbfgs', 'class_weight': 'balanced'}",42,29834,0.6677,0.6446,0.6928,0.6351,0.2218
both_teams_20_games,era_adjusted_plus_playoff_context,LogisticRegression,"{'penalty': 'l1', 'C': 0.001, 'solver': 'liblinear', 'class_weight': 'balanced'}",54,29834,0.6574,0.6357,0.6941,0.6351,0.2223
both_teams_20_games,minimal_era_adjusted_diff,LogisticRegression,"{'penalty': 'l2', 'C': 0.01, 'solver': 'lbfgs', 'class_weight': 'balanced'}",6,29834,0.6646,0.6379,0.6929,0.6352,0.2219
both_teams_20_games,minimal_era_adjusted_diff,LogisticRegression,"{'penalty': 'l1', 'C': 0.01, 'solver': 'liblinear', 'class_weight': 'balanced'}",6,29834,0.6634,0.6394,0.692,0.6352,0.2221
both_teams_20_games,era_adjusted_plus_playoff_context,LogisticRegression,"{'penalty': 'l2', 'C': 0.001, 'solver': 'lbfgs', 'class_weight': 'None'}",54,29834,0.6864,0.6438,0.6951,0.6352,0.2219
playoffs_only,era_neutral_record,LogisticRegression,"{'penalty': 'l2', 'C': 0.001, 'solver': 'lbfgs', 'class_weight': 'balanced'}",9,2488,0.6198,0.6371,0.6949,0.6353,0.2223
all_games,era_adjusted_diff_only,HistGradientBoosting,"{'max_iter': 300, 'learning_rate': 0.05}",14,38739,0.6935,0.6449,0.6923,0.6354,0.2222
both_teams_20_games,minimal_era_adjusted_diff,LogisticRegression,"{'penalty': 'l2', 'C': 0.1, 'solver': 'lbfgs', 'class_weight': 'balanced'}",6,29834,0.6644,0.6379,0.6928,0.6354,0.222
both_teams_20_games,minimal_era_adjusted_diff,LogisticRegression,"{'penalty': 'l2', 'C': 100, 'solver': 'lbfgs', 'class_weight': 'balanced'}",6,29834,0.6647,0.6379,0.6927,0.6354,0.222
both_teams_20_games,minimal_era_adjusted_diff,LogisticRegression,"{'penalty': 'l2', 'C': 10, 'solver': 'lbfgs', 'class_weight': 'balanced'}",6,29834,0.6647,0.6379,0.6927,0.6354,0.222
both_teams_20_games,minimal_era_adjusted_diff,LogisticRegression,"{'penalty': 'l1', 'C': 0.1, 'solver': 'liblinear', 'class_weight': 'balanced'}",6,29834,0.6647,0.6375,0.6927,0.6354,0.222
both_teams_20_games,minimal_era_adjusted_diff,LogisticRegression,"{'penalty': 'l2', 'C': 1, 'solver': 'lbfgs', 'class_weight': 'balanced'}",6,29834,0.6646,0.6379,0.6927,0.6354,0.222
both_teams_20_games,era_neutral_record,LogisticRegression,"{'penalty': 'l1', 'C': 0.001, 'solver': 'liblinear', 'class_weight': 'balanced'}",9,29834,0.6566,0.6353,0.694,0.6354,0.2224
both_teams_20_games,minimal_era_adjusted_diff,LogisticRegression,"{'penalty': 'l1', 'C': 10, 'solver': 'liblinear', 'class_weight': 'balanced'}",6,29834,0.6646,0.6379,0.6927,0.6355,0.2221
both_teams_20_games,minimal_era_adjusted_diff,LogisticRegression,"{'penalty': 'l1', 'C': 1, 'solver': 'liblinear', 'class_weight': 'balanced'}",6,29834,0.6646,0.6379,0.6927,0.6355,0.2221
both_teams_20_games,era_adjusted_core,LogisticRegression,"{'penalty': 'l2', 'C': 0.001, 'solver': 'lbfgs', 'class_weight': 'None'}",42,29834,0.6855,0.6431,0.6947,0.6355,0.2221
all_games,era_neutral_record,HistGradientBoosting,"{'max_iter': 300, 'learning_rate': 0.05}",9,38739,0.688,0.6434,0.695,0.6355,0.2222
all_games,era_adjusted_plus_playoff_context,HistGradientBoosting,"{'max_iter': 300, 'learning_rate': 0.05}",54,38739,0.7054,0.6446,0.6935,0.6356,0.2222
both_teams_20_games,era_neutral_record,LogisticRegression,"{'penalty': 'l2', 'C': 0.01, 'solver': 'lbfgs', 'class_weight': 'None'}",9,29834,0.6855,0.6449,0.695,0.6358,0.2221
all_games,minimal_era_adjusted_diff,HistGradientBoosting,"{'max_iter': 300, 'learning_rate': 0.05}",6,38739,0.6885,0.6431,0.6913,0.636,0.2225
both_teams_20_games,era_neutral_record,LogisticRegression,"{'penalty': 'l2', 'C': 0.1, 'solver': 'lbfgs', 'class_weight': 'None'}",9,29834,0.6856,0.6442,0.695,0.6361,0.2222
both_teams_20_games,minimal_era_adjusted_diff,LogisticRegression,"{'penalty': 'l1', 'C': 0.01, 'solver': 'liblinear', 'class_weight': 'None'}",6,29834,0.6839,0.646,0.692,0.6361,0.2223
both_teams_20_games,era_neutral_record,LogisticRegression,"{'penalty': 'l1', 'C': 0.1, 'solver': 'liblinear', 'class_weight': 'None'}",9,29834,0.6857,0.6427,0.695,0.6361,0.2222
both_teams_20_games,era_adjusted_diff_plus_playoff_diff,RandomForest,"{'n_estimators': 300, 'max_depth': 8}",18,29834,0.7154,0.6464,0.694,0.6362,0.2221
both_teams_20_games,minimal_era_adjusted_diff,LogisticRegression,"{'penalty': 'l1', 'C': 0.001, 'solver': 'liblinear', 'class_weight': 'balanced'}",6,29834,0.6575,0.6319,0.6917,0.6362,0.2228
both_teams_20_games,era_adjusted_diff_plus_playoff_diff,LogisticRegression,"{'penalty': 'l1', 'C': 0.1, 'solver': 'liblinear', 'class_weight': 'None'}",18,29834,0.6861,0.6408,0.694,0.6363,0.2223
both_teams_20_games,era_neutral_record,LogisticRegression,"{'penalty': 'l2', 'C': 100, 'solver': 'lbfgs', 'class_weight': 'None'}",9,29834,0.6859,0.6431,0.695,0.6363,0.2223
both_teams_20_games,era_neutral_record,LogisticRegression,"{'penalty': 'l2', 'C': 10, 'solver': 'lbfgs', 'class_weight': 'None'}",9,29834,0.686,0.6431,0.695,0.6363,0.2223
both_teams_20_games,era_neutral_record,LogisticRegression,"{'penalty': 'l1', 'C': 1, 'solver': 'liblinear', 'class_weight': 'None'}",9,29834,0.6858,0.6434,0.695,0.6363,0.2222
both_teams_20_games,era_neutral_record,LogisticRegression,"{'penalty': 'l1', 'C': 10, 'solver': 'liblinear', 'class_weight': 'None'}",9,29834,0.6859,0.6438,0.695,0.6363,0.2222
both_teams_20_games,era_adjusted_diff_plus_playoff_diff,LogisticRegression,"{'penalty': 'l2', 'C': 0.01, 'solver': 'lbfgs', 'class_weight': 'None'}",18,29834,0.6861,0.6405,0.694,0.6363,0.2223
both_teams_20_games,era_neutral_record,LogisticRegression,"{'penalty': 'l2', 'C': 1, 'solver': 'lbfgs', 'class_weight': 'None'}",9,29834,0.686,0.6434,0.695,0.6363,0.2223
regular_season_only,minimal_era_adjusted_diff,RandomForest,"{'n_estimators': 300, 'max_depth': 8}",6,36251,0.7024,0.6494,0.6916,0.6364,0.2224
regular_season_only,minimal_era_adjusted_diff,HistGradientBoosting,"{'max_iter': 300, 'learning_rate': 0.05}",6,36251,0.6909,0.6464,0.69,0.6364,0.2226
regular_season_only,era_adjusted_plus_playoff_context,HistGradientBoosting,"{'max_iter': 300, 'learning_rate': 0.05}",54,36251,0.7011,0.6423,0.6914,0.6365,0.2227
regular_season_only,era_adjusted_core,HistGradientBoosting,"{'max_iter': 300, 'learning_rate': 0.05}",42,36251,0.7011,0.6423,0.6914,0.6365,0.2227
all_games,era_adjusted_core,LogisticRegression,"{'penalty': 'l1', 'C': 0.001, 'solver': 'liblinear', 'class_weight': 'balanced'}",42,38739,0.6504,0.6368,0.6936,0.6365,0.2229
all_games,era_adjusted_diff_plus_playoff_diff,LogisticRegression,"{'penalty': 'l1', 'C': 0.001, 'solver': 'liblinear', 'class_weight': 'balanced'}",18,38739,0.6503,0.6368,0.6936,0.6365,0.2229
all_games,era_adjusted_plus_playoff_context,LogisticRegression,"{'penalty': 'l1', 'C': 0.001, 'solver': 'liblinear', 'class_weight': 'balanced'}",54,38739,0.6504,0.6368,0.6936,0.6365,0.2229
all_games,era_adjusted_diff_only,LogisticRegression,"{'penalty': 'l1', 'C': 0.001, 'solver': 'liblinear', 'class_weight': 'balanced'}",14,38739,0.6504,0.6368,0.6936,0.6365,0.2229
both_teams_20_games,era_adjusted_diff_only,LogisticRegression,"{'penalty': 'l1', 'C': 0.1, 'solver': 'liblinear', 'class_weight': 'None'}",14,29834,0.686,0.6416,0.6934,0.6366,0.2225
both_teams_20_games,era_adjusted_diff_only,RandomForest,"{'n_estimators': 300, 'max_depth': 8}",14,29834,0.7156,0.6486,0.694,0.6366,0.2223
both_teams_20_games,era_adjusted_plus_playoff_context,HistGradientBoosting,"{'max_iter': 300, 'learning_rate': 0.05}",54,29834,0.7136,0.6412,0.6934,0.6367,0.2227
both_teams_20_games,era_adjusted_diff_only,LogisticRegression,"{'penalty': 'l2', 'C': 0.01, 'solver': 'lbfgs', 'class_weight': 'None'}",14,29834,0.6858,0.6405,0.6934,0.6367,0.2225
regular_season_only,era_adjusted_diff_plus_playoff_diff,LogisticRegression,"{'penalty': 'l1', 'C': 0.001, 'solver': 'liblinear', 'class_weight': 'balanced'}",18,36251,0.6528,0.6375,0.6935,0.6368,0.223
regular_season_only,era_adjusted_core,LogisticRegression,"{'penalty': 'l1', 'C': 0.001, 'solver': 'liblinear', 'class_weight': 'balanced'}",42,36251,0.6528,0.6371,0.6936,0.6368,0.223
regular_season_only,era_adjusted_plus_playoff_context,LogisticRegression,"{'penalty': 'l1', 'C': 0.001, 'solver': 'liblinear', 'class_weight': 'balanced'}",54,36251,0.6528,0.6371,0.6936,0.6368,0.223
regular_season_only,era_adjusted_diff_only,LogisticRegression,"{'penalty': 'l1', 'C': 0.001, 'solver': 'liblinear', 'class_weight': 'balanced'}",14,36251,0.6528,0.6371,0.6935,0.6368,0.223
all_games,era_neutral_record,LogisticRegression,"{'penalty': 'l1', 'C': 0.001, 'solver': 'liblinear', 'class_weight': 'balanced'}",9,38739,0.6499,0.6338,0.6935,0.6369,0.223
both_teams_20_games,era_adjusted_diff_plus_playoff_diff,LogisticRegression,"{'penalty': 'l1', 'C': 1, 'solver': 'liblinear', 'class_weight': 'None'}",18,29834,0.6862,0.6405,0.6933,0.6369,0.2226
both_teams_20_games,era_adjusted_diff_plus_playoff_diff,LogisticRegression,"{'penalty': 'l2', 'C': 0.1, 'solver': 'lbfgs', 'class_weight': 'None'}",18,29834,0.6863,0.6405,0.6934,0.6369,0.2226
all_games,minimal_era_adjusted_diff,RandomForest,"{'n_estimators': 300, 'max_depth': 8}",6,38739,0.7003,0.649,0.6914,0.6369,0.2226
both_teams_20_games,era_adjusted_plus_playoff_context,LogisticRegression,"{'penalty': 'l1', 'C': 0.1, 'solver': 'liblinear', 'class_weight': 'None'}",54,29834,0.6868,0.6416,0.6941,0.6369,0.2225
both_teams_20_games,era_adjusted_diff_plus_playoff_diff,LogisticRegression,"{'penalty': 'l2', 'C': 1, 'solver': 'lbfgs', 'class_weight': 'None'}",18,29834,0.6864,0.6412,0.6933,0.637,0.2226
both_teams_20_games,era_adjusted_diff_plus_playoff_diff,LogisticRegression,"{'penalty': 'l2', 'C': 10, 'solver': 'lbfgs', 'class_weight': 'None'}",18,29834,0.6865,0.6412,0.6933,0.637,0.2226
both_teams_20_games,era_adjusted_diff_plus_playoff_diff,LogisticRegression,"{'penalty': 'l2', 'C': 100, 'solver': 'lbfgs', 'class_weight': 'None'}",18,29834,0.6865,0.6412,0.6933,0.637,0.2226
regular_season_only,era_neutral_record,RandomForest,"{'n_estimators': 300, 'max_depth': 8}",9,36251,0.7107,0.6434,0.6926,0.637,0.2227
both_teams_20_games,era_adjusted_diff_plus_playoff_diff,LogisticRegression,"{'penalty': 'l1', 'C': 10, 'solver': 'liblinear', 'class_weight': 'None'}",18,29834,0.6863,0.6416,0.6933,0.637,0.2226
all_games,era_neutral_record,RandomForest,"{'n_estimators': 300, 'max_depth': 8}",9,38739,0.7075,0.6408,0.693,0.6371,0.2228
regular_season_only,era_neutral_record,LogisticRegression,"{'penalty': 'l1', 'C': 0.001, 'solver': 'liblinear', 'class_weight': 'balanced'}",9,36251,0.653,0.6353,0.6934,0.6371,0.2231
both_teams_20_games,era_adjusted_core,LogisticRegression,"{'penalty': 'l1', 'C': 0.1, 'solver': 'liblinear', 'class_weight': 'None'}",42,29834,0.6866,0.6412,0.6937,0.6372,0.2227
all_games,minimal_era_adjusted_diff,LogisticRegression,"{'penalty': 'l1', 'C': 0.001, 'solver': 'liblinear', 'class_weight': 'balanced'}",6,38739,0.6501,0.6334,0.6917,0.6372,0.2232
regular_season_only,minimal_era_adjusted_diff,LogisticRegression,"{'penalty': 'l1', 'C': 0.001, 'solver': 'liblinear', 'class_weight': 'balanced'}",6,36251,0.6536,0.6353,0.6917,0.6373,0.2233
playoffs_only,era_adjusted_core,LogisticRegression,"{'penalty': 'l2', 'C': 0.001, 'solver': 'lbfgs', 'class_weight': 'balanced'}",42,2488,0.6214,0.6368,0.6943,0.6374,0.2232
both_teams_20_games,era_adjusted_diff_only,LogisticRegression,"{'penalty': 'l2', 'C': 0.1, 'solver': 'lbfgs', 'class_weight': 'None'}",14,29834,0.6862,0.6408,0.6928,0.6374,0.2228
both_teams_20_games,era_adjusted_diff_only,LogisticRegression,"{'penalty': 'l1', 'C': 1, 'solver': 'liblinear', 'class_weight': 'None'}",14,29834,0.6862,0.6408,0.6928,0.6374,0.2228
both_teams_20_games,minimal_era_adjusted_diff,LogisticRegression,"{'penalty': 'l2', 'C': 0.01, 'solver': 'lbfgs', 'class_weight': 'None'}",6,29834,0.6844,0.6483,0.6929,0.6374,0.2226
both_teams_20_games,era_adjusted_plus_playoff_context,LogisticRegression,"{'penalty': 'l2', 'C': 0.01, 'solver': 'lbfgs', 'class_weight': 'None'}",54,29834,0.6867,0.642,0.6939,0.6374,0.2227
both_teams_20_games,era_adjusted_diff_only,LogisticRegression,"{'penalty': 'l1', 'C': 10, 'solver': 'liblinear', 'class_weight': 'None'}",14,29834,0.6862,0.6416,0.6927,0.6375,0.2228
both_teams_20_games,era_adjusted_diff_only,LogisticRegression,"{'penalty': 'l2', 'C': 100, 'solver': 'lbfgs', 'class_weight': 'None'}",14,29834,0.6862,0.6412,0.6927,0.6375,0.2228
both_teams_20_games,era_adjusted_diff_only,LogisticRegression,"{'penalty': 'l2', 'C': 1, 'solver': 'lbfgs', 'class_weight': 'None'}",14,29834,0.6862,0.6416,0.6927,0.6375,0.2228
both_teams_20_games,era_adjusted_diff_only,LogisticRegression,"{'penalty': 'l2', 'C': 10, 'solver': 'lbfgs', 'class_weight': 'None'}",14,29834,0.6862,0.6412,0.6927,0.6375,0.2228
all_games,era_adjusted_diff_plus_playoff_diff,HistGradientBoosting,"{'max_iter': 300, 'learning_rate': 0.05}",18,38739,0.6993,0.6423,0.6904,0.6375,0.223
both_teams_20_games,minimal_era_adjusted_diff,LogisticRegression,"{'penalty': 'l1', 'C': 0.1, 'solver': 'liblinear', 'class_weight': 'None'}",6,29834,0.6845,0.6483,0.6927,0.6376,0.2227
both_teams_20_games,era_adjusted_core,LogisticRegression,"{'penalty': 'l2', 'C': 0.01, 'solver': 'lbfgs', 'class_weight': 'None'}",42,29834,0.6868,0.6401,0.6935,0.6376,0.2228
both_teams_20_games,minimal_era_adjusted_diff,LogisticRegression,"{'penalty': 'l1', 'C': 1, 'solver': 'liblinear', 'class_weight': 'None'}",6,29834,0.6848,0.6479,0.6927,0.6378,0.2227
both_teams_20_games,minimal_era_adjusted_diff,LogisticRegression,"{'penalty': 'l1', 'C': 10, 'solver': 'liblinear', 'class_weight': 'None'}",6,29834,0.6848,0.6479,0.6927,0.6378,0.2227
regular_season_only,era_neutral_record,HistGradientBoosting,"{'max_iter': 300, 'learning_rate': 0.05}",9,36251,0.6931,0.6408,0.691,0.6379,0.2232
both_teams_20_games,minimal_era_adjusted_diff,LogisticRegression,"{'penalty': 'l2', 'C': 1, 'solver': 'lbfgs', 'class_weight': 'None'}",6,29834,0.6848,0.6483,0.6928,0.6379,0.2228
both_teams_20_games,minimal_era_adjusted_diff,LogisticRegression,"{'penalty': 'l2', 'C': 10, 'solver': 'lbfgs', 'class_weight': 'None'}",6,29834,0.6848,0.6483,0.6928,0.6379,0.2228
both_teams_20_games,minimal_era_adjusted_diff,LogisticRegression,"{'penalty': 'l2', 'C': 0.1, 'solver': 'lbfgs', 'class_weight': 'None'}",6,29834,0.6847,0.6483,0.6928,0.6379,0.2228
both_teams_20_games,era_adjusted_plus_playoff_context,LogisticRegression,"{'penalty': 'l2', 'C': 0.1, 'solver': 'lbfgs', 'class_weight': 'None'}",54,29834,0.6863,0.6401,0.6936,0.6379,0.2229
both_teams_20_games,era_adjusted_core,HistGradientBoosting,"{'max_iter': 300, 'learning_rate': 0.05}",42,29834,0.7143,0.6405,0.693,0.6379,0.2231
both_teams_20_games,minimal_era_adjusted_diff,LogisticRegression,"{'penalty': 'l2', 'C': 100, 'solver': 'lbfgs', 'class_weight': 'None'}",6,29834,0.6848,0.6483,0.6928,0.6379,0.2228
both_teams_20_games,era_adjusted_plus_playoff_context,LogisticRegression,"{'penalty': 'l1', 'C': 1, 'solver': 'liblinear', 'class_weight': 'None'}",54,29834,0.6869,0.6386,0.6935,0.638,0.223
both_teams_20_games,era_adjusted_plus_playoff_context,LogisticRegression,"{'penalty': 'l2', 'C': 10, 'solver': 'lbfgs', 'class_weight': 'None'}",54,29834,0.6868,0.6379,0.6934,0.6381,0.223
both_teams_20_games,era_adjusted_plus_playoff_context,LogisticRegression,"{'penalty': 'l2', 'C': 100, 'solver': 'lbfgs', 'class_weight': 'None'}",54,29834,0.6869,0.6379,0.6934,0.6381,0.223
both_teams_20_games,era_adjusted_plus_playoff_context,LogisticRegression,"{'penalty': 'l1', 'C': 10, 'solver': 'liblinear', 'class_weight': 'None'}",54,29834,0.6869,0.6386,0.6934,0.6381,0.223
both_teams_20_games,era_adjusted_plus_playoff_context,LogisticRegression,"{'penalty': 'l2', 'C': 1, 'solver': 'lbfgs', 'class_weight': 'None'}",54,29834,0.6868,0.6379,0.6934,0.6381,0.223
playoffs_only,era_adjusted_core,LogisticRegression,"{'penalty': 'l2', 'C': 0.001, 'solver': 'lbfgs', 'class_weight': 'None'}",42,2488,0.6756,0.636,0.6944,0.6382,0.2237
both_teams_20_games,era_adjusted_diff_only,HistGradientBoosting,"{'max_iter': 300, 'learning_rate': 0.05}",14,29834,0.7032,0.6457,0.6914,0.6382,0.2233
both_teams_20_games,era_adjusted_core,LogisticRegression,"{'penalty': 'l2', 'C': 0.1, 'solver': 'lbfgs', 'class_weight': 'None'}",42,29834,0.6863,0.6386,0.6931,0.6382,0.2231
both_teams_20_games,era_adjusted_core,LogisticRegression,"{'penalty': 'l1', 'C': 1, 'solver': 'liblinear', 'class_weight': 'None'}",42,29834,0.6864,0.6394,0.693,0.6383,0.2231
both_teams_20_games,minimal_era_adjusted_diff,HistGradientBoosting,"{'max_iter': 300, 'learning_rate': 0.05}",6,29834,0.7033,0.6457,0.6896,0.6383,0.2233
both_teams_20_games,era_adjusted_core,LogisticRegression,"{'penalty': 'l2', 'C': 100, 'solver': 'lbfgs', 'class_weight': 'None'}",42,29834,0.6866,0.6375,0.6929,0.6384,0.2232
both_teams_20_games,era_adjusted_core,LogisticRegression,"{'penalty': 'l2', 'C': 1, 'solver': 'lbfgs', 'class_weight': 'None'}",42,29834,0.6865,0.6375,0.6929,0.6384,0.2231
playoffs_only,era_neutral_record,LogisticRegression,"{'penalty': 'l1', 'C': 0.01, 'solver': 'liblinear', 'class_weight': 'balanced'}",9,2488,0.6145,0.6397,0.6947,0.6384,0.2237
both_teams_20_games,era_adjusted_core,LogisticRegression,"{'penalty': 'l2', 'C': 10, 'solver': 'lbfgs', 'class_weight': 'None'}",42,29834,0.6865,0.6375,0.6929,0.6384,0.2232
both_teams_20_games,era_adjusted_core,LogisticRegression,"{'penalty': 'l1', 'C': 10, 'solver': 'liblinear', 'class_weight': 'None'}",42,29834,0.6863,0.6386,0.6929,0.6384,0.2231
both_teams_20_games,minimal_era_adjusted_diff,RandomForest,"{'n_estimators': 300, 'max_depth': 8}",6,29834,0.7106,0.6501,0.6917,0.6386,0.2229
playoffs_only,era_adjusted_plus_playoff_context,LogisticRegression,"{'penalty': 'l1', 'C': 0.01, 'solver': 'liblinear', 'class_weight': 'balanced'}",54,2488,0.619,0.6405,0.6944,0.6386,0.2238
playoffs_only,era_adjusted_diff_plus_playoff_diff,LogisticRegression,"{'penalty': 'l1', 'C': 0.01, 'solver': 'liblinear', 'class_weight': 'balanced'}",18,2488,0.619,0.6408,0.6944,0.6386,0.2238
playoffs_only,era_adjusted_core,LogisticRegression,"{'penalty': 'l1', 'C': 0.01, 'solver': 'liblinear', 'class_weight': 'balanced'}",42,2488,0.619,0.6408,0.6944,0.6386,0.2238
playoffs_only,era_adjusted_diff_only,LogisticRegression,"{'penalty': 'l1', 'C': 0.01, 'solver': 'liblinear', 'class_weight': 'balanced'}",14,2488,0.619,0.6412,0.6944,0.6386,0.2238
playoffs_only,minimal_era_adjusted_diff,LogisticRegression,"{'penalty': 'l1', 'C': 0.01, 'solver': 'liblinear', 'class_weight': 'balanced'}",6,2488,0.5997,0.6327,0.6917,0.6388,0.224
playoffs_only,minimal_era_adjusted_diff,LogisticRegression,"{'penalty': 'l2', 'C': 0.001, 'solver': 'lbfgs', 'class_weight': 'balanced'}",6,2488,0.6069,0.6371,0.6938,0.6388,0.2239
playoffs_only,minimal_era_adjusted_diff,LogisticRegression,"{'penalty': 'l2', 'C': 0.01, 'solver': 'lbfgs', 'class_weight': 'balanced'}",6,2488,0.6154,0.6338,0.6925,0.6389,0.2237
both_teams_20_games,era_neutral_record,HistGradientBoosting,"{'max_iter': 300, 'learning_rate': 0.05}",9,29834,0.7021,0.6345,0.6903,0.6389,0.2236
both_teams_20_games,era_adjusted_diff_plus_playoff_diff,HistGradientBoosting,"{'max_iter': 300, 'learning_rate': 0.05}",18,29834,0.7032,0.6449,0.6897,0.6393,0.2238
both_teams_20_games,era_neutral_record,RandomForest,"{'n_estimators': 300, 'max_depth': 8}",9,29834,0.7149,0.6427,0.6923,0.6396,0.2234
playoffs_only,era_neutral_record,LogisticRegression,"{'penalty': 'l2', 'C': 0.001, 'solver': 'lbfgs', 'class_weight': 'None'}",9,2488,0.6708,0.6312,0.6949,0.64,0.2245
playoffs_only,era_adjusted_plus_playoff_context,LogisticRegression,"{'penalty': 'l2', 'C': 0.001, 'solver': 'lbfgs', 'class_weight': 'None'}",54,2488,0.6768,0.6338,0.6949,0.6404,0.2248
playoffs_only,era_neutral_record,LogisticRegression,"{'penalty': 'l1', 'C': 0.1, 'solver': 'liblinear', 'class_weight': 'None'}",9,2488,0.6813,0.6386,0.6955,0.6406,0.2237
playoffs_only,era_adjusted_diff_only,LogisticRegression,"{'penalty': 'l2', 'C': 0.001, 'solver': 'lbfgs', 'class_weight': 'None'}",14,2488,0.6688,0.6282,0.6954,0.6409,0.2253
playoffs_only,era_neutral_record,LogisticRegression,"{'penalty': 'l2', 'C': 0.01, 'solver': 'lbfgs', 'class_weight': 'balanced'}",9,2488,0.6186,0.6386,0.6955,0.6415,0.2242
playoffs_only,era_adjusted_plus_playoff_context,RandomForest,"{'n_estimators': 300, 'max_depth': 8}",54,2488,0.8123,0.6431,0.6809,0.6417,0.225
playoffs_only,era_neutral_record,LogisticRegression,"{'penalty': 'l1', 'C': 1, 'solver': 'liblinear', 'class_weight': 'None'}",9,2488,0.6841,0.6412,0.6953,0.6417,0.2239
playoffs_only,era_adjusted_diff_plus_playoff_diff,LogisticRegression,"{'penalty': 'l2', 'C': 0.01, 'solver': 'lbfgs', 'class_weight': 'balanced'}",18,2488,0.6266,0.6394,0.6937,0.6417,0.2244
playoffs_only,era_neutral_record,LogisticRegression,"{'penalty': 'l2', 'C': 100, 'solver': 'lbfgs', 'class_weight': 'None'}",9,2488,0.6841,0.6412,0.6952,0.6418,0.224
playoffs_only,era_neutral_record,LogisticRegression,"{'penalty': 'l2', 'C': 10, 'solver': 'lbfgs', 'class_weight': 'None'}",9,2488,0.6841,0.6412,0.6952,0.6418,0.224
playoffs_only,era_neutral_record,LogisticRegression,"{'penalty': 'l1', 'C': 10, 'solver': 'liblinear', 'class_weight': 'None'}",9,2488,0.6841,0.6408,0.6952,0.6419,0.224
playoffs_only,era_neutral_record,LogisticRegression,"{'penalty': 'l2', 'C': 1, 'solver': 'lbfgs', 'class_weight': 'None'}",9,2488,0.6841,0.6401,0.6952,0.642,0.224
playoffs_only,era_adjusted_diff_plus_playoff_diff,LogisticRegression,"{'penalty': 'l2', 'C': 0.001, 'solver': 'lbfgs', 'class_weight': 'None'}",18,2488,0.6692,0.6208,0.6959,0.6421,0.2259
playoffs_only,era_adjusted_plus_playoff_context,LogisticRegression,"{'penalty': 'l1', 'C': 0.1, 'solver': 'liblinear', 'class_weight': 'None'}",54,2488,0.6841,0.639,0.6921,0.6422,0.2242
playoffs_only,era_neutral_record,LogisticRegression,"{'penalty': 'l2', 'C': 0.01, 'solver': 'lbfgs', 'class_weight': 'None'}",9,2488,0.6797,0.6397,0.6955,0.6422,0.2242
playoffs_only,era_neutral_record,LogisticRegression,"{'penalty': 'l2', 'C': 0.1, 'solver': 'lbfgs', 'class_weight': 'None'}",9,2488,0.6821,0.6397,0.6955,0.6423,0.2241
playoffs_only,era_adjusted_core,RandomForest,"{'n_estimators': 300, 'max_depth': 8}",42,2488,0.7769,0.6371,0.678,0.6424,0.2254
playoffs_only,minimal_era_adjusted_diff,LogisticRegression,"{'penalty': 'l2', 'C': 0.01, 'solver': 'lbfgs', 'class_weight': 'None'}",6,2488,0.6833,0.639,0.6925,0.6425,0.2248
playoffs_only,minimal_era_adjusted_diff,LogisticRegression,"{'penalty': 'l1', 'C': 0.1, 'solver': 'liblinear', 'class_weight': 'balanced'}",6,2488,0.6093,0.6338,0.6915,0.6426,0.2251
playoffs_only,era_adjusted_diff_only,LogisticRegression,"{'penalty': 'l2', 'C': 0.01, 'solver': 'lbfgs', 'class_weight': 'balanced'}",14,2488,0.6266,0.6386,0.6935,0.6429,0.2248
playoffs_only,minimal_era_adjusted_diff,LogisticRegression,"{'penalty': 'l2', 'C': 0.1, 'solver': 'lbfgs', 'class_weight': 'balanced'}",6,2488,0.6133,0.636,0.6916,0.6429,0.2251
playoffs_only,minimal_era_adjusted_diff,LogisticRegression,"{'penalty': 'l1', 'C': 10, 'solver': 'liblinear', 'class_weight': 'balanced'}",6,2488,0.6141,0.6334,0.6911,0.643,0.2252
playoffs_only,minimal_era_adjusted_diff,LogisticRegression,"{'penalty': 'l2', 'C': 100, 'solver': 'lbfgs', 'class_weight': 'balanced'}",6,2488,0.6141,0.6334,0.691,0.643,0.2252
playoffs_only,minimal_era_adjusted_diff,LogisticRegression,"{'penalty': 'l2', 'C': 10, 'solver': 'lbfgs', 'class_weight': 'balanced'}",6,2488,0.6141,0.6334,0.691,0.643,0.2252
playoffs_only,minimal_era_adjusted_diff,LogisticRegression,"{'penalty': 'l2', 'C': 1, 'solver': 'lbfgs', 'class_weight': 'balanced'}",6,2488,0.6137,0.6331,0.6911,0.643,0.2252
playoffs_only,era_neutral_record,LogisticRegression,"{'penalty': 'l1', 'C': 0.1, 'solver': 'liblinear', 'class_weight': 'balanced'}",9,2488,0.6198,0.6397,0.6955,0.6433,0.2249
playoffs_only,minimal_era_adjusted_diff,LogisticRegression,"{'penalty': 'l1', 'C': 0.1, 'solver': 'liblinear', 'class_weight': 'None'}",6,2488,0.6825,0.6371,0.6916,0.6433,0.2249
playoffs_only,minimal_era_adjusted_diff,LogisticRegression,"{'penalty': 'l1', 'C': 1, 'solver': 'liblinear', 'class_weight': 'balanced'}",6,2488,0.6121,0.6353,0.6913,0.6435,0.2253
playoffs_only,era_adjusted_core,LogisticRegression,"{'penalty': 'l1', 'C': 0.1, 'solver': 'liblinear', 'class_weight': 'None'}",42,2488,0.6809,0.6386,0.6919,0.6435,0.2246
playoffs_only,era_adjusted_diff_plus_playoff_diff,LogisticRegression,"{'penalty': 'l2', 'C': 0.01, 'solver': 'lbfgs', 'class_weight': 'None'}",18,2488,0.6837,0.6342,0.6938,0.6444,0.2253
playoffs_only,era_neutral_record,LogisticRegression,"{'penalty': 'l2', 'C': 0.1, 'solver': 'lbfgs', 'class_weight': 'balanced'}",9,2488,0.621,0.6427,0.6955,0.6449,0.2254
playoffs_only,era_neutral_record,LogisticRegression,"{'penalty': 'l1', 'C': 1, 'solver': 'liblinear', 'class_weight': 'balanced'}",9,2488,0.621,0.639,0.6953,0.6451,0.2255
playoffs_only,era_neutral_record,LogisticRegression,"{'penalty': 'l2', 'C': 10, 'solver': 'lbfgs', 'class_weight': 'balanced'}",9,2488,0.6206,0.6394,0.6952,0.6452,0.2255
playoffs_only,era_neutral_record,LogisticRegression,"{'penalty': 'l2', 'C': 100, 'solver': 'lbfgs', 'class_weight': 'balanced'}",9,2488,0.6206,0.6394,0.6952,0.6452,0.2255
playoffs_only,era_adjusted_diff_plus_playoff_diff,LogisticRegression,"{'penalty': 'l1', 'C': 0.1, 'solver': 'liblinear', 'class_weight': 'None'}",18,2488,0.6829,0.6383,0.6937,0.6452,0.2253
playoffs_only,era_adjusted_diff_only,LogisticRegression,"{'penalty': 'l2', 'C': 0.01, 'solver': 'lbfgs', 'class_weight': 'None'}",14,2488,0.6781,0.6334,0.6935,0.6453,0.2255
playoffs_only,era_neutral_record,LogisticRegression,"{'penalty': 'l1', 'C': 10, 'solver': 'liblinear', 'class_weight': 'balanced'}",9,2488,0.6206,0.6401,0.6953,0.6453,0.2255
playoffs_only,era_neutral_record,LogisticRegression,"{'penalty': 'l2', 'C': 1, 'solver': 'lbfgs', 'class_weight': 'balanced'}",9,2488,0.6202,0.6401,0.6953,0.6453,0.2255
playoffs_only,era_adjusted_diff_only,LogisticRegression,"{'penalty': 'l1', 'C': 0.1, 'solver': 'liblinear', 'class_weight': 'None'}",14,2488,0.6841,0.6394,0.6936,0.6456,0.2253
playoffs_only,minimal_era_adjusted_diff,LogisticRegression,"{'penalty': 'l2', 'C': 0.1, 'solver': 'lbfgs', 'class_weight': 'None'}",6,2488,0.6833,0.6383,0.6916,0.6459,0.2257
playoffs_only,minimal_era_adjusted_diff,LogisticRegression,"{'penalty': 'l1', 'C': 1, 'solver': 'liblinear', 'class_weight': 'None'}",6,2488,0.6825,0.6386,0.6912,0.6461,0.2258
playoffs_only,era_adjusted_diff_only,LogisticRegression,"{'penalty': 'l1', 'C': 0.1, 'solver': 'liblinear', 'class_weight': 'balanced'}",14,2488,0.6274,0.6383,0.6936,0.6463,0.2258
playoffs_only,era_adjusted_diff_plus_playoff_diff,LogisticRegression,"{'penalty': 'l1', 'C': 0.1, 'solver': 'liblinear', 'class_weight': 'balanced'}",18,2488,0.6274,0.6383,0.6936,0.6463,0.2258
playoffs_only,minimal_era_adjusted_diff,LogisticRegression,"{'penalty': 'l1', 'C': 10, 'solver': 'liblinear', 'class_weight': 'None'}",6,2488,0.6821,0.639,0.6911,0.6463,0.2259
playoffs_only,minimal_era_adjusted_diff,LogisticRegression,"{'penalty': 'l2', 'C': 1, 'solver': 'lbfgs', 'class_weight': 'None'}",6,2488,0.6821,0.6383,0.6912,0.6463,0.2258
playoffs_only,era_adjusted_plus_playoff_context,LogisticRegression,"{'penalty': 'l2', 'C': 0.01, 'solver': 'lbfgs', 'class_weight': 'None'}",54,2488,0.6865,0.6338,0.692,0.6463,0.2258
playoffs_only,minimal_era_adjusted_diff,LogisticRegression,"{'penalty': 'l2', 'C': 10, 'solver': 'lbfgs', 'class_weight': 'None'}",6,2488,0.6821,0.6386,0.6911,0.6463,0.2259
playoffs_only,minimal_era_adjusted_diff,LogisticRegression,"{'penalty': 'l2', 'C': 100, 'solver': 'lbfgs', 'class_weight': 'None'}",6,2488,0.6821,0.6386,0.6911,0.6463,0.2259
playoffs_only,era_neutral_record,RandomForest,"{'n_estimators': 300, 'max_depth': 8}",9,2488,0.7524,0.6449,0.6808,0.6475,0.2263
playoffs_only,era_adjusted_core,LogisticRegression,"{'penalty': 'l2', 'C': 0.01, 'solver': 'lbfgs', 'class_weight': 'None'}",42,2488,0.6829,0.6342,0.6914,0.6475,0.2261
playoffs_only,minimal_era_adjusted_diff,LogisticRegression,"{'penalty': 'l2', 'C': 0.001, 'solver': 'lbfgs', 'class_weight': 'None'}",6,2488,0.6624,0.606,0.6938,0.6479,0.2287
playoffs_only,era_adjusted_diff_only,RandomForest,"{'n_estimators': 300, 'max_depth': 8}",14,2488,0.7665,0.6331,0.6814,0.6487,0.2277
playoffs_only,era_adjusted_diff_plus_playoff_diff,LogisticRegression,"{'penalty': 'l2', 'C': 0.1, 'solver': 'lbfgs', 'class_weight': 'balanced'}",18,2488,0.631,0.6386,0.6923,0.6489,0.2266
playoffs_only,era_adjusted_plus_playoff_context,LogisticRegression,"{'penalty': 'l2', 'C': 0.01, 'solver': 'lbfgs', 'class_weight': 'balanced'}",54,2488,0.6302,0.6405,0.6923,0.649,0.2269
playoffs_only,era_adjusted_diff_only,LogisticRegression,"{'penalty': 'l2', 'C': 0.1, 'solver': 'lbfgs', 'class_weight': 'balanced'}",14,2488,0.6298,0.6397,0.6922,0.6492,0.2267
playoffs_only,era_adjusted_core,LogisticRegression,"{'penalty': 'l2', 'C': 0.01, 'solver': 'lbfgs', 'class_weight': 'balanced'}",42,2488,0.6286,0.6405,0.6915,0.6502,0.2273
playoffs_only,era_adjusted_diff_plus_playoff_diff,LogisticRegression,"{'penalty': 'l2', 'C': 0.1, 'solver': 'lbfgs', 'class_weight': 'None'}",18,2488,0.6825,0.6357,0.6923,0.6502,0.2268
playoffs_only,era_adjusted_diff_only,LogisticRegression,"{'penalty': 'l2', 'C': 0.1, 'solver': 'lbfgs', 'class_weight': 'None'}",14,2488,0.6849,0.6353,0.6921,0.651,0.227
playoffs_only,era_adjusted_diff_only,LogisticRegression,"{'penalty': 'l1', 'C': 1, 'solver': 'liblinear', 'class_weight': 'balanced'}",14,2488,0.6306,0.6394,0.6915,0.6511,0.2274
playoffs_only,era_adjusted_diff_plus_playoff_diff,LogisticRegression,"{'penalty': 'l1', 'C': 1, 'solver': 'liblinear', 'class_weight': 'balanced'}",18,2488,0.629,0.6386,0.6915,0.6512,0.2274
playoffs_only,era_adjusted_diff_only,LogisticRegression,"{'penalty': 'l2', 'C': 1, 'solver': 'lbfgs', 'class_weight': 'balanced'}",14,2488,0.6282,0.6386,0.6907,0.6518,0.2276
playoffs_only,era_adjusted_diff_plus_playoff_diff,LogisticRegression,"{'penalty': 'l2', 'C': 1, 'solver': 'lbfgs', 'class_weight': 'balanced'}",18,2488,0.6314,0.636,0.6909,0.652,0.2277
playoffs_only,era_adjusted_diff_plus_playoff_diff,LogisticRegression,"{'penalty': 'l1', 'C': 1, 'solver': 'liblinear', 'class_weight': 'None'}",18,2488,0.6841,0.6368,0.6915,0.6521,0.2274
playoffs_only,era_adjusted_diff_only,LogisticRegression,"{'penalty': 'l1', 'C': 10, 'solver': 'liblinear', 'class_weight': 'balanced'}",14,2488,0.6294,0.6375,0.6905,0.6523,0.2278
playoffs_only,era_adjusted_diff_plus_playoff_diff,LogisticRegression,"{'penalty': 'l1', 'C': 10, 'solver': 'liblinear', 'class_weight': 'balanced'}",18,2488,0.6302,0.636,0.6905,0.6524,0.2278
playoffs_only,era_adjusted_diff_only,LogisticRegression,"{'penalty': 'l2', 'C': 10, 'solver': 'lbfgs', 'class_weight': 'balanced'}",14,2488,0.6294,0.6375,0.6904,0.6524,0.2278
playoffs_only,era_adjusted_diff_only,LogisticRegression,"{'penalty': 'l2', 'C': 100, 'solver': 'lbfgs', 'class_weight': 'balanced'}",14,2488,0.6294,0.6375,0.6904,0.6525,0.2279
playoffs_only,era_adjusted_diff_plus_playoff_diff,LogisticRegression,"{'penalty': 'l2', 'C': 10, 'solver': 'lbfgs', 'class_weight': 'balanced'}",18,2488,0.6314,0.6371,0.6905,0.6525,0.2279
playoffs_only,era_adjusted_diff_plus_playoff_diff,RandomForest,"{'n_estimators': 300, 'max_depth': 8}",18,2488,0.8006,0.6327,0.6806,0.6527,0.2292
playoffs_only,era_adjusted_plus_playoff_context,LogisticRegression,"{'penalty': 'l1', 'C': 0.1, 'solver': 'liblinear', 'class_weight': 'balanced'}",54,2488,0.6314,0.6345,0.6923,0.6527,0.2283
playoffs_only,era_adjusted_diff_only,LogisticRegression,"{'penalty': 'l1', 'C': 1, 'solver': 'liblinear', 'class_weight': 'None'}",14,2488,0.6837,0.6345,0.6914,0.6527,0.2275
playoffs_only,era_adjusted_plus_playoff_context,LogisticRegression,"{'penalty': 'l2', 'C': 0.1, 'solver': 'lbfgs', 'class_weight': 'None'}",54,2488,0.6893,0.6357,0.6889,0.6527,0.2276
playoffs_only,era_adjusted_diff_plus_playoff_diff,LogisticRegression,"{'penalty': 'l2', 'C': 100, 'solver': 'lbfgs', 'class_weight': 'balanced'}",18,2488,0.6306,0.6371,0.6905,0.6527,0.2279
playoffs_only,era_adjusted_diff_plus_playoff_diff,LogisticRegression,"{'penalty': 'l2', 'C': 1, 'solver': 'lbfgs', 'class_weight': 'None'}",18,2488,0.6845,0.6342,0.6909,0.6532,0.2278
playoffs_only,era_adjusted_diff_only,LogisticRegression,"{'penalty': 'l2', 'C': 1, 'solver': 'lbfgs', 'class_weight': 'None'}",14,2488,0.6837,0.6349,0.6907,0.6537,0.2279
playoffs_only,era_adjusted_plus_playoff_context,LogisticRegression,"{'penalty': 'l1', 'C': 1, 'solver': 'liblinear', 'class_weight': 'None'}",54,2488,0.6877,0.6353,0.6884,0.6538,0.2279
playoffs_only,era_adjusted_diff_plus_playoff_diff,LogisticRegression,"{'penalty': 'l1', 'C': 10, 'solver': 'liblinear', 'class_weight': 'None'}",18,2488,0.6833,0.636,0.6905,0.6538,0.228
playoffs_only,era_adjusted_diff_plus_playoff_diff,LogisticRegression,"{'penalty': 'l2', 'C': 10, 'solver': 'lbfgs', 'class_weight': 'None'}",18,2488,0.6833,0.636,0.6904,0.6539,0.228
playoffs_only,era_adjusted_diff_plus_playoff_diff,LogisticRegression,"{'penalty': 'l2', 'C': 100, 'solver': 'lbfgs', 'class_weight': 'None'}",18,2488,0.6833,0.636,0.6904,0.654,0.228
playoffs_only,era_adjusted_core,LogisticRegression,"{'penalty': 'l1', 'C': 0.1, 'solver': 'liblinear', 'class_weight': 'balanced'}",42,2488,0.629,0.6342,0.6921,0.654,0.2287
playoffs_only,era_adjusted_diff_only,LogisticRegression,"{'penalty': 'l1', 'C': 10, 'solver': 'liblinear', 'class_weight': 'None'}",14,2488,0.6845,0.6349,0.6904,0.6542,0.2281
playoffs_only,era_adjusted_diff_only,LogisticRegression,"{'penalty': 'l2', 'C': 10, 'solver': 'lbfgs', 'class_weight': 'None'}",14,2488,0.6845,0.6345,0.6903,0.6543,0.2281
playoffs_only,era_adjusted_diff_only,LogisticRegression,"{'penalty': 'l2', 'C': 100, 'solver': 'lbfgs', 'class_weight': 'None'}",14,2488,0.6845,0.6349,0.6903,0.6544,0.2281
playoffs_only,era_adjusted_core,LogisticRegression,"{'penalty': 'l2', 'C': 0.1, 'solver': 'lbfgs', 'class_weight': 'None'}",42,2488,0.6877,0.6353,0.6881,0.656,0.2288
playoffs_only,era_adjusted_plus_playoff_context,LogisticRegression,"{'penalty': 'l2', 'C': 1, 'solver': 'lbfgs', 'class_weight': 'None'}",54,2488,0.6909,0.6327,0.6871,0.6565,0.2288
playoffs_only,era_adjusted_core,LogisticRegression,"{'penalty': 'l1', 'C': 1, 'solver': 'liblinear', 'class_weight': 'None'}",42,2488,0.6869,0.6353,0.6877,0.6568,0.229
playoffs_only,era_adjusted_plus_playoff_context,LogisticRegression,"{'penalty': 'l1', 'C': 10, 'solver': 'liblinear', 'class_weight': 'None'}",54,2488,0.6901,0.6331,0.687,0.6569,0.2289
playoffs_only,era_adjusted_core,LogisticRegression,"{'penalty': 'l2', 'C': 0.1, 'solver': 'lbfgs', 'class_weight': 'balanced'}",42,2488,0.631,0.6357,0.6886,0.657,0.2294
playoffs_only,era_adjusted_plus_playoff_context,LogisticRegression,"{'penalty': 'l2', 'C': 10, 'solver': 'lbfgs', 'class_weight': 'None'}",54,2488,0.6893,0.6334,0.6868,0.6573,0.229
playoffs_only,era_adjusted_plus_playoff_context,LogisticRegression,"{'penalty': 'l2', 'C': 100, 'solver': 'lbfgs', 'class_weight': 'None'}",54,2488,0.6889,0.6327,0.6867,0.6573,0.229
playoffs_only,era_adjusted_core,LogisticRegression,"{'penalty': 'l1', 'C': 1, 'solver': 'liblinear', 'class_weight': 'balanced'}",42,2488,0.6302,0.6349,0.6881,0.6586,0.2299
playoffs_only,minimal_era_adjusted_diff,RandomForest,"{'n_estimators': 300, 'max_depth': 8}",6,2488,0.7524,0.6179,0.6737,0.6594,0.2319
playoffs_only,era_adjusted_core,LogisticRegression,"{'penalty': 'l2', 'C': 1, 'solver': 'lbfgs', 'class_weight': 'balanced'}",42,2488,0.633,0.6323,0.6869,0.6595,0.2302
playoffs_only,era_adjusted_core,LogisticRegression,"{'penalty': 'l1', 'C': 10, 'solver': 'liblinear', 'class_weight': 'balanced'}",42,2488,0.6294,0.6319,0.6868,0.6598,0.2303
playoffs_only,era_adjusted_core,LogisticRegression,"{'penalty': 'l2', 'C': 100, 'solver': 'lbfgs', 'class_weight': 'balanced'}",42,2488,0.6306,0.6327,0.6864,0.66,0.2304
playoffs_only,era_adjusted_core,LogisticRegression,"{'penalty': 'l2', 'C': 10, 'solver': 'lbfgs', 'class_weight': 'balanced'}",42,2488,0.6318,0.6319,0.6865,0.66,0.2303
playoffs_only,era_adjusted_core,LogisticRegression,"{'penalty': 'l2', 'C': 1, 'solver': 'lbfgs', 'class_weight': 'None'}",42,2488,0.6869,0.6331,0.6863,0.6605,0.2302
playoffs_only,era_adjusted_core,LogisticRegression,"{'penalty': 'l1', 'C': 10, 'solver': 'liblinear', 'class_weight': 'None'}",42,2488,0.6873,0.6312,0.6861,0.6608,0.2304
playoffs_only,era_adjusted_plus_playoff_context,LogisticRegression,"{'penalty': 'l2', 'C': 0.1, 'solver': 'lbfgs', 'class_weight': 'balanced'}",54,2488,0.6266,0.6312,0.6893,0.6609,0.2308
playoffs_only,era_adjusted_core,LogisticRegression,"{'penalty': 'l2', 'C': 10, 'solver': 'lbfgs', 'class_weight': 'None'}",42,2488,0.6869,0.6323,0.6859,0.6611,0.2305
playoffs_only,era_adjusted_core,LogisticRegression,"{'penalty': 'l2', 'C': 100, 'solver': 'lbfgs', 'class_weight': 'None'}",42,2488,0.6869,0.6323,0.6859,0.6612,0.2305
playoffs_only,era_adjusted_plus_playoff_context,LogisticRegression,"{'penalty': 'l1', 'C': 1, 'solver': 'liblinear', 'class_weight': 'balanced'}",54,2488,0.6274,0.6319,0.6889,0.6629,0.2314
playoffs_only,era_adjusted_plus_playoff_context,LogisticRegression,"{'penalty': 'l2', 'C': 1, 'solver': 'lbfgs', 'class_weight': 'balanced'}",54,2488,0.6286,0.6297,0.6877,0.665,0.2321
playoffs_only,era_adjusted_plus_playoff_context,LogisticRegression,"{'penalty': 'l1', 'C': 10, 'solver': 'liblinear', 'class_weight': 'balanced'}",54,2488,0.6278,0.6301,0.6876,0.6653,0.2322
playoffs_only,era_adjusted_plus_playoff_context,LogisticRegression,"{'penalty': 'l2', 'C': 100, 'solver': 'lbfgs', 'class_weight': 'balanced'}",54,2488,0.629,0.6286,0.6874,0.6655,0.2322
playoffs_only,era_adjusted_plus_playoff_context,LogisticRegression,"{'penalty': 'l2', 'C': 10, 'solver': 'lbfgs', 'class_weight': 'balanced'}",54,2488,0.629,0.6286,0.6874,0.6655,0.2322
playoffs_only,era_neutral_record,LogisticRegression,"{'penalty': 'l1', 'C': 0.001, 'solver': 'liblinear', 'class_weight': 'balanced'}",9,2488,0.3457,0.4403,0.5,0.6931,0.25
playoffs_only,era_neutral_record,LogisticRegression,"{'penalty': 'l1', 'C': 0.001, 'solver': 'liblinear', 'class_weight': 'None'}",9,2488,0.3457,0.4403,0.5,0.6931,0.25
playoffs_only,era_adjusted_diff_only,LogisticRegression,"{'penalty': 'l1', 'C': 0.001, 'solver': 'liblinear', 'class_weight': 'balanced'}",14,2488,0.3457,0.4403,0.5,0.6931,0.25
playoffs_only,minimal_era_adjusted_diff,LogisticRegression,"{'penalty': 'l1', 'C': 0.001, 'solver': 'liblinear', 'class_weight': 'balanced'}",6,2488,0.3457,0.4403,0.5,0.6931,0.25
playoffs_only,minimal_era_adjusted_diff,LogisticRegression,"{'penalty': 'l1', 'C': 0.001, 'solver': 'liblinear', 'class_weight': 'None'}",6,2488,0.3457,0.4403,0.5,0.6931,0.25
playoffs_only,era_adjusted_core,LogisticRegression,"{'penalty': 'l1', 'C': 0.001, 'solver': 'liblinear', 'class_weight': 'None'}",42,2488,0.3457,0.4403,0.5,0.6931,0.25
playoffs_only,era_adjusted_diff_plus_playoff_diff,LogisticRegression,"{'penalty': 'l1', 'C': 0.001, 'solver': 'liblinear', 'class_weight': 'None'}",18,2488,0.3457,0.4403,0.5,0.6931,0.25
playoffs_only,era_adjusted_core,LogisticRegression,"{'penalty': 'l1', 'C': 0.001, 'solver': 'liblinear', 'class_weight': 'balanced'}",42,2488,0.3457,0.4403,0.5,0.6931,0.25
playoffs_only,era_adjusted_diff_plus_playoff_diff,LogisticRegression,"{'penalty': 'l1', 'C': 0.001, 'solver': 'liblinear', 'class_weight': 'balanced'}",18,2488,0.3457,0.4403,0.5,0.6931,0.25
playoffs_only,era_adjusted_diff_only,LogisticRegression,"{'penalty': 'l1', 'C': 0.001, 'solver': 'liblinear', 'class_weight': 'None'}",14,2488,0.3457,0.4403,0.5,0.6931,0.25
playoffs_only,era_adjusted_plus_playoff_context,LogisticRegression,"{'penalty': 'l1', 'C': 0.001, 'solver': 'liblinear', 'class_weight': 'balanced'}",54,2488,0.3457,0.4403,0.5,0.6931,0.25
playoffs_only,era_adjusted_plus_playoff_context,LogisticRegression,"{'penalty': 'l1', 'C': 0.001, 'solver': 'liblinear', 'class_weight': 'None'}",54,2488,0.3457,0.4403,0.5,0.6931,0.25
playoffs_only,era_neutral_record,HistGradientBoosting,"{'max_iter': 300, 'learning_rate': 0.05}",9,2488,0.7918,0.6379,0.6783,0.7714,0.2538
playoffs_only,minimal_era_adjusted_diff,HistGradientBoosting,"{'max_iter': 300, 'learning_rate': 0.05}",6,2488,0.7942,0.6168,0.6586,0.7968,0.2557
playoffs_only,era_adjusted_diff_plus_playoff_diff,HistGradientBoosting,"{'max_iter': 300, 'learning_rate': 0.05}",18,2488,0.9618,0.6253,0.6736,0.7991,0.2572
playoffs_only,era_adjusted_diff_only,HistGradientBoosting,"{'max_iter': 300, 'learning_rate': 0.05}",14,2488,0.7942,0.6201,0.6705,0.8129,0.2564
playoffs_only,era_adjusted_plus_playoff_context,HistGradientBoosting,"{'max_iter': 300, 'learning_rate': 0.05}",54,2488,0.9936,0.6349,0.6757,0.8215,0.26
playoffs_only,era_adjusted_core,HistGradientBoosting,"{'max_iter': 300, 'learning_rate': 0.05}",42,2488,0.7942,0.6416,0.6851,0.8298,0.2564
